job_id,prompt_idx,config,psnr,ssim,mse,lpips
000000000000,0,improved_fp16_cache,46.479923248291016,0.9978625178337097,2.2490925402962603e-05,0.0007333190296776593
000000000000,0,improved_fp8_cache,3.9975709915161133,0.0013918618205934763,0.39832988381385803,1.0870561599731445
000000000000,0,improved_fp4_cache,20.278606414794922,0.6775821447372437,0.009378627873957157,0.16781526803970337
000000000000,1,improved_fp16_cache,46.037818908691406,0.9969736933708191,2.4901060896809213e-05,0.00085692253196612
000000000000,1,improved_fp8_cache,4.390974044799805,0.0022333194501698017,0.3638334274291992,1.0836188793182373
000000000000,1,improved_fp4_cache,20.473819732666016,0.6930219531059265,0.008966396562755108,0.165533185005188
000000000000,2,improved_fp16_cache,40.5366096496582,0.9955170154571533,8.837696077534929e-05,0.0018871752545237541
000000000000,2,improved_fp8_cache,3.172800064086914,0.0007591234752908349,0.4816371500492096,1.0918049812316895
000000000000,2,improved_fp4_cache,20.466529846191406,0.7238739728927612,0.008981459774076939,0.15086543560028076
000000000001,0,improved_fp16_cache,45.316219329833984,0.9972421526908875,2.94020810542861e-05,0.0009215004974976182
000000000001,0,improved_fp8_cache,4.357933521270752,0.0012169600231572986,0.36661195755004883,1.0652284622192383
000000000001,0,improved_fp4_cache,19.801694869995117,0.7588305473327637,0.010467197746038437,0.1653076857328415
000000000001,1,improved_fp16_cache,45.19028091430664,0.9969801902770996,3.0267159672803245e-05,0.0016347944037988782
000000000001,1,improved_fp8_cache,5.524105072021484,0.0029007182456552982,0.2802782952785492,1.0350658893585205
000000000001,1,improved_fp4_cache,20.32917022705078,0.7443668246269226,0.00927006732672453,0.17585214972496033
000000000001,2,improved_fp16_cache,49.12517547607422,0.9978412389755249,1.2231573236931581e-05,0.0005676975706592202
000000000001,2,improved_fp8_cache,4.6744537353515625,0.0013960510259494185,0.34084320068359375,1.0672879219055176
000000000001,2,improved_fp4_cache,20.369173049926758,0.7367252111434937,0.009185072965919971,0.17788012325763702
000000000002,0,improved_fp16_cache,48.584110260009766,0.9978730082511902,1.3854445569450036e-05,0.0005230929236859083
000000000002,0,improved_fp8_cache,5.599347114562988,0.001763495383784175,0.27546426653862,0.9524891972541809
000000000002,0,improved_fp4_cache,19.834983825683594,0.79613196849823,0.01038727443665266,0.1563837081193924
000000000002,1,improved_fp16_cache,51.84263229370117,0.9985522031784058,6.542389655805891e-06,0.00032422211370430887
000000000002,1,improved_fp8_cache,7.386895179748535,0.004081452265381813,0.18251998722553253,0.9083530902862549
000000000002,1,improved_fp4_cache,22.420194625854492,0.8305577635765076,0.005727702286094427,0.14193224906921387
000000000002,2,improved_fp16_cache,50.33680725097656,0.9982393980026245,9.25377298699459e-06,0.0003662722883746028
000000000002,2,improved_fp8_cache,4.955628395080566,0.0014654113911092281,0.3194752037525177,0.9787681698799133
000000000002,2,improved_fp4_cache,21.12358856201172,0.8192323446273804,0.00772041967138648,0.14195144176483154
000000000003,0,improved_fp16_cache,49.38657760620117,0.9980839490890503,1.1517073289724067e-05,0.0006271443562582135
000000000003,0,improved_fp8_cache,5.986290454864502,0.0173304695636034,0.25198280811309814,1.025631308555603
000000000003,0,improved_fp4_cache,21.86767578125,0.7532333135604858,0.006504774559289217,0.15713220834732056
000000000003,1,improved_fp16_cache,42.42393493652344,0.9958525896072388,5.722771675209515e-05,0.0028491555713117123
000000000003,1,improved_fp8_cache,7.623386859893799,0.022003192454576492,0.17284677922725677,1.0156934261322021
000000000003,1,improved_fp4_cache,22.792631149291992,0.7636477947235107,0.005256986245512962,0.1603401005268097
000000000003,2,improved_fp16_cache,49.560001373291016,0.9980564117431641,1.1066229490097612e-05,0.0006322938133962452
000000000003,2,improved_fp8_cache,5.125064373016357,0.014965025708079338,0.3072511851787567,1.070871353149414
000000000003,2,improved_fp4_cache,21.0969295501709,0.7663480639457703,0.007767959963530302,0.1523854285478592
000000000004,0,improved_fp16_cache,48.436973571777344,0.9970473051071167,1.4331863894767594e-05,0.001142226974479854
000000000004,0,improved_fp8_cache,5.084433555603027,0.0009781334083527327,0.31013917922973633,1.0616276264190674
000000000004,0,improved_fp4_cache,21.871952056884766,0.8030575513839722,0.00649837264791131,0.15581311285495758
000000000004,1,improved_fp16_cache,49.9615478515625,0.9974679350852966,1.0088929229823407e-05,0.0007159957312978804
000000000004,1,improved_fp8_cache,7.027021408081055,0.002032519318163395,0.19828863441944122,1.004284143447876
000000000004,1,improved_fp4_cache,23.01049041748047,0.828899621963501,0.004999781493097544,0.14650578796863556
000000000004,2,improved_fp16_cache,49.892234802246094,0.9975770711898804,1.0251234925817698e-05,0.0012108832597732544
000000000004,2,improved_fp8_cache,4.813704013824463,0.0007459420594386756,0.3300878703594208,1.0785937309265137
000000000004,2,improved_fp4_cache,22.03755760192871,0.8310103416442871,0.006255240645259619,0.14369574189186096
000000000005,0,improved_fp16_cache,53.023765563964844,0.997999906539917,4.984518000128446e-06,0.0006512375548481941
000000000005,0,improved_fp8_cache,1.6915332078933716,0.00016048610268626362,0.6774023175239563,1.0925066471099854
000000000005,0,improved_fp4_cache,24.170297622680664,0.8867764472961426,0.003827984444797039,0.11316454410552979
000000000005,1,improved_fp16_cache,51.23139953613281,0.9974624514579773,7.531130449933698e-06,0.0006056728307157755
000000000005,1,improved_fp8_cache,2.4812018871307373,0.00024495128309354186,0.5647806525230408,1.0820956230163574
000000000005,1,improved_fp4_cache,25.035476684570312,0.8786243200302124,0.00313655030913651,0.11614903807640076
000000000005,2,improved_fp16_cache,50.347137451171875,0.9977723360061646,9.231792319042142e-06,0.0007707124459557235
000000000005,2,improved_fp8_cache,1.6855137348175049,0.000141380078275688,0.6783418655395508,1.0965094566345215
000000000005,2,improved_fp4_cache,24.65727424621582,0.8810513019561768,0.003421940840780735,0.1143990084528923
000000000006,0,improved_fp16_cache,53.18111801147461,0.9979699850082397,4.807154255104251e-06,0.0004040396888740361
000000000006,0,improved_fp8_cache,4.399264335632324,0.025222297757864,0.3631395399570465,1.032202124595642
000000000006,0,improved_fp4_cache,23.673206329345703,0.8947476148605347,0.004292194731533527,0.07966842502355576
000000000006,1,improved_fp16_cache,53.190704345703125,0.9981023669242859,4.79655545859714e-06,0.0003384982410352677
000000000006,1,improved_fp8_cache,5.410872459411621,0.034733470529317856,0.28768205642700195,1.0153272151947021
000000000006,1,improved_fp4_cache,23.438661575317383,0.8882253170013428,0.0045303707011044025,0.09537695348262787
000000000006,2,improved_fp16_cache,53.14359664916992,0.9982951879501343,4.84886504636961e-06,0.00030008985777385533
000000000006,2,improved_fp8_cache,4.469507694244385,0.015371197834610939,0.3573133051395416,1.0389598608016968
000000000006,2,improved_fp4_cache,23.671667098999023,0.8826650977134705,0.0042937155812978745,0.09481481462717056
000000000007,0,improved_fp16_cache,50.246421813964844,0.9982221126556396,9.448383934795856e-06,0.0004921489744447172
000000000007,0,improved_fp8_cache,6.308532238006592,0.0009644415113143623,0.2339627742767334,1.0659716129302979
000000000007,0,improved_fp4_cache,19.126846313476562,0.6812216639518738,0.012226867489516735,0.15953697264194489
000000000007,1,improved_fp16_cache,49.93590545654297,0.9978196620941162,1.0148669389309362e-05,0.0005671747494488955
000000000007,1,improved_fp8_cache,8.853398323059082,0.0036791348829865456,0.13021473586559296,0.9698449373245239
000000000007,1,improved_fp4_cache,22.476240158081055,0.7482789754867554,0.005654260516166687,0.12217060476541519
000000000007,2,improved_fp16_cache,48.1802864074707,0.9973921775817871,1.5204465853457805e-05,0.0009222915396094322
000000000007,2,improved_fp8_cache,6.569969177246094,0.0008662594482302666,0.22029419243335724,1.0619635581970215
000000000007,2,improved_fp4_cache,20.26138687133789,0.7288088202476501,0.009415884502232075,0.13372358679771423
000000000008,0,improved_fp16_cache,50.3195915222168,0.9981588125228882,9.290535672334954e-06,0.0007613369380123913
000000000008,0,improved_fp8_cache,7.516036033630371,0.0014159828424453735,0.17717252671718597,0.9601573944091797
000000000008,0,improved_fp4_cache,22.184946060180664,0.8225716948509216,0.0060465154238045216,0.147877037525177
000000000008,1,improved_fp16_cache,49.91704559326172,0.9980007410049438,1.0192845365963876e-05,0.0007566350977867842
000000000008,1,improved_fp8_cache,8.68853759765625,0.0029317978769540787,0.13525275886058807,0.9342464804649353
000000000008,1,improved_fp4_cache,23.005910873413086,0.8337497115135193,0.005005054175853729,0.11924013495445251
000000000008,2,improved_fp16_cache,48.63031768798828,0.998021125793457,1.3707802281714976e-05,0.0006388335023075342
000000000008,2,improved_fp8_cache,5.655055522918701,0.0011968734906986356,0.2719533443450928,0.9964839816093445
000000000008,2,improved_fp4_cache,21.3470516204834,0.8370587229728699,0.007333220914006233,0.13950254023075104
000000000009,0,improved_fp16_cache,53.85224914550781,0.9982132315635681,4.118836386624025e-06,0.0002359508362133056
000000000009,0,improved_fp8_cache,1.663877248764038,0.00015890276699792594,0.681729793548584,0.9841206073760986
000000000009,0,improved_fp4_cache,26.058164596557617,0.8989638090133667,0.0024784691631793976,0.07241041213274002
000000000009,1,improved_fp16_cache,52.55967712402344,0.998050332069397,5.546666670852574e-06,0.00033121707383543253
000000000009,1,improved_fp8_cache,1.7341958284378052,0.00018394440121483058,0.6707804799079895,0.9527078866958618
000000000009,1,improved_fp4_cache,26.196727752685547,0.9256371855735779,0.002400641329586506,0.07061782479286194
000000000009,2,improved_fp16_cache,54.72579574584961,0.9985122084617615,3.3683734272926813e-06,0.00020023675460834056
000000000009,2,improved_fp8_cache,1.032047986984253,0.00015322433318942785,0.7884882092475891,0.9579195976257324
000000000009,2,improved_fp4_cache,24.671358108520508,0.9181073904037476,0.003410862060263753,0.0704379603266716
000000000010,0,improved_fp16_cache,50.088871002197266,0.9981681108474731,9.797440725378692e-06,0.0005915788933634758
000000000010,0,improved_fp8_cache,2.5949931144714355,0.00253400020301342,0.5501747727394104,1.0038000345230103
000000000010,0,improved_fp4_cache,22.496179580688477,0.8475071787834167,0.005628362763673067,0.1134234070777893
000000000010,1,improved_fp16_cache,45.26671600341797,0.9975799322128296,2.9739114324911498e-05,0.0011544106528162956
000000000010,1,improved_fp8_cache,3.4924886226654053,0.004223528318107128,0.44745680689811707,0.9938417673110962
000000000010,1,improved_fp4_cache,23.703771591186523,0.8595439791679382,0.004262091591954231,0.11781090497970581
000000000010,2,improved_fp16_cache,50.19830322265625,0.9983998537063599,9.553648851579055e-06,0.0004582299152389169
000000000010,2,improved_fp8_cache,2.4892959594726562,0.003987608477473259,0.5637289881706238,1.0067675113677979
000000000010,2,improved_fp4_cache,22.002771377563477,0.8532857894897461,0.0063055455684661865,0.12373817712068558
000000000011,0,improved_fp16_cache,50.610267639160156,0.9976655840873718,8.689062269695569e-06,0.0006170725682750344
000000000011,0,improved_fp8_cache,4.40764045715332,0.0013261687709018588,0.3624398410320282,0.9274064302444458
000000000011,0,improved_fp4_cache,22.214540481567383,0.8301478624343872,0.006005454808473587,0.1322655975818634
000000000011,1,improved_fp16_cache,47.765071868896484,0.9966740608215332,1.6729876733734272e-05,0.0011691071558743715
000000000011,1,improved_fp8_cache,5.877357006072998,0.0032577086240053177,0.258383184671402,0.9051730036735535
000000000011,1,improved_fp4_cache,24.11025619506836,0.8594616651535034,0.003881273092702031,0.1204032227396965
000000000011,2,improved_fp16_cache,47.44624710083008,0.9971005320549011,1.8004238881985657e-05,0.0008299287874251604
000000000011,2,improved_fp8_cache,3.3534884452819824,0.0015271035954356194,0.4620097577571869,0.9507207870483398
000000000011,2,improved_fp4_cache,23.04537010192871,0.8472322225570679,0.004959786310791969,0.10025066882371902
000000000012,0,improved_fp16_cache,40.384056091308594,0.9963644742965698,9.153650171356276e-05,0.0025339704006910324
000000000012,0,improved_fp8_cache,4.264000415802002,0.06882700324058533,0.3746277391910553,1.0682379007339478
000000000012,0,improved_fp4_cache,18.094532012939453,0.6543582677841187,0.015507680363953114,0.15024374425411224
000000000012,1,improved_fp16_cache,42.8681640625,0.9970569610595703,5.166347182239406e-05,0.0010080353822559118
000000000012,1,improved_fp8_cache,4.871420383453369,0.09187193959951401,0.3257301151752472,1.065185308456421
000000000012,1,improved_fp4_cache,19.053972244262695,0.6831518411636353,0.012433767318725586,0.13285842537879944
000000000012,2,improved_fp16_cache,41.054962158203125,0.9964932203292847,7.843385537853464e-05,0.0017987105529755354
000000000012,2,improved_fp8_cache,4.424042701721191,0.06018100678920746,0.3610735833644867,1.0759854316711426
000000000012,2,improved_fp4_cache,18.567214965820312,0.6705619692802429,0.013908439315855503,0.13582856953144073
000000000013,0,improved_fp16_cache,50.62228012084961,0.998487651348114,8.665067980473395e-06,0.0002056293305940926
000000000013,0,improved_fp8_cache,1.5896365642547607,0.0035978611558675766,0.693483829498291,1.007933259010315
000000000013,0,improved_fp4_cache,21.32158088684082,0.8587203025817871,0.007376355584710836,0.09778201580047607
000000000013,1,improved_fp16_cache,47.049278259277344,0.9982519149780273,1.9727503968169913e-05,0.0006399539415724576
000000000013,1,improved_fp8_cache,1.7845758199691772,0.0033652945421636105,0.6630440950393677,1.0069388151168823
000000000013,1,improved_fp4_cache,24.01890754699707,0.8903626203536987,0.003963776398450136,0.06609028577804565
000000000013,2,improved_fp16_cache,50.91900634765625,0.9986622333526611,8.092810276139062e-06,0.00023618200793862343
000000000013,2,improved_fp8_cache,1.4160661697387695,0.002330937422811985,0.7217609286308289,1.0083667039871216
000000000013,2,improved_fp4_cache,23.05570411682129,0.884589433670044,0.0049479990266263485,0.07261037081480026
000000000014,0,improved_fp16_cache,50.00006103515625,0.9976739883422852,9.99985513772117e-06,0.0005997350672259927
000000000014,0,improved_fp8_cache,5.4404296875,0.011660870164632797,0.2857307493686676,0.891360342502594
000000000014,0,improved_fp4_cache,23.36106300354004,0.8477508425712585,0.004612045828253031,0.08472442626953125
000000000014,1,improved_fp16_cache,51.011390686035156,0.9980403780937195,7.922466465970501e-06,0.000536297564394772
000000000014,1,improved_fp8_cache,7.60952091217041,0.020033743232488632,0.17339952290058136,0.8272241353988647
000000000014,1,improved_fp4_cache,25.903949737548828,0.8397558927536011,0.002568057971075177,0.077923983335495
000000000014,2,improved_fp16_cache,46.03181076049805,0.997730016708374,2.4935536202974617e-05,0.0006106694927439094
000000000014,2,improved_fp8_cache,5.447361946105957,0.012838570401072502,0.28527501225471497,0.8775262236595154
000000000014,2,improved_fp4_cache,22.80219841003418,0.8476247787475586,0.0052454168908298016,0.08180010318756104
000000000015,0,improved_fp16_cache,45.7135009765625,0.9978022575378418,2.6831809009308927e-05,0.0005396741325967014
000000000015,0,improved_fp8_cache,1.653507947921753,0.0001442069187760353,0.6833594441413879,1.079086422920227
000000000015,0,improved_fp4_cache,22.19717788696289,0.839324951171875,0.006029511336237192,0.13627807796001434
000000000015,1,improved_fp16_cache,46.59085464477539,0.9980050325393677,2.1923711756244302e-05,0.0007487225811928511
000000000015,1,improved_fp8_cache,1.9232263565063477,0.00020968413446098566,0.6422104239463806,1.070413589477539
000000000015,1,improved_fp4_cache,23.659666061401367,0.8687118887901306,0.004305595066398382,0.12681864202022552
000000000015,2,improved_fp16_cache,48.28379821777344,0.9980510473251343,1.4846354133624118e-05,0.0007756894920021296
000000000015,2,improved_fp8_cache,1.3818110227584839,0.00012373854406177998,0.7274763584136963,1.088569164276123
000000000015,2,improved_fp4_cache,22.5668888092041,0.8681735992431641,0.005537465214729309,0.11308471113443375
000000000016,0,improved_fp16_cache,44.864051818847656,0.9977583885192871,3.262830796302296e-05,0.0006848413031548262
000000000016,0,improved_fp8_cache,4.108497142791748,0.0024384264834225178,0.38828471302986145,1.073070764541626
000000000016,0,improved_fp4_cache,19.607328414916992,0.798514723777771,0.010946293361485004,0.16417835652828217
000000000016,1,improved_fp16_cache,49.05653762817383,0.9983401298522949,1.2426418834365904e-05,0.00042258284520357847
000000000016,1,improved_fp8_cache,5.672848701477051,0.006779332645237446,0.27084144949913025,1.0210732221603394
000000000016,1,improved_fp4_cache,22.295581817626953,0.8263537287712097,0.005894430447369814,0.13111743330955505
000000000016,2,improved_fp16_cache,48.974647521972656,0.9982942938804626,1.2662957487918902e-05,0.0004495862522162497
000000000016,2,improved_fp8_cache,4.064241409301758,0.0017750021070241928,0.3922616243362427,1.0645731687545776
000000000016,2,improved_fp4_cache,20.470176696777344,0.8185919523239136,0.008973917923867702,0.12362131476402283
000000000017,0,improved_fp16_cache,51.5374755859375,0.9978504180908203,7.018632459221408e-06,0.000748749531339854
000000000017,0,improved_fp8_cache,5.881152153015137,0.0008812855812720954,0.25815752148628235,1.023726463317871
000000000017,0,improved_fp4_cache,19.42854881286621,0.7513405680656433,0.011406307108700275,0.2491309940814972
000000000017,1,improved_fp16_cache,47.90359878540039,0.9968355894088745,1.620466537133325e-05,0.0008926255395635962
000000000017,1,improved_fp8_cache,11.67341136932373,0.014932672493159771,0.06802346557378769,0.7122922539710999
000000000017,1,improved_fp4_cache,22.114336013793945,0.7589659690856934,0.006145628169178963,0.11464427411556244
000000000017,2,improved_fp16_cache,49.8591194152832,0.998685359954834,1.0329709766665474e-05,0.00046596553875133395
000000000017,2,improved_fp8_cache,7.092185020446777,0.002749813487753272,0.19533564150333405,1.0472475290298462
000000000017,2,improved_fp4_cache,18.233232498168945,0.751453161239624,0.015020236372947693,0.14928382635116577
000000000018,0,improved_fp16_cache,49.77821731567383,0.9983312487602234,1.0523930541239679e-05,0.00031536640017293394
000000000018,0,improved_fp8_cache,4.826591491699219,0.0015433523803949356,0.3291098177433014,0.986173152923584
000000000018,0,improved_fp4_cache,19.599210739135742,0.7872766256332397,0.010966773144900799,0.1546003669500351
000000000018,1,improved_fp16_cache,49.152366638183594,0.9976550340652466,1.2155230251664761e-05,0.0005203346372582018
000000000018,1,improved_fp8_cache,7.769972801208496,0.01267393957823515,0.16711010038852692,0.9267858266830444
000000000018,1,improved_fp4_cache,22.69721031188965,0.8046974539756775,0.005373768508434296,0.13331060111522675
000000000018,2,improved_fp16_cache,42.07602310180664,0.995658814907074,6.200079951668158e-05,0.001273143570870161
000000000018,2,improved_fp8_cache,4.744242191314697,0.0037217072676867247,0.3354097902774811,1.000402808189392
000000000018,2,improved_fp4_cache,21.351558685302734,0.8067397475242615,0.007325612008571625,0.12149745970964432
000000000019,0,improved_fp16_cache,50.966392517089844,0.9987642168998718,8.004989467735868e-06,0.00046657922212034464
000000000019,0,improved_fp8_cache,6.500904083251953,0.017087066546082497,0.22382551431655884,1.0117127895355225
000000000019,0,improved_fp4_cache,20.73697280883789,0.750035285949707,0.008439227938652039,0.1473127007484436
000000000019,1,improved_fp16_cache,46.343605041503906,0.9980146884918213,2.3208085622172803e-05,0.0009598692995496094
000000000019,1,improved_fp8_cache,7.715506076812744,0.023524021729826927,0.16921909153461456,0.9947413802146912
000000000019,1,improved_fp4_cache,20.963438034057617,0.7201613783836365,0.008010434918105602,0.16704007983207703
000000000019,2,improved_fp16_cache,48.85589599609375,0.9987889528274536,1.3013988791499287e-05,0.0005229858797974885
000000000019,2,improved_fp8_cache,5.770510196685791,0.01732787862420082,0.26481887698173523,1.0389633178710938
000000000019,2,improved_fp4_cache,19.54025650024414,0.7241286039352417,0.011116656474769115,0.17227043211460114
000000000020,0,improved_fp16_cache,48.68926239013672,0.9978351593017578,1.3523007510229945e-05,0.00042675386066548526
000000000020,0,improved_fp8_cache,6.466251373291016,0.0021552196703851223,0.22561855614185333,0.9891220331192017
000000000020,0,improved_fp4_cache,20.038572311401367,0.7834813594818115,0.00991157814860344,0.12174725532531738
000000000020,1,improved_fp16_cache,49.06248092651367,0.9972777366638184,1.240942674485268e-05,0.0005450244061648846
000000000020,1,improved_fp8_cache,8.953309059143066,0.003041893942281604,0.12725329399108887,0.9056248664855957
000000000020,1,improved_fp4_cache,22.214651107788086,0.8059388399124146,0.006005300674587488,0.10982679575681686
000000000020,2,improved_fp16_cache,49.81132888793945,0.9977516531944275,1.0444008694321383e-05,0.00045546144247055054
000000000020,2,improved_fp8_cache,5.556295871734619,0.0007487018592655659,0.27820849418640137,0.999952495098114
000000000020,2,improved_fp4_cache,19.632970809936523,0.8100013732910156,0.010881848633289337,0.11401717364788055
000000000021,0,improved_fp16_cache,50.44818115234375,0.9984657764434814,9.019483513839077e-06,0.0002910377224907279
000000000021,0,improved_fp8_cache,8.468339920043945,0.00425186101347208,0.1422872394323349,1.017258644104004
000000000021,0,improved_fp4_cache,20.61248016357422,0.7760094404220581,0.008684641681611538,0.1061960756778717
000000000021,1,improved_fp16_cache,52.11540603637695,0.9984925985336304,6.144111921457807e-06,0.00021596271835733205
000000000021,1,improved_fp8_cache,8.913756370544434,0.03091728314757347,0.12841753661632538,0.9832156896591187
000000000021,1,improved_fp4_cache,22.00338363647461,0.8032616972923279,0.006304660812020302,0.10685721784830093
000000000021,2,improved_fp16_cache,46.968685150146484,0.998184859752655,2.0097017113585025e-05,0.00041032384615391493
000000000021,2,improved_fp8_cache,6.69783353805542,0.020424501970410347,0.21390287578105927,1.0452555418014526
000000000021,2,improved_fp4_cache,19.79875946044922,0.7832510471343994,0.010474272072315216,0.10717203468084335
000000000022,0,improved_fp16_cache,45.2386589050293,0.9982069730758667,2.9931865356047638e-05,0.00043598434422165155
000000000022,0,improved_fp8_cache,3.7748568058013916,0.016409290954470634,0.41928979754447937,1.0654733180999756
000000000022,0,improved_fp4_cache,16.587066650390625,0.6651211380958557,0.021942859515547752,0.18508374691009521
000000000022,1,improved_fp16_cache,44.62344741821289,0.9975904226303101,3.448695861152373e-05,0.0007052122382447124
000000000022,1,improved_fp8_cache,4.878429889678955,0.019398635253310204,0.3252048194408417,1.0562530755996704
000000000022,1,improved_fp4_cache,17.624788284301758,0.6751553416252136,0.01727910153567791,0.1710614562034607
000000000022,2,improved_fp16_cache,46.053466796875,0.9981212019920349,2.481150113453623e-05,0.00044362887274473906
000000000022,2,improved_fp8_cache,3.55761456489563,0.016790583729743958,0.4407968819141388,1.0790550708770752
000000000022,2,improved_fp4_cache,16.939725875854492,0.680545449256897,0.020231464877724648,0.19956737756729126
000000000023,0,improved_fp16_cache,50.36903762817383,0.998452365398407,9.18534988159081e-06,0.0005153990350663662
000000000023,0,improved_fp8_cache,7.1071858406066895,0.0019284238805994391,0.19466209411621094,1.0366154909133911
000000000023,0,improved_fp4_cache,18.66045379638672,0.6206545829772949,0.013613020069897175,0.16981028020381927
000000000023,1,improved_fp16_cache,49.1187858581543,0.9976179003715515,1.224958396051079e-05,0.0007006584201008081
000000000023,1,improved_fp8_cache,8.29237174987793,0.004728579893708229,0.14817087352275848,0.9803130626678467
000000000023,1,improved_fp4_cache,21.579957962036133,0.6797055006027222,0.006950309034436941,0.12743374705314636
000000000023,2,improved_fp16_cache,47.15715408325195,0.9971203804016113,1.9243518181610852e-05,0.0010816747089847922
000000000023,2,improved_fp8_cache,6.677906513214111,0.0009797656675800681,0.2148865908384323,1.0428584814071655
000000000023,2,improved_fp4_cache,19.254749298095703,0.6780076026916504,0.011872030794620514,0.16332101821899414
000000000024,0,improved_fp16_cache,48.9237174987793,0.9978283643722534,1.2812338354706299e-05,0.0007433341816067696
000000000024,0,improved_fp8_cache,7.500009536743164,0.001892588916234672,0.17782753705978394,1.096251368522644
000000000024,0,improved_fp4_cache,19.04424476623535,0.595710277557373,0.012461650185286999,0.23675639927387238
000000000024,1,improved_fp16_cache,49.540184020996094,0.9969726800918579,1.1116838322777767e-05,0.0009711867314763367
000000000024,1,improved_fp8_cache,7.890452861785889,0.0015857727266848087,0.16253791749477386,1.0355181694030762
000000000024,1,improved_fp4_cache,21.068559646606445,0.6830646395683289,0.007818869315087795,0.18640923500061035
000000000024,2,improved_fp16_cache,46.253257751464844,0.9964379072189331,2.3695945856161416e-05,0.0012079665903002024
000000000024,2,improved_fp8_cache,5.82534646987915,0.0005377272609621286,0.2614961564540863,1.1224913597106934
000000000024,2,improved_fp4_cache,19.079326629638672,0.6536970138549805,0.012361385859549046,0.21701017022132874
000000000025,0,improved_fp16_cache,49.27577590942383,0.9976799488067627,1.1814679055532906e-05,0.0005868125008419156
000000000025,0,improved_fp8_cache,4.107109546661377,0.0004125561681576073,0.38840875029563904,1.085102915763855
000000000025,0,improved_fp4_cache,21.409704208374023,0.818597674369812,0.007228190079331398,0.14947661757469177
000000000025,1,improved_fp16_cache,50.11865997314453,0.9981984496116638,9.730465535540134e-06,0.0004053433076478541
000000000025,1,improved_fp8_cache,5.0528154373168945,0.0008052728953771293,0.3124053180217743,1.0531258583068848
000000000025,1,improved_fp4_cache,24.382152557373047,0.8533536195755005,0.003645731136202812,0.11135587096214294
000000000025,2,improved_fp16_cache,51.54932403564453,0.9985839128494263,6.999507604632527e-06,0.00029978386010043323
000000000025,2,improved_fp8_cache,3.6049418449401855,0.00047324650222435594,0.4360193908214569,1.0760613679885864
000000000025,2,improved_fp4_cache,22.8817195892334,0.8458695411682129,0.005150245502591133,0.10794401168823242
000000000026,0,improved_fp16_cache,52.18946075439453,0.9981940984725952,6.040236257831566e-06,0.0004350007511675358
000000000026,0,improved_fp8_cache,7.368267059326172,0.0009620159398764372,0.1833045482635498,1.0329817533493042
000000000026,0,improved_fp4_cache,20.721046447753906,0.8249582052230835,0.008470234461128712,0.20279555022716522
000000000026,1,improved_fp16_cache,52.72929000854492,0.9982800483703613,5.3342209866968915e-06,0.00037797429831698537
000000000026,1,improved_fp8_cache,8.689037322998047,0.0018476666882634163,0.1352372169494629,0.9718232154846191
000000000026,1,improved_fp4_cache,21.524019241333008,0.8462032079696655,0.007040408905595541,0.1593623161315918
000000000026,2,improved_fp16_cache,50.054290771484375,0.9979414939880371,9.875760042632464e-06,0.0006547734956257045
000000000026,2,improved_fp8_cache,6.624576091766357,0.0007560269441455603,0.2175416201353073,1.0301796197891235
000000000026,2,improved_fp4_cache,20.9908390045166,0.8474066257476807,0.007960052229464054,0.12977327406406403
000000000027,0,improved_fp16_cache,48.52970504760742,0.997649073600769,1.4029072190169245e-05,0.0005579703138209879
000000000027,0,improved_fp8_cache,3.0063095092773438,0.000608846137765795,0.500459611415863,1.0989842414855957
000000000027,0,improved_fp4_cache,19.429689407348633,0.651719868183136,0.011403310112655163,0.15956273674964905
000000000027,1,improved_fp16_cache,47.309288024902344,0.9976058006286621,1.8581073163659312e-05,0.0006151863490231335
000000000027,1,improved_fp8_cache,3.95571231842041,0.0014170871581882238,0.40218767523765564,1.0814393758773804
000000000027,1,improved_fp4_cache,22.11786460876465,0.7115928530693054,0.0061406358145177364,0.14141590893268585
000000000027,2,improved_fp16_cache,49.767940521240234,0.9981728792190552,1.054886251949938e-05,0.0003973797429352999
000000000027,2,improved_fp8_cache,2.6101605892181396,0.000433189095929265,0.5482566952705383,1.0980390310287476
000000000027,2,improved_fp4_cache,21.25580596923828,0.7204141616821289,0.00748892268165946,0.12425360083580017
000000000028,0,improved_fp16_cache,53.84473419189453,0.9981920123100281,4.125974101043539e-06,0.0003362944698892534
000000000028,0,improved_fp8_cache,2.672991991043091,0.00019422789046075195,0.540381908416748,0.9556249380111694
000000000028,0,improved_fp4_cache,25.529407501220703,0.9112933874130249,0.0027993626426905394,0.115644171833992
000000000028,1,improved_fp16_cache,52.119483947753906,0.997919499874115,6.138343451311812e-06,0.00034941162448376417
000000000028,1,improved_fp8_cache,3.711886167526245,0.00043542456114664674,0.4254136085510254,0.9342236518859863
000000000028,1,improved_fp4_cache,26.537830352783203,0.9209117293357849,0.0022193051408976316,0.10916260629892349
000000000028,2,improved_fp16_cache,51.13360595703125,0.9979562759399414,7.702627954131458e-06,0.0003370014892425388
000000000028,2,improved_fp8_cache,2.49208664894104,0.0002541111025493592,0.5633668899536133,0.967697262763977
000000000028,2,improved_fp4_cache,25.85492706298828,0.9194803237915039,0.002597210928797722,0.09346790611743927
000000000029,0,improved_fp16_cache,53.8375129699707,0.9982765913009644,4.132838057557819e-06,0.000508710858412087
000000000029,0,improved_fp8_cache,6.2371506690979,0.02165246568620205,0.23784001171588898,0.9065406322479248
000000000029,0,improved_fp4_cache,22.67507553100586,0.8623775243759155,0.0054012262262403965,0.11341772973537445
000000000029,1,improved_fp16_cache,52.591285705566406,0.9984654784202576,5.506442448677262e-06,0.00037351937498897314
000000000029,1,improved_fp8_cache,8.038596153259277,0.03423815965652466,0.157087042927742,0.890080988407135
000000000029,1,improved_fp4_cache,23.29422950744629,0.8543053865432739,0.004683570936322212,0.08298039436340332
000000000029,2,improved_fp16_cache,46.54252624511719,0.9978038668632507,2.216904795204755e-05,0.0008379435166716576
000000000029,2,improved_fp8_cache,5.853727340698242,0.012916652485728264,0.25979289412498474,0.9466371536254883
000000000029,2,improved_fp4_cache,22.86758041381836,0.8538731932640076,0.005167040973901749,0.09566830843687057
000000000030,0,improved_fp16_cache,47.75569534301758,0.9977075457572937,1.6766034605097957e-05,0.0012916047126054764
000000000030,0,improved_fp8_cache,8.78061294555664,0.0037733062636107206,0.13241542875766754,0.983841598033905
000000000030,0,improved_fp4_cache,19.53297233581543,0.5871973037719727,0.01113532017916441,0.2289867103099823
000000000030,1,improved_fp16_cache,46.435218811035156,0.9970008730888367,2.2723650545231067e-05,0.0016037651803344488
000000000030,1,improved_fp8_cache,11.487619400024414,0.017134681344032288,0.07099667936563492,0.9293606281280518
000000000030,1,improved_fp4_cache,21.30345916748047,0.6305673122406006,0.007407199125736952,0.19703945517539978
000000000030,2,improved_fp16_cache,42.53293991088867,0.9955044984817505,5.580923243542202e-05,0.002664522035047412
000000000030,2,improved_fp8_cache,8.301284790039062,0.0045820847153663635,0.1478670835494995,0.9958415031433105
000000000030,2,improved_fp4_cache,18.9871768951416,0.544048011302948,0.012626479379832745,0.2793918251991272
000000000031,0,improved_fp16_cache,54.156150817871094,0.998528003692627,3.840470981231192e-06,0.00023081287508830428
000000000031,0,improved_fp8_cache,9.030661582946777,0.35453593730926514,0.12500686943531036,0.6778305172920227
000000000031,0,improved_fp4_cache,22.24672508239746,0.7798811197280884,0.005961114075034857,0.11242455244064331
000000000031,1,improved_fp16_cache,52.51530075073242,0.9981977939605713,5.603631052508717e-06,0.00044381708721630275
000000000031,1,improved_fp8_cache,10.232394218444824,0.31126391887664795,0.09478956460952759,0.6812976002693176
000000000031,1,improved_fp4_cache,23.198373794555664,0.732839047908783,0.00478809280321002,0.08233578503131866
000000000031,2,improved_fp16_cache,53.60859298706055,0.9984349012374878,4.356528279458871e-06,0.0002533807710278779
000000000031,2,improved_fp8_cache,9.155925750732422,0.2938757538795471,0.12145277112722397,0.6929647922515869
000000000031,2,improved_fp4_cache,22.216659545898438,0.7264944911003113,0.006002524401992559,0.09178269654512405
000000000032,0,improved_fp16_cache,47.66200637817383,0.9975461959838867,1.713165511318948e-05,0.0005579004646278918
000000000032,0,improved_fp8_cache,8.941781044006348,0.0029707930516451597,0.12759153544902802,1.0297143459320068
000000000032,0,improved_fp4_cache,18.959928512573242,0.699074923992157,0.012705949135124683,0.16825121641159058
000000000032,1,improved_fp16_cache,50.99822998046875,0.9981285333633423,7.946518962853588e-06,0.00039108318742364645
000000000032,1,improved_fp8_cache,10.345927238464355,0.011340226046741009,0.09234368801116943,0.9385716319084167
000000000032,1,improved_fp4_cache,21.098628997802734,0.7448782920837402,0.007764921989291906,0.113995760679245
000000000032,2,improved_fp16_cache,42.03164291381836,0.9951898455619812,6.263770774239674e-05,0.0018984413472935557
000000000032,2,improved_fp8_cache,7.735375881195068,0.0019240624969825149,0.16844666004180908,1.0375490188598633
000000000032,2,improved_fp4_cache,19.011024475097656,0.7776634097099304,0.012557332403957844,0.12378065288066864
000000000033,0,improved_fp16_cache,51.79978942871094,0.9983746409416199,6.607252998946933e-06,0.0002256672305520624
000000000033,0,improved_fp8_cache,1.8404039144515991,0.00014140186249278486,0.6545752882957458,0.9278614521026611
000000000033,0,improved_fp4_cache,25.000267028808594,0.9181934595108032,0.0031620825175195932,0.10855866968631744
000000000033,1,improved_fp16_cache,54.046730041503906,0.9987030029296875,3.938460849894909e-06,0.0001561693788971752
000000000033,1,improved_fp8_cache,1.928343653678894,0.00016701831191312522,0.6414541602134705,0.946000874042511
000000000033,1,improved_fp4_cache,24.145286560058594,0.9237145185470581,0.003850092412903905,0.11144634336233139
000000000033,2,improved_fp16_cache,51.06198501586914,0.9983572363853455,7.830713911971543e-06,0.00020247424254193902
000000000033,2,improved_fp8_cache,1.3324353694915771,0.00012760312529280782,0.7357943654060364,0.9532731771469116
000000000033,2,improved_fp4_cache,23.663745880126953,0.9251774549484253,0.004301554057747126,0.10194812715053558
000000000034,0,improved_fp16_cache,47.32938003540039,0.9976250529289246,1.8495324184186757e-05,0.00136079010553658
000000000034,0,improved_fp8_cache,5.565960884094238,0.00021420515258796513,0.2775900661945343,1.0828958749771118
000000000034,0,improved_fp4_cache,20.936861038208008,0.619192361831665,0.00805960688740015,0.24893121421337128
000000000034,1,improved_fp16_cache,46.79344940185547,0.9977048635482788,2.0924489945173264e-05,0.001155689125880599
000000000034,1,improved_fp8_cache,9.099413871765137,0.0015488655772060156,0.1230434700846672,0.9649116396903992
000000000034,1,improved_fp4_cache,21.590892791748047,0.7262646555900574,0.006932829972356558,0.17717203497886658
000000000034,2,improved_fp16_cache,47.12876892089844,0.9972028732299805,1.9369688743609004e-05,0.001080491696484387
000000000034,2,improved_fp8_cache,5.149705410003662,0.0002819822111632675,0.30551278591156006,1.072913646697998
000000000034,2,improved_fp4_cache,21.754350662231445,0.7163302898406982,0.006676744669675827,0.1628687083721161
000000000035,0,improved_fp16_cache,49.057010650634766,0.9968783855438232,1.2425071872712579e-05,0.0017095915973186493
000000000035,0,improved_fp8_cache,6.326248645782471,0.0005786925321444869,0.23301029205322266,1.068947434425354
000000000035,0,improved_fp4_cache,21.487489700317383,0.6699647903442383,0.007099877577275038,0.22554337978363037
000000000035,1,improved_fp16_cache,48.98710632324219,0.9974952936172485,1.262668320123339e-05,0.0011954305227845907
000000000035,1,improved_fp8_cache,9.480241775512695,0.0013423056807368994,0.11271346360445023,0.9995511174201965
000000000035,1,improved_fp4_cache,20.516935348510742,0.6429023146629333,0.00887781847268343,0.24821829795837402
000000000035,2,improved_fp16_cache,49.62392807006836,0.9981352686882019,1.0904531336564105e-05,0.0007558579090982676
000000000035,2,improved_fp8_cache,5.619891166687012,0.0004930412396788597,0.2741642892360687,1.0400042533874512
000000000035,2,improved_fp4_cache,20.371780395507812,0.6525252461433411,0.009179561398923397,0.25825974345207214
000000000036,0,improved_fp16_cache,52.24702072143555,0.9982771873474121,5.960705948382383e-06,0.0004936607438139617
000000000036,0,improved_fp8_cache,5.9847540855407715,0.0060147508047521114,0.25207197666168213,0.9495336413383484
000000000036,0,improved_fp4_cache,21.47075653076172,0.8614925146102905,0.007127286866307259,0.19573932886123657
000000000036,1,improved_fp16_cache,50.09116744995117,0.9975185394287109,9.792259334062692e-06,0.0007589396554976702
000000000036,1,improved_fp8_cache,5.6830363273620605,0.005679924041032791,0.27020683884620667,0.9950973391532898
000000000036,1,improved_fp4_cache,24.782033920288086,0.8702303171157837,0.0033250374253839254,0.1493365466594696
000000000036,2,improved_fp16_cache,51.15895462036133,0.9981626272201538,7.657808055228088e-06,0.00045990475337021053
000000000036,2,improved_fp8_cache,3.0252761840820312,0.0034866617061197758,0.49827876687049866,0.9984601140022278
000000000036,2,improved_fp4_cache,23.287452697753906,0.8836044669151306,0.004690883681178093,0.10108219087123871
000000000037,0,improved_fp16_cache,47.19990158081055,0.9977229833602905,1.9055027223657817e-05,0.0008158597047440708
000000000037,0,improved_fp8_cache,4.154985427856445,0.0002518929832149297,0.38415050506591797,1.0530948638916016
000000000037,0,improved_fp4_cache,21.238975524902344,0.7533594965934753,0.00751799950376153,0.16534718871116638
000000000037,1,improved_fp16_cache,49.55320358276367,0.9979667067527771,1.1083556273661088e-05,0.000707254046574235
000000000037,1,improved_fp8_cache,5.674126625061035,0.00042701614438556135,0.27076172828674316,0.9908793568611145
000000000037,1,improved_fp4_cache,22.144193649291992,0.7619223594665527,0.006103521678596735,0.20738956332206726
000000000037,2,improved_fp16_cache,48.952571868896484,0.9981924295425415,1.2727487955999095e-05,0.0006972439587116241
000000000037,2,improved_fp8_cache,4.060277938842773,0.00023877437342889607,0.3926197588443756,1.0320346355438232
000000000037,2,improved_fp4_cache,21.26869010925293,0.7716145515441895,0.007466740906238556,0.20465707778930664
000000000038,0,improved_fp16_cache,48.85885238647461,0.9977434873580933,1.300513122259872e-05,0.000978308031335473
000000000038,0,improved_fp8_cache,4.150571346282959,0.003176707774400711,0.3845411539077759,1.0511574745178223
000000000038,0,improved_fp4_cache,20.65921974182129,0.804247260093689,0.008591677062213421,0.096695177257061
000000000038,1,improved_fp16_cache,50.56646728515625,0.9982656240463257,8.77713773661526e-06,0.00034593354212120175
000000000038,1,improved_fp8_cache,4.790372371673584,0.005331583321094513,0.3318660259246826,1.033098816871643
000000000038,1,improved_fp4_cache,21.785974502563477,0.7936288714408875,0.006628304719924927,0.10069547593593597
000000000038,2,improved_fp16_cache,49.995391845703125,0.9981033205986023,1.0010610822064336e-05,0.0005138390115462244
000000000038,2,improved_fp8_cache,4.029533386230469,0.0013099027564749122,0.39540907740592957,1.044780969619751
000000000038,2,improved_fp4_cache,20.733510971069336,0.8214122653007507,0.00844595767557621,0.09726439416408539
000000000039,0,improved_fp16_cache,48.14657211303711,0.9979726672172546,1.5322950275731273e-05,0.001009234692901373
000000000039,0,improved_fp8_cache,6.85011100769043,0.0014380564680323005,0.20653273165225983,1.0922106504440308
000000000039,0,improved_fp4_cache,19.610118865966797,0.6478166580200195,0.010939260013401508,0.24500073492527008
000000000039,1,improved_fp16_cache,43.13483810424805,0.9958019256591797,4.85865275550168e-05,0.002607388887554407
000000000039,1,improved_fp8_cache,10.093082427978516,0.001857088296674192,0.09787949174642563,1.065163016319275
000000000039,1,improved_fp4_cache,21.11187744140625,0.6810604929924011,0.007741268258541822,0.2112540602684021
000000000039,2,improved_fp16_cache,43.759376525878906,0.9968301057815552,4.207866732031107e-05,0.001988489180803299
000000000039,2,improved_fp8_cache,6.529435157775879,0.0007966611301526427,0.22235989570617676,1.1087181568145752
000000000039,2,improved_fp4_cache,17.869144439697266,0.6344758868217468,0.01633373461663723,0.23566405475139618
000000000040,0,improved_fp16_cache,52.00688171386719,0.9983214139938354,6.2995750340633094e-06,0.0005478225648403168
000000000040,0,improved_fp8_cache,8.613211631774902,0.03983008489012718,0.13761913776397705,0.746127724647522
000000000040,0,improved_fp4_cache,21.24272346496582,0.7537190318107605,0.007511515635997057,0.16093459725379944
000000000040,1,improved_fp16_cache,51.52478790283203,0.9982352256774902,7.039165666355984e-06,0.0006760887335985899
000000000040,1,improved_fp8_cache,11.595378875732422,0.06126827001571655,0.0692567452788353,0.6253926157951355
000000000040,1,improved_fp4_cache,25.699371337890625,0.6838054656982422,0.002691924571990967,0.12015661597251892
000000000040,2,improved_fp16_cache,49.773033142089844,0.9981452822685242,1.053650430549169e-05,0.0009404716547578573
000000000040,2,improved_fp8_cache,8.629438400268555,0.030067211017012596,0.13710589706897736,0.8985398411750793
000000000040,2,improved_fp4_cache,22.046619415283203,0.771368682384491,0.006242206785827875,0.17995691299438477
000000000041,0,improved_fp16_cache,47.630157470703125,0.997362494468689,1.7257743820664473e-05,0.0008332249126397073
000000000041,0,improved_fp8_cache,9.045642852783203,0.06973408162593842,0.12457635253667831,0.9043326377868652
000000000041,0,improved_fp4_cache,21.695722579956055,0.6015225052833557,0.0067674885503947735,0.13226786255836487
000000000041,1,improved_fp16_cache,47.3746337890625,0.9971579313278198,1.8303604520042427e-05,0.0010451572015881538
000000000041,1,improved_fp8_cache,11.223668098449707,0.09464995563030243,0.07544547319412231,0.8874825239181519
000000000041,1,improved_fp4_cache,21.851116180419922,0.5846464037895203,0.006529627367854118,0.16710273921489716
000000000041,2,improved_fp16_cache,47.16673278808594,0.9977437853813171,1.920112299558241e-05,0.00082318828208372
000000000041,2,improved_fp8_cache,8.724271774291992,0.07202301919460297,0.13414447009563446,0.9248002171516418
000000000041,2,improved_fp4_cache,19.699779510498047,0.6108452081680298,0.010715735144913197,0.17167210578918457
000000000042,0,improved_fp16_cache,52.58524703979492,0.998096227645874,5.514108124771155e-06,0.0013148142024874687
000000000042,0,improved_fp8_cache,7.432404041290283,0.0012633426813408732,0.18061737716197968,0.9741926193237305
000000000042,0,improved_fp4_cache,21.222604751586914,0.8060287833213806,0.007546393666416407,0.21224960684776306
000000000042,1,improved_fp16_cache,55.50384521484375,0.9983608722686768,2.815885409290786e-06,0.0007566711865365505
000000000042,1,improved_fp8_cache,11.045886039733887,0.005058517679572105,0.07859797030687332,0.749403715133667
000000000042,1,improved_fp4_cache,24.48329734802246,0.8665498495101929,0.003561805235221982,0.17025572061538696
000000000042,2,improved_fp16_cache,50.531044006347656,0.9977909922599792,8.849022378853988e-06,0.001415877602994442
000000000042,2,improved_fp8_cache,9.110929489135742,0.0024797050282359123,0.12271764874458313,0.8507307171821594
000000000042,2,improved_fp4_cache,22.957988739013672,0.8422629237174988,0.0050605894066393375,0.17283523082733154
000000000043,0,improved_fp16_cache,51.38995361328125,0.9981961250305176,7.261134669533931e-06,0.0004700759891420603
000000000043,0,improved_fp8_cache,4.6557817459106445,0.0002633231633808464,0.3423117697238922,0.9059701561927795
000000000043,0,improved_fp4_cache,19.853219985961914,0.8088087439537048,0.010343749076128006,0.18176136910915375
000000000043,1,improved_fp16_cache,47.78287124633789,0.99675452709198,1.666145362833049e-05,0.0010916190221905708
000000000043,1,improved_fp8_cache,5.585273742675781,0.0004249213670846075,0.27635836601257324,0.9060803055763245
000000000043,1,improved_fp4_cache,20.99892234802246,0.82049560546875,0.007945253513753414,0.1709458827972412
000000000043,2,improved_fp16_cache,46.89330291748047,0.9966351389884949,2.044886969088111e-05,0.0013003313215449452
000000000043,2,improved_fp8_cache,4.357587814331055,0.00032064050901681185,0.36664116382598877,0.918164074420929
000000000043,2,improved_fp4_cache,21.01056671142578,0.8205161094665527,0.007923977449536324,0.17726701498031616
000000000044,0,improved_fp16_cache,49.18913269042969,0.9987813234329224,1.2052762031089514e-05,0.0003787452296819538
000000000044,0,improved_fp8_cache,6.497863292694092,0.0019555059261620045,0.22398225963115692,1.029496431350708
000000000044,0,improved_fp4_cache,19.84670639038086,0.6834763288497925,0.010359271429479122,0.15795959532260895
000000000044,1,improved_fp16_cache,49.45301818847656,0.9984374046325684,1.1342211109877098e-05,0.0004248450859449804
000000000044,1,improved_fp8_cache,8.096478462219238,0.00652066245675087,0.1550072878599167,0.972625732421875
000000000044,1,improved_fp4_cache,21.304716110229492,0.6852220296859741,0.007405055221170187,0.1439373791217804
000000000044,2,improved_fp16_cache,47.625267028808594,0.9982039332389832,1.7277181541430764e-05,0.0007400907925330102
000000000044,2,improved_fp8_cache,5.788684844970703,0.0021155932918190956,0.26371297240257263,1.0264239311218262
000000000044,2,improved_fp4_cache,18.901691436767578,0.6864994764328003,0.012877480126917362,0.15793481469154358
000000000045,0,improved_fp16_cache,46.35279846191406,0.9980840682983398,2.3159000193118118e-05,0.0007638212409801781
000000000045,0,improved_fp8_cache,0.9327806234359741,0.0004434208385646343,0.8067183494567871,1.0580896139144897
000000000045,0,improved_fp4_cache,20.618173599243164,0.8197686076164246,0.008673266507685184,0.1665162444114685
000000000045,1,improved_fp16_cache,48.6249885559082,0.9984444975852966,1.3724638847634196e-05,0.0006252357852645218
000000000045,1,improved_fp8_cache,1.02071213722229,0.000437737675383687,0.7905489802360535,1.10118567943573
000000000045,1,improved_fp4_cache,20.614063262939453,0.7718944549560547,0.008681473322212696,0.20673689246177673
000000000045,2,improved_fp16_cache,49.09075927734375,0.9986776113510132,1.2328880075074267e-05,0.00034234352642670274
000000000045,2,improved_fp8_cache,0.9232401251792908,0.00031364732421934605,0.8084924817085266,1.0910465717315674
000000000045,2,improved_fp4_cache,21.158580780029297,0.8118246793746948,0.007658465299755335,0.1889273077249527
000000000046,0,improved_fp16_cache,55.41054916381836,0.9981646537780762,2.8770336939487606e-06,0.00048168940702453256
000000000046,0,improved_fp8_cache,7.124273777008057,0.0015512661775574088,0.19389766454696655,0.7788276672363281
000000000046,0,improved_fp4_cache,27.014297485351562,0.9391465187072754,0.0019887045491486788,0.12402504682540894
000000000046,1,improved_fp16_cache,54.933677673339844,0.9982051849365234,3.2109362564369803e-06,0.0005487648886628449
000000000046,1,improved_fp8_cache,7.607521057128906,0.0031244177371263504,0.173479363322258,0.6801168322563171
000000000046,1,improved_fp4_cache,28.81650733947754,0.9375413656234741,0.0013132556341588497,0.07649137079715729
000000000046,2,improved_fp16_cache,55.03661346435547,0.9983177185058594,3.1357274110632716e-06,0.0006815060041844845
000000000046,2,improved_fp8_cache,6.102344512939453,0.0010461597703397274,0.24533839523792267,0.7960914373397827
000000000046,2,improved_fp4_cache,27.712997436523438,0.9508545398712158,0.0016931687714532018,0.09254030138254166
000000000047,0,improved_fp16_cache,40.57645797729492,0.9961027503013611,8.756975148571655e-05,0.0010305538307875395
000000000047,0,improved_fp8_cache,5.578117847442627,0.02366466447710991,0.2768140733242035,1.0354886054992676
000000000047,0,improved_fp4_cache,17.643884658813477,0.5767771005630493,0.017203286290168762,0.1703702211380005
000000000047,1,improved_fp16_cache,45.143028259277344,0.997886061668396,3.059828304685652e-05,0.0006896179402247071
000000000047,1,improved_fp8_cache,7.476553916931152,0.014143812470138073,0.17879055440425873,0.9997393488883972
000000000047,1,improved_fp4_cache,18.74847984313965,0.5810216665267944,0.013339883647859097,0.15782858431339264
000000000047,2,improved_fp16_cache,45.25339126586914,0.9983072280883789,2.983051490446087e-05,0.00046876457054167986
000000000047,2,improved_fp8_cache,5.179137229919434,0.0021063133608549833,0.3034493625164032,1.0394313335418701
000000000047,2,improved_fp4_cache,16.801668167114258,0.573938250541687,0.020884931087493896,0.17811515927314758
000000000048,0,improved_fp16_cache,54.047874450683594,0.9980418682098389,3.93742493542959e-06,0.00032746614306233823
000000000048,0,improved_fp8_cache,6.921654224395752,0.10127706825733185,0.20315827429294586,0.844649076461792
000000000048,0,improved_fp4_cache,23.152515411376953,0.8589689135551453,0.00483891973271966,0.12547291815280914
000000000048,1,improved_fp16_cache,54.019195556640625,0.9979278445243835,3.963511971960543e-06,0.00032314687268808484
000000000048,1,improved_fp8_cache,7.133917808532715,0.08048973232507706,0.19346757233142853,0.8099023103713989
000000000048,1,improved_fp4_cache,23.415651321411133,0.8466019630432129,0.004554439336061478,0.10387086868286133
000000000048,2,improved_fp16_cache,53.82856369018555,0.9979988932609558,4.141364570386941e-06,0.0003446241607889533
000000000048,2,improved_fp8_cache,5.730712413787842,0.08648353070020676,0.2672567665576935,0.8469691276550293
000000000048,2,improved_fp4_cache,22.11512565612793,0.8338953256607056,0.006144511979073286,0.12363047897815704
000000000049,0,improved_fp16_cache,49.96625518798828,0.997767448425293,1.0077997103508096e-05,0.0005701613845303655
000000000049,0,improved_fp8_cache,2.1594347953796387,0.0008583663729950786,0.6082141399383545,0.9960747361183167
000000000049,0,improved_fp4_cache,22.706684112548828,0.8622961044311523,0.005362058524042368,0.13451315462589264
000000000049,1,improved_fp16_cache,48.935874938964844,0.9976122379302979,1.2776513358403463e-05,0.0005485505680553615
000000000049,1,improved_fp8_cache,2.8499536514282227,0.0009471352095715702,0.5188055634498596,1.0022761821746826
000000000049,1,improved_fp4_cache,23.075218200683594,0.8635408282279968,0.004925813525915146,0.14944957196712494
000000000049,2,improved_fp16_cache,49.28158950805664,0.9978204965591431,1.1798879313573707e-05,0.0004800057504326105
000000000049,2,improved_fp8_cache,2.1828794479370117,0.0007488861447200179,0.6049396395683289,0.9909874200820923
000000000049,2,improved_fp4_cache,23.783327102661133,0.8733846545219421,0.004184727557003498,0.12804684042930603
000000000050,0,improved_fp16_cache,51.129234313964844,0.9975647926330566,7.710391400905792e-06,0.0011360195931047201
000000000050,0,improved_fp8_cache,6.18255090713501,0.00918650534003973,0.24084901809692383,0.9604163765907288
000000000050,0,improved_fp4_cache,21.158706665039062,0.8076350092887878,0.007658244576305151,0.19072225689888
000000000050,1,improved_fp16_cache,50.317169189453125,0.997931718826294,9.295718882640358e-06,0.0008907761657610536
000000000050,1,improved_fp8_cache,12.810469627380371,0.007764569483697414,0.05235437676310539,0.8073717355728149
000000000050,1,improved_fp4_cache,24.960308074951172,0.8591008186340332,0.0031913111452013254,0.17015579342842102
000000000050,2,improved_fp16_cache,43.34130859375,0.9966816902160645,4.6330696932272986e-05,0.001523305312730372
000000000050,2,improved_fp8_cache,4.69654655456543,0.002979916986078024,0.339113712310791,0.9871811866760254
000000000050,2,improved_fp4_cache,21.625228881835938,0.8449485301971436,0.0068782358430325985,0.17398828268051147
000000000051,0,improved_fp16_cache,49.95836639404297,0.9984356164932251,1.0096321602759417e-05,0.0005543810548260808
000000000051,0,improved_fp8_cache,7.442085266113281,0.10359154641628265,0.18021522462368011,0.9030478000640869
000000000051,0,improved_fp4_cache,20.822721481323242,0.6989760398864746,0.008274232037365437,0.15374083817005157
000000000051,1,improved_fp16_cache,49.798927307128906,0.9983935356140137,1.0473869224369992e-05,0.0005528220208361745
000000000051,1,improved_fp8_cache,8.267231941223145,0.13710430264472961,0.14903102815151215,0.8680053949356079
000000000051,1,improved_fp4_cache,21.052043914794922,0.7182037234306335,0.007848660461604595,0.1603289693593979
000000000051,2,improved_fp16_cache,49.10927200317383,0.9980982542037964,1.2276451343495864e-05,0.0005742892972193658
000000000051,2,improved_fp8_cache,7.251103401184082,0.08840000629425049,0.18831704556941986,0.8939983248710632
000000000051,2,improved_fp4_cache,21.391929626464844,0.7152533531188965,0.007257832679897547,0.137151837348938
000000000052,0,improved_fp16_cache,54.329139709472656,0.9986974000930786,3.6905032629874768e-06,0.00018054111569654197
000000000052,0,improved_fp8_cache,10.980207443237305,0.30742013454437256,0.07979565113782883,0.3697029650211334
000000000052,0,improved_fp4_cache,27.929840087890625,0.6741485595703125,0.001610704348422587,0.03556500002741814
000000000052,1,improved_fp16_cache,45.30294418334961,0.9963394999504089,2.9492091925931163e-05,0.0007755166152492166
000000000052,1,improved_fp8_cache,13.48867416381836,0.3918696641921997,0.04478498920798302,0.37341538071632385
000000000052,1,improved_fp4_cache,29.411117553710938,0.49243229627609253,0.001145217684097588,0.021459493786096573
000000000052,2,improved_fp16_cache,51.238224029541016,0.9983910322189331,7.519299742853036e-06,0.00024222319188993424
000000000052,2,improved_fp8_cache,12.50959587097168,0.3545600175857544,0.05611001327633858,0.3857158422470093
000000000052,2,improved_fp4_cache,28.005035400390625,0.4763109087944031,0.0015830564079806209,0.02943834289908409
000000000053,0,improved_fp16_cache,49.079402923583984,0.9972653388977051,1.2361165317997802e-05,0.0010085778776556253
000000000053,0,improved_fp8_cache,5.256208896636963,0.0004570715536829084,0.29811176657676697,1.0333616733551025
000000000053,0,improved_fp4_cache,20.90184211730957,0.7459930181503296,0.00812485720962286,0.17458610236644745
000000000053,1,improved_fp16_cache,48.7307014465332,0.9972467422485352,1.3394589586823713e-05,0.001048063626512885
000000000053,1,improved_fp8_cache,7.020719528198242,0.001215907046571374,0.19857656955718994,0.9704203009605408
000000000053,1,improved_fp4_cache,23.634201049804688,0.7828032970428467,0.004330916330218315,0.14303778111934662
000000000053,2,improved_fp16_cache,47.74987030029297,0.9969343543052673,1.678852095210459e-05,0.0012178533943369985
000000000053,2,improved_fp8_cache,5.339415073394775,0.00036883819848299026,0.2924546003341675,1.025983214378357
000000000053,2,improved_fp4_cache,21.39271354675293,0.7549850344657898,0.007256522309035063,0.16138313710689545
000000000054,0,improved_fp16_cache,47.067848205566406,0.9979502558708191,1.9643319319584407e-05,0.0006369309849105775
000000000054,0,improved_fp8_cache,3.3523707389831543,0.004790822975337505,0.4621286690235138,1.0250656604766846
000000000054,0,improved_fp4_cache,19.655061721801758,0.7551671862602234,0.010826642625033855,0.17956160008907318
000000000054,1,improved_fp16_cache,49.34737777709961,0.9983884692192078,1.1621495104918722e-05,0.0004100383084733039
000000000054,1,improved_fp8_cache,4.537320137023926,0.0094801289960742,0.35177740454673767,1.010941743850708
000000000054,1,improved_fp4_cache,21.111373901367188,0.7857568264007568,0.007742166519165039,0.1701519787311554
000000000054,2,improved_fp16_cache,49.796600341796875,0.9983147382736206,1.0479481716174632e-05,0.0004865438677370548
000000000054,2,improved_fp8_cache,2.9777560234069824,0.006778301205486059,0.503760814666748,1.0337586402893066
000000000054,2,improved_fp4_cache,21.231000900268555,0.7960390448570251,0.007531816139817238,0.14353235065937042
000000000055,0,improved_fp16_cache,49.04764938354492,0.9974175691604614,1.2451880138542037e-05,0.0016441618790850043
000000000055,0,improved_fp8_cache,7.956289291381836,0.003804092761129141,0.1600925177335739,0.9882047772407532
000000000055,0,improved_fp4_cache,20.167922973632812,0.6504217386245728,0.009620722383260727,0.2498818337917328
000000000055,1,improved_fp16_cache,52.74689865112305,0.9980677366256714,5.312632765708258e-06,0.0008554100058972836
000000000055,1,improved_fp8_cache,11.405630111694336,0.017724715173244476,0.07234972715377808,0.8210238218307495
000000000055,1,improved_fp4_cache,27.541553497314453,0.7912619113922119,0.0017613457748666406,0.14198900759220123
000000000055,2,improved_fp16_cache,47.05680465698242,0.9967417120933533,1.9693341528181918e-05,0.002102656289935112
000000000055,2,improved_fp8_cache,7.045179843902588,0.008799518458545208,0.1974612921476364,0.9067018032073975
000000000055,2,improved_fp4_cache,20.617603302001953,0.7111274003982544,0.008674404583871365,0.1772473007440567
000000000056,0,improved_fp16_cache,46.86684036254883,0.9980568885803223,2.0573846995830536e-05,0.0005081344279460609
000000000056,0,improved_fp8_cache,6.232425689697266,0.24524597823619843,0.2380989044904709,0.9083530902862549
000000000056,0,improved_fp4_cache,21.330123901367188,0.6842840909957886,0.007361860945820808,0.11012367904186249
000000000056,1,improved_fp16_cache,47.33146286010742,0.9982630610466003,1.8486443877918646e-05,0.0004499178903643042
000000000056,1,improved_fp8_cache,6.576387882232666,0.30302929878234863,0.21996884047985077,0.9029661417007446
000000000056,1,improved_fp4_cache,22.151582717895508,0.7429744005203247,0.006093146745115519,0.09996242821216583
000000000056,2,improved_fp16_cache,45.072322845458984,0.9976834654808044,3.110051329713315e-05,0.0006770088220946491
000000000056,2,improved_fp8_cache,5.6999969482421875,0.19657301902770996,0.2691536545753479,0.9053265452384949
000000000056,2,improved_fp4_cache,22.007997512817383,0.6602041125297546,0.0062979659996926785,0.09234464913606644
000000000057,0,improved_fp16_cache,46.32321548461914,0.9986196756362915,2.33172995649511e-05,0.00045272812712937593
000000000057,0,improved_fp8_cache,1.815585732460022,0.0001316998095717281,0.6583266258239746,1.051472544670105
000000000057,0,improved_fp4_cache,17.65143585205078,0.7107723951339722,0.01717340387403965,0.16918668150901794
000000000057,1,improved_fp16_cache,40.89531707763672,0.9965438842773438,8.137072290992364e-05,0.0008374228491447866
000000000057,1,improved_fp8_cache,2.251131772994995,0.000563132343813777,0.5955069065093994,1.0487220287322998
000000000057,1,improved_fp4_cache,16.959959030151367,0.6967233419418335,0.020137423649430275,0.16158172488212585
000000000057,2,improved_fp16_cache,45.11655807495117,0.9982274770736694,3.078534427913837e-05,0.0006504738703370094
000000000057,2,improved_fp8_cache,1.7600252628326416,0.00013441973715089262,0.6668028831481934,1.0432329177856445
000000000057,2,improved_fp4_cache,18.789331436157227,0.7364444732666016,0.013214990496635437,0.14492768049240112
000000000058,0,improved_fp16_cache,45.43576431274414,0.9958025813102722,2.8603768441826105e-05,0.00158728938549757
000000000058,0,improved_fp8_cache,6.52178430557251,0.0009694992331787944,0.22275197505950928,1.2016583681106567
000000000058,0,improved_fp4_cache,22.158538818359375,0.6091842651367188,0.00608339486643672,0.1986365169286728
000000000058,1,improved_fp16_cache,45.384761810302734,0.9953924417495728,2.8941678465344012e-05,0.001797401811927557
000000000058,1,improved_fp8_cache,8.706984519958496,0.0023638715501874685,0.13467952609062195,1.10337233543396
000000000058,1,improved_fp4_cache,21.97617530822754,0.6137968301773071,0.006344278808683157,0.180667906999588
000000000058,2,improved_fp16_cache,48.23176574707031,0.9966771006584167,1.5025302673166152e-05,0.0012193587608635426
000000000058,2,improved_fp8_cache,5.717737674713135,0.0008154953247867525,0.2680564224720001,1.1813551187515259
000000000058,2,improved_fp4_cache,19.74446678161621,0.583821713924408,0.010606038384139538,0.24316802620887756
000000000059,0,improved_fp16_cache,44.6439094543457,0.9968826174736023,3.432488301768899e-05,0.0008359262137673795
000000000059,0,improved_fp8_cache,1.896432876586914,0.00018591037951409817,0.6461847424507141,1.0241948366165161
000000000059,0,improved_fp4_cache,23.94833755493164,0.8753669261932373,0.0040287114679813385,0.1256248652935028
000000000059,1,improved_fp16_cache,50.44929504394531,0.9980829954147339,9.017175216285978e-06,0.00037231529131531715
000000000059,1,improved_fp8_cache,3.9355509281158447,0.0005611003725789487,0.4040590822696686,0.9860532879829407
000000000059,1,improved_fp4_cache,24.01218605041504,0.8703572154045105,0.003969916142523289,0.12213349342346191
000000000059,2,improved_fp16_cache,50.493080139160156,0.9983524084091187,8.926715054258239e-06,0.00035647847107611597
000000000059,2,improved_fp8_cache,2.0341038703918457,0.0002119579294230789,0.6260220408439636,1.0172843933105469
000000000059,2,improved_fp4_cache,24.062170028686523,0.885403573513031,0.00392448715865612,0.10806743800640106
000000000060,0,improved_fp16_cache,54.217506408691406,0.9981221556663513,3.7865968351979973e-06,0.0005960648413747549
000000000060,0,improved_fp8_cache,9.00323486328125,0.019497772678732872,0.1257988065481186,0.976469874382019
000000000060,0,improved_fp4_cache,23.608354568481445,0.8163450956344604,0.004356767516583204,0.13099905848503113
000000000060,1,improved_fp16_cache,55.8184700012207,0.9981832504272461,2.6191028155153617e-06,0.0004944656393490732
000000000060,1,improved_fp8_cache,10.70644474029541,0.08599146455526352,0.08498760312795639,0.8478038907051086
000000000060,1,improved_fp4_cache,26.36233901977539,0.823846697807312,0.002310819225385785,0.10285449028015137
000000000060,2,improved_fp16_cache,50.75540542602539,0.9977442026138306,8.40348093333887e-06,0.0008696119766682386
000000000060,2,improved_fp8_cache,8.119170188903809,0.013442454859614372,0.1541995108127594,1.0018390417099
000000000060,2,improved_fp4_cache,23.163482666015625,0.8318824172019958,0.004826715216040611,0.13795745372772217
000000000061,0,improved_fp16_cache,46.12867736816406,0.9979203939437866,2.4385532015003264e-05,0.0009369520121254027
000000000061,0,improved_fp8_cache,7.540062427520752,0.003807272296398878,0.17619507014751434,1.1447076797485352
000000000061,0,improved_fp4_cache,17.48255157470703,0.5394564867019653,0.01785438135266304,0.26613420248031616
000000000061,1,improved_fp16_cache,46.69377517700195,0.9976692199707031,2.141027471225243e-05,0.0009789131581783295
000000000061,1,improved_fp8_cache,9.621881484985352,0.012972388416528702,0.10909676551818848,1.1073849201202393
000000000061,1,improved_fp4_cache,19.015554428100586,0.5445067882537842,0.012544247321784496,0.23858463764190674
000000000061,2,improved_fp16_cache,45.13679885864258,0.9974111318588257,3.0642200727015734e-05,0.001177680678665638
000000000061,2,improved_fp8_cache,7.321737766265869,0.003932042047381401,0.1852790117263794,1.1497838497161865
000000000061,2,improved_fp4_cache,17.557388305664062,0.5377315282821655,0.017549345269799232,0.26782047748565674
000000000062,0,improved_fp16_cache,51.147125244140625,0.9986821413040161,7.6786927820649e-06,0.0004239262198098004
000000000062,0,improved_fp8_cache,8.193065643310547,0.009674476459622383,0.15159796178340912,0.9790915250778198
000000000062,0,improved_fp4_cache,20.83513069152832,0.7384918928146362,0.008250624872744083,0.15082964301109314
000000000062,1,improved_fp16_cache,51.21870422363281,0.9983307123184204,7.55316932554706e-06,0.0005215308046899736
000000000062,1,improved_fp8_cache,9.760396957397461,0.025629457086324692,0.10567208379507065,0.8827979564666748
000000000062,1,improved_fp4_cache,22.15703773498535,0.7105521559715271,0.006085498724132776,0.14566077291965485
000000000062,2,improved_fp16_cache,48.19342041015625,0.9982455968856812,1.51585509229335e-05,0.0005091425846330822
000000000062,2,improved_fp8_cache,7.457988262176514,0.011711484752595425,0.1795564889907837,1.0307331085205078
000000000062,2,improved_fp4_cache,19.702104568481445,0.743087649345398,0.010710003785789013,0.15550264716148376
000000000063,0,improved_fp16_cache,47.00700759887695,0.9979281425476074,1.992045326915104e-05,0.0006850079516880214
000000000063,0,improved_fp8_cache,9.801128387451172,0.005801485385745764,0.10468564182519913,0.8108552098274231
000000000063,0,improved_fp4_cache,22.006057739257812,0.8192986249923706,0.006300775799900293,0.1431157886981964
000000000063,1,improved_fp16_cache,42.582618713378906,0.9953775405883789,5.517445970326662e-05,0.002464557532221079
000000000063,1,improved_fp8_cache,12.882804870605469,0.011690186336636543,0.051489587873220444,0.7093274593353271
000000000063,1,improved_fp4_cache,23.676513671875,0.8193744421005249,0.004288926254957914,0.11648440361022949
000000000063,2,improved_fp16_cache,42.48888397216797,0.9954037666320801,5.637824870063923e-05,0.0018798597157001495
000000000063,2,improved_fp8_cache,8.936298370361328,0.0034294812940061092,0.12775270640850067,0.8633973598480225
000000000063,2,improved_fp4_cache,23.41101837158203,0.8362418413162231,0.004559298511594534,0.13140541315078735
000000000064,0,improved_fp16_cache,46.85832595825195,0.9978116750717163,2.0614228560589254e-05,0.0009801576379686594
000000000064,0,improved_fp8_cache,5.870156288146973,0.020699292421340942,0.25881198048591614,1.116752028465271
000000000064,0,improved_fp4_cache,20.515880584716797,0.6037825345993042,0.008879981003701687,0.23822490870952606
000000000064,1,improved_fp16_cache,43.951560974121094,0.996936023235321,4.0257236832985654e-05,0.0017872739117592573
000000000064,1,improved_fp8_cache,7.092120170593262,0.020125966519117355,0.19533853232860565,1.0781558752059937
000000000064,1,improved_fp4_cache,20.34376335144043,0.5854344964027405,0.009238969534635544,0.28902649879455566
000000000064,2,improved_fp16_cache,45.44410705566406,0.9974438548088074,2.8548878617584705e-05,0.0013827078510075808
000000000064,2,improved_fp8_cache,5.889317989349365,0.004172836896032095,0.25767257809638977,1.07774019241333
000000000064,2,improved_fp4_cache,20.74311637878418,0.6461682915687561,0.008427295833826065,0.28879255056381226
000000000065,0,improved_fp16_cache,44.7599983215332,0.9959320425987244,3.3419524697819725e-05,0.0029307908844202757
000000000065,0,improved_fp8_cache,6.589694499969482,0.0007239143596962094,0.2192959040403366,0.8867469429969788
000000000065,0,improved_fp4_cache,20.64942169189453,0.8429068326950073,0.008611079305410385,0.15078654885292053
000000000065,1,improved_fp16_cache,51.981040954589844,0.9981778860092163,6.337179456750164e-06,0.0006700645317323506
000000000065,1,improved_fp8_cache,9.869431495666504,0.0017262818291783333,0.10305208712816238,0.7776193618774414
000000000065,1,improved_fp4_cache,23.527114868164062,0.8600482940673828,0.004439033102244139,0.15674123167991638
000000000065,2,improved_fp16_cache,48.44039535522461,0.9970237612724304,1.4320578884507995e-05,0.0012062208261340857
000000000065,2,improved_fp8_cache,6.792107582092285,0.0005883207195438445,0.2093096226453781,0.9214644432067871
000000000065,2,improved_fp4_cache,21.758922576904297,0.848223865032196,0.006669720634818077,0.16761352121829987
000000000066,0,improved_fp16_cache,46.026851654052734,0.9975973963737488,2.496402885299176e-05,0.0007061758078634739
000000000066,0,improved_fp8_cache,3.5355114936828613,0.0005187104688957334,0.4430460035800934,1.0312401056289673
000000000066,0,improved_fp4_cache,20.96487045288086,0.7996832728385925,0.008007793687283993,0.15908214449882507
000000000066,1,improved_fp16_cache,48.3013916015625,0.9978975057601929,1.4786339306738228e-05,0.0006086825160309672
000000000066,1,improved_fp8_cache,4.245246410369873,0.0009521687170490623,0.3762489855289459,0.9820452332496643
000000000066,1,improved_fp4_cache,22.04933738708496,0.8396810293197632,0.006238298956304789,0.12066999077796936
000000000066,2,improved_fp16_cache,49.51649856567383,0.9981865882873535,1.117763440561248e-05,0.00045166624477133155
000000000066,2,improved_fp8_cache,3.1583292484283447,0.00040384207386523485,0.4832446575164795,1.0264676809310913
000000000066,2,improved_fp4_cache,20.283748626708984,0.8536490797996521,0.00936752650886774,0.12557359039783478
000000000067,0,improved_fp16_cache,41.737937927246094,0.9953875541687012,6.702028622385114e-05,0.0018915769178420305
000000000067,0,improved_fp8_cache,7.662120819091797,0.004115910269320011,0.17131203413009644,0.9793649315834045
000000000067,0,improved_fp4_cache,21.261293411254883,0.78263920545578,0.00747946510091424,0.17172959446907043
000000000067,1,improved_fp16_cache,49.24381637573242,0.9982097148895264,1.1901953257620335e-05,0.0009257663623429835
000000000067,1,improved_fp8_cache,10.630448341369629,0.005536221899092197,0.08648785203695297,0.8982291221618652
000000000067,1,improved_fp4_cache,22.80522346496582,0.7902266383171082,0.00524176424369216,0.1575595885515213
000000000067,2,improved_fp16_cache,46.599853515625,0.9976291060447693,2.18783625314245e-05,0.0008679201127961278
000000000067,2,improved_fp8_cache,6.930763244628906,0.004954589065164328,0.2027326375246048,1.0307517051696777
000000000067,2,improved_fp4_cache,20.087677001953125,0.7751244306564331,0.009800138883292675,0.16549859941005707
000000000068,0,improved_fp16_cache,49.71821594238281,0.997555136680603,1.0670340088836383e-05,0.0011019586818292737
000000000068,0,improved_fp8_cache,5.355319976806641,0.0015739680966362357,0.2913855314254761,0.9981510043144226
000000000068,0,improved_fp4_cache,21.822486877441406,0.830046534538269,0.006572812795639038,0.17017647624015808
000000000068,1,improved_fp16_cache,52.962890625,0.9980183839797974,5.054877419752302e-06,0.0006584962829947472
000000000068,1,improved_fp8_cache,7.507203102111816,0.009808736853301525,0.17753322422504425,0.8682576417922974
000000000068,1,improved_fp4_cache,25.445646286010742,0.8686081767082214,0.0028538766782730818,0.1257372796535492
000000000068,2,improved_fp16_cache,52.285457611083984,0.9980043172836304,5.908180810365593e-06,0.0006738761439919472
000000000068,2,improved_fp8_cache,5.242152214050293,0.006875856779515743,0.29907819628715515,0.9735107421875
000000000068,2,improved_fp4_cache,21.538787841796875,0.8519154787063599,0.007016509771347046,0.13190922141075134
000000000069,0,improved_fp16_cache,48.65235137939453,0.9983126521110535,1.3638440577778965e-05,0.0008753999136388302
000000000069,0,improved_fp8_cache,5.545223712921143,0.0008426278363913298,0.27891868352890015,0.9938061237335205
000000000069,0,improved_fp4_cache,20.759857177734375,0.6956736445426941,0.008394873701035976,0.20677201449871063
000000000069,1,improved_fp16_cache,51.02126693725586,0.9978145360946655,7.904475751274731e-06,0.0009508571238256991
000000000069,1,improved_fp8_cache,8.426884651184082,0.0038754362612962723,0.14365194737911224,0.9008694887161255
000000000069,1,improved_fp4_cache,23.19293785095215,0.7895748615264893,0.004794089123606682,0.18381661176681519
000000000069,2,improved_fp16_cache,49.660484313964844,0.9975254535675049,1.0813130757014733e-05,0.0012547073420137167
000000000069,2,improved_fp8_cache,4.699826717376709,0.0009192405268549919,0.33885765075683594,1.0385162830352783
000000000069,2,improved_fp4_cache,21.076919555664062,0.769515872001648,0.007803832646459341,0.2114134132862091
000000000070,0,improved_fp16_cache,52.58199691772461,0.998183012008667,5.518234047485748e-06,0.00045433503692038357
000000000070,0,improved_fp8_cache,2.4980664253234863,0.0003140150220133364,0.5625917315483093,0.9211735129356384
000000000070,0,improved_fp4_cache,24.741708755493164,0.8742643594741821,0.0033560555893927813,0.14326509833335876
000000000070,1,improved_fp16_cache,50.04594802856445,0.9972894191741943,9.894746654026676e-06,0.0007264187443070114
000000000070,1,improved_fp8_cache,4.378897190093994,0.0007588500156998634,0.3648465573787689,0.977520763874054
000000000070,1,improved_fp4_cache,26.732330322265625,0.8889082670211792,0.0021221048664301634,0.13415618240833282
000000000070,2,improved_fp16_cache,54.240196228027344,0.9980409145355225,3.7668658023903845e-06,0.0005001379759050906
000000000070,2,improved_fp8_cache,2.390686273574829,0.00021789802121929824,0.576675295829773,0.9125045537948608
000000000070,2,improved_fp4_cache,25.345399856567383,0.9113863706588745,0.002920518396422267,0.13089562952518463
000000000071,0,improved_fp16_cache,54.124271392822266,0.998814582824707,3.8687671803927515e-06,0.0001312094391323626
000000000071,0,improved_fp8_cache,0.8174986243247986,0.001926180673763156,0.8284191489219666,0.9204680919647217
000000000071,0,improved_fp4_cache,25.167570114135742,0.902407169342041,0.0030425868462771177,0.04610258340835571
000000000071,1,improved_fp16_cache,54.49226379394531,0.9988624453544617,3.554458999133203e-06,8.36244216770865e-05
000000000071,1,improved_fp8_cache,0.7859200835227966,0.002376440679654479,0.8344647288322449,0.9193778038024902
000000000071,1,improved_fp4_cache,24.59415054321289,0.9045521020889282,0.0034720420371741056,0.026435310021042824
000000000071,2,improved_fp16_cache,53.96487808227539,0.9989136457443237,4.013395937363384e-06,0.00013086933176964521
000000000071,2,improved_fp8_cache,0.7202426791191101,0.000807998119853437,0.8471800684928894,0.9146305322647095
000000000071,2,improved_fp4_cache,22.92287826538086,0.9041582345962524,0.005101665388792753,0.029410483315587044
000000000072,0,improved_fp16_cache,52.198143005371094,0.9978700876235962,6.0281704463704955e-06,0.0004682252765633166
000000000072,0,improved_fp8_cache,4.755061626434326,0.06881581246852875,0.33457526564598083,0.8888594508171082
000000000072,0,improved_fp4_cache,23.630765914916992,0.8157492876052856,0.004334343131631613,0.10445964336395264
000000000072,1,improved_fp16_cache,51.65265655517578,0.9982967376708984,6.834932719357312e-06,0.00047240022104233503
000000000072,1,improved_fp8_cache,5.94240140914917,0.10025805234909058,0.2545422315597534,0.8827235698699951
000000000072,1,improved_fp4_cache,24.169734954833984,0.8532659411430359,0.003828479675576091,0.10104586184024811
000000000072,2,improved_fp16_cache,51.612152099609375,0.9979767203330994,6.898975698277354e-06,0.00034217367647215724
000000000072,2,improved_fp8_cache,3.8325355052948,0.060463469475507736,0.4137580394744873,0.9042377471923828
000000000072,2,improved_fp4_cache,22.49947738647461,0.8058379888534546,0.005624088924378157,0.11542226374149323
000000000073,0,improved_fp16_cache,52.26010513305664,0.9979197382926941,5.942774350842228e-06,0.0003998547908850014
000000000073,0,improved_fp8_cache,4.034806251525879,0.001267783809453249,0.39492931962013245,0.9634469747543335
000000000073,0,improved_fp4_cache,22.32130241394043,0.7976121306419373,0.005859622731804848,0.12690643966197968
000000000073,1,improved_fp16_cache,51.77003479003906,0.9976725578308105,6.6526795308163855e-06,0.0004397579759825021
000000000073,1,improved_fp8_cache,4.571385860443115,0.0012391742784529924,0.34902891516685486,0.9481613636016846
000000000073,1,improved_fp4_cache,23.325822830200195,0.7992307543754578,0.004649621434509754,0.1392943561077118
000000000073,2,improved_fp16_cache,50.510154724121094,0.9978188276290894,8.891692232282367e-06,0.0005975801032036543
000000000073,2,improved_fp8_cache,3.723546028137207,0.00039219786413013935,0.42427298426628113,0.9746058583259583
000000000073,2,improved_fp4_cache,21.01251792907715,0.7896260023117065,0.007920417934656143,0.13153570890426636
000000000074,0,improved_fp16_cache,51.83628845214844,0.998123824596405,6.551952083100332e-06,0.0012974678538739681
000000000074,0,improved_fp8_cache,7.574600696563721,0.0022444603964686394,0.17479939758777618,0.9748972654342651
000000000074,0,improved_fp4_cache,23.505159378051758,0.8076921701431274,0.004461531061679125,0.2398231029510498
000000000074,1,improved_fp16_cache,54.713130950927734,0.9981555938720703,3.378209839866031e-06,0.0006715513300150633
000000000074,1,improved_fp8_cache,10.153341293334961,0.009459353052079678,0.09653079509735107,0.8057825565338135
000000000074,1,improved_fp4_cache,24.021038055419922,0.8519526720046997,0.003961831796914339,0.13136959075927734
000000000074,2,improved_fp16_cache,51.13604736328125,0.9978780746459961,7.698307854298037e-06,0.0009012348600663245
000000000074,2,improved_fp8_cache,6.919439315795898,0.005436934530735016,0.20326192677021027,0.904280424118042
000000000074,2,improved_fp4_cache,21.471174240112305,0.8527544736862183,0.007126601878553629,0.14117564260959625
000000000075,0,improved_fp16_cache,48.47259521484375,0.9979171752929688,1.4214786460797768e-05,0.0005836834898218513
000000000075,0,improved_fp8_cache,7.098215103149414,0.04226843640208244,0.19506461918354034,1.0005664825439453
000000000075,0,improved_fp4_cache,20.2374210357666,0.671423614025116,0.009467989206314087,0.20135143399238586
000000000075,1,improved_fp16_cache,50.207794189453125,0.998062789440155,9.532804142509121e-06,0.0006031752564013004
000000000075,1,improved_fp8_cache,10.655967712402344,0.06426346302032471,0.08598113059997559,0.9228454828262329
000000000075,1,improved_fp4_cache,24.09604835510254,0.7574683427810669,0.003893991932272911,0.13357393443584442
000000000075,2,improved_fp16_cache,51.439579010009766,0.9984426498413086,7.178632131399354e-06,0.00033952135709114373
000000000075,2,improved_fp8_cache,7.262783527374268,0.0309324748814106,0.1878112554550171,0.9890120625495911
000000000075,2,improved_fp4_cache,20.832382202148438,0.7063576579093933,0.008255846798419952,0.1496046632528305
000000000076,0,improved_fp16_cache,50.697811126708984,0.9981935024261475,8.515668014297262e-06,0.00046540299081243575
000000000076,0,improved_fp8_cache,5.811039924621582,0.0007235992234200239,0.26235902309417725,0.9521092176437378
000000000076,0,improved_fp4_cache,22.632003784179688,0.840591311454773,0.00545506039634347,0.13723742961883545
000000000076,1,improved_fp16_cache,47.491180419921875,0.9977047443389893,1.7818934793467633e-05,0.0007775435224175453
000000000076,1,improved_fp8_cache,7.021307468414307,0.0015935709234327078,0.19854967296123505,0.9241992831230164
000000000076,1,improved_fp4_cache,23.7779598236084,0.8641899824142456,0.004189902916550636,0.11727254092693329
000000000076,2,improved_fp16_cache,51.363319396972656,0.9982520937919617,7.305798135348596e-06,0.0005549977067857981
000000000076,2,improved_fp8_cache,5.180788040161133,0.0005474968929775059,0.3033340573310852,0.9935628771781921
000000000076,2,improved_fp4_cache,22.805767059326172,0.8687745928764343,0.005241109523922205,0.12410163134336472
000000000077,0,improved_fp16_cache,49.71220397949219,0.9980975985527039,1.0685122106224298e-05,0.0009212386794388294
000000000077,0,improved_fp8_cache,4.950640678405762,0.001819994649849832,0.3198423385620117,1.0227998495101929
000000000077,0,improved_fp4_cache,19.76470375061035,0.7213818430900574,0.010556730441749096,0.20863844454288483
000000000077,1,improved_fp16_cache,49.46238327026367,0.9978956580162048,1.1317787539155688e-05,0.00087672786321491
000000000077,1,improved_fp8_cache,7.531465530395508,0.002147883176803589,0.1765441745519638,0.9803922772407532
000000000077,1,improved_fp4_cache,20.624380111694336,0.7178955078125,0.008660879917442799,0.19414180517196655
000000000077,2,improved_fp16_cache,38.72086715698242,0.9905628561973572,0.00013424968346953392,0.005759295541793108
000000000077,2,improved_fp8_cache,5.687887668609619,0.0015297336503863335,0.269905149936676,1.0261272192001343
000000000077,2,improved_fp4_cache,20.989429473876953,0.7319574356079102,0.007962637580931187,0.17804621160030365
000000000078,0,improved_fp16_cache,52.413330078125,0.9976560473442078,5.736761522712186e-06,0.0006036052363924682
000000000078,0,improved_fp8_cache,7.952081680297852,0.0011140380520373583,0.16024769842624664,0.8560513854026794
000000000078,0,improved_fp4_cache,21.399524688720703,0.8373918533325195,0.007245149463415146,0.13141599297523499
000000000078,1,improved_fp16_cache,53.10313415527344,0.9977800250053406,4.8942524699668866e-06,0.0006701417732983828
000000000078,1,improved_fp8_cache,11.005663871765137,0.002239001914858818,0.07932927459478378,0.7923232913017273
000000000078,1,improved_fp4_cache,23.46391487121582,0.8472137451171875,0.004504103679209948,0.15053723752498627
000000000078,2,improved_fp16_cache,49.33955383300781,0.9975807666778564,1.1642458957794588e-05,0.000929849804379046
000000000078,2,improved_fp8_cache,7.2708845138549805,0.0007347683422267437,0.187461256980896,0.8792039752006531
000000000078,2,improved_fp4_cache,20.485198974609375,0.8312965631484985,0.008942932821810246,0.15157710015773773
000000000079,0,improved_fp16_cache,43.8115348815918,0.9949803352355957,4.157633884460665e-05,0.0018149857642129064
000000000079,0,improved_fp8_cache,6.956692218780518,0.006286479067057371,0.20152585208415985,0.8563135266304016
000000000079,0,improved_fp4_cache,20.109338760375977,0.8326324224472046,0.009751376695930958,0.13030998408794403
000000000079,1,improved_fp16_cache,52.78255081176758,0.9980470538139343,5.269200755719794e-06,0.0005159983993507922
000000000079,1,improved_fp8_cache,10.928698539733887,0.02058316022157669,0.08074769377708435,0.8119975328445435
000000000079,1,improved_fp4_cache,22.769729614257812,0.8404821157455444,0.005284780170768499,0.12358517199754715
000000000079,2,improved_fp16_cache,49.26524353027344,0.9973136782646179,1.184336724691093e-05,0.0008160120341926813
000000000079,2,improved_fp8_cache,6.855434894561768,0.003703212831169367,0.2062796801328659,0.9145758748054504
000000000079,2,improved_fp4_cache,19.71348762512207,0.8325745463371277,0.010681964457035065,0.13399840891361237
000000000080,0,improved_fp16_cache,50.54209518432617,0.9980358481407166,8.82653421285795e-06,0.0003891552914865315
000000000080,0,improved_fp8_cache,4.871036052703857,0.001404411974363029,0.3257589638233185,1.094801664352417
000000000080,0,improved_fp4_cache,20.451793670654297,0.8173818588256836,0.009011986665427685,0.15517495572566986
000000000080,1,improved_fp16_cache,50.69036865234375,0.9979759454727173,8.530275408702437e-06,0.00039422648842446506
000000000080,1,improved_fp8_cache,6.900155067443848,0.00220355112105608,0.2041664868593216,1.0757838487625122
000000000080,1,improved_fp4_cache,21.64443588256836,0.7986637949943542,0.006847882177680731,0.15445218980312347
000000000080,2,improved_fp16_cache,51.352745056152344,0.998021125793457,7.323613317566924e-06,0.0003333240165375173
000000000080,2,improved_fp8_cache,4.760120868682861,0.0013089613057672977,0.33418571949005127,1.0890741348266602
000000000080,2,improved_fp4_cache,20.509965896606445,0.7919473648071289,0.008892078883945942,0.14948980510234833
000000000081,0,improved_fp16_cache,49.486854553222656,0.998177707195282,1.1254193850618321e-05,0.0007625987054780126
000000000081,0,improved_fp8_cache,8.168778419494629,0.0039036914240568876,0.1524481177330017,0.8890194892883301
000000000081,0,improved_fp4_cache,21.20847511291504,0.764079749584198,0.007570988032966852,0.16156211495399475
000000000081,1,improved_fp16_cache,50.68666458129883,0.998314380645752,8.537549547327217e-06,0.0006606265087611973
000000000081,1,improved_fp8_cache,10.393746376037598,0.011254407465457916,0.09133250266313553,0.7705647945404053
000000000081,1,improved_fp4_cache,23.2393741607666,0.7447978854179382,0.0047431024722754955,0.12890368700027466
000000000081,2,improved_fp16_cache,46.26810836791992,0.9974849224090576,2.3615046302438714e-05,0.0011920377146452665
000000000081,2,improved_fp8_cache,7.561239719390869,0.002980052260681987,0.1753379851579666,0.9231630563735962
000000000081,2,improved_fp4_cache,20.941442489624023,0.7969662547111511,0.00805110577493906,0.15070194005966187
000000000082,0,improved_fp16_cache,50.71104431152344,0.9981560111045837,8.489757419738453e-06,0.0003922447795048356
000000000082,0,improved_fp8_cache,7.482802391052246,0.003050480503588915,0.17853350937366486,0.9544665217399597
000000000082,0,improved_fp4_cache,21.528242111206055,0.7399958372116089,0.0070335655473172665,0.14475691318511963
000000000082,1,improved_fp16_cache,48.510501861572266,0.9978675842285156,1.4091257071413565e-05,0.0004456828464753926
000000000082,1,improved_fp8_cache,10.637741088867188,0.010440157726407051,0.08634275197982788,0.8749130368232727
000000000082,1,improved_fp4_cache,22.81181526184082,0.7506758570671082,0.00523381307721138,0.14110516011714935
000000000082,2,improved_fp16_cache,49.20918273925781,0.9975824356079102,1.1997245564998593e-05,0.000532499048858881
000000000082,2,improved_fp8_cache,7.2193403244018555,0.0030529059004038572,0.18969939649105072,0.9592138528823853
000000000082,2,improved_fp4_cache,21.397586822509766,0.753813624382019,0.007248383015394211,0.14198708534240723
000000000083,0,improved_fp16_cache,53.388763427734375,0.9987313151359558,4.5827205212845e-06,0.00020608550403267145
000000000083,0,improved_fp8_cache,1.4012763500213623,0.0007546601700596511,0.7242230772972107,0.8372125625610352
000000000083,0,improved_fp4_cache,27.402618408203125,0.9630240201950073,0.0018186041852459311,0.052859894931316376
000000000083,1,improved_fp16_cache,52.63468551635742,0.998341977596283,5.451688139146427e-06,0.00034740730188786983
000000000083,1,improved_fp8_cache,2.0340983867645264,0.0002552795922383666,0.6260228157043457,0.858684241771698
000000000083,1,improved_fp4_cache,27.251245498657227,0.9625813364982605,0.0018831085180863738,0.06006902828812599
000000000083,2,improved_fp16_cache,53.61374282836914,0.9982699155807495,4.351365532784257e-06,0.00023940575192682445
000000000083,2,improved_fp8_cache,0.7586681842803955,0.00013659555406775326,0.839717447757721,0.8545327186584473
000000000083,2,improved_fp4_cache,27.412586212158203,0.9604601263999939,0.0018144339555874467,0.06156885623931885
000000000084,0,improved_fp16_cache,51.131866455078125,0.9982573986053467,7.705718417128082e-06,0.00037731201155111194
000000000084,0,improved_fp8_cache,3.0005927085876465,0.0005834866315126419,0.5011188387870789,1.0067861080169678
000000000084,0,improved_fp4_cache,20.936904907226562,0.8529576063156128,0.008059523068368435,0.15544316172599792
000000000084,1,improved_fp16_cache,50.20927810668945,0.997907817363739,9.529537237540353e-06,0.0004522324015852064
000000000084,1,improved_fp8_cache,4.102424144744873,0.0010533083695918322,0.38882800936698914,1.0145111083984375
000000000084,1,improved_fp4_cache,22.918455123901367,0.8581547737121582,0.005106864497065544,0.13961127400398254
000000000084,2,improved_fp16_cache,44.53005599975586,0.9965621829032898,3.523663690430112e-05,0.0010445110965520144
000000000084,2,improved_fp8_cache,2.5939512252807617,0.0006313773337751627,0.5503067970275879,1.018495798110962
000000000084,2,improved_fp4_cache,20.653383255004883,0.8564876317977905,0.0086032310500741,0.1365881711244583
000000000085,0,improved_fp16_cache,53.85811233520508,0.9986847639083862,4.113283011975e-06,0.0001431626151315868
000000000085,0,improved_fp8_cache,1.540798306465149,0.018451973795890808,0.7013263702392578,0.9627529382705688
000000000085,0,improved_fp4_cache,20.842893600463867,0.8157309293746948,0.008235889486968517,0.10294637829065323
000000000085,1,improved_fp16_cache,50.38601303100586,0.9982348680496216,9.149523975793272e-06,0.00027644686633720994
000000000085,1,improved_fp8_cache,1.9203667640686035,0.018978362902998924,0.6426334381103516,0.9737981557846069
000000000085,1,improved_fp4_cache,22.007768630981445,0.8151483535766602,0.006298294756561518,0.09477612376213074
000000000085,2,improved_fp16_cache,51.34856033325195,0.9987489581108093,7.330671451200033e-06,0.0002158657880499959
000000000085,2,improved_fp8_cache,1.5209003686904907,0.020056558772921562,0.7045469880104065,0.9757629036903381
000000000085,2,improved_fp4_cache,22.54950714111328,0.8121523857116699,0.005559673998504877,0.0915827676653862
000000000086,0,improved_fp16_cache,49.658470153808594,0.9979280829429626,1.0818136615853291e-05,0.0003407054173294455
000000000086,0,improved_fp8_cache,3.3813509941101074,0.00048399119987152517,0.4590551555156708,0.9581078886985779
000000000086,0,improved_fp4_cache,22.555679321289062,0.8815983533859253,0.005551776383072138,0.10000308603048325
000000000086,1,improved_fp16_cache,47.136497497558594,0.9975299835205078,1.933524981723167e-05,0.0006238278583623469
000000000086,1,improved_fp8_cache,5.127274036407471,0.0006944047636352479,0.30709487199783325,0.9365807175636292
000000000086,1,improved_fp4_cache,23.78253936767578,0.8949713110923767,0.004185486119240522,0.10986945778131485
000000000086,2,improved_fp16_cache,46.27467727661133,0.9971110224723816,2.357935591135174e-05,0.0006954820710234344
000000000086,2,improved_fp8_cache,2.9962100982666016,0.00033904920564964414,0.5016247630119324,0.9723821878433228
000000000086,2,improved_fp4_cache,22.523860931396484,0.8861062526702881,0.005592601839452982,0.10523019731044769
000000000087,0,improved_fp16_cache,52.418128967285156,0.99868243932724,5.730425527872285e-06,0.0004414106660988182
000000000087,0,improved_fp8_cache,1.8457902669906616,0.0008458222146145999,0.6537639498710632,1.021741271018982
000000000087,0,improved_fp4_cache,21.018293380737305,0.8738939762115479,0.007909893058240414,0.14291176199913025
000000000087,1,improved_fp16_cache,49.192386627197266,0.9982163310050964,1.2043728020216804e-05,0.0007540024816989899
000000000087,1,improved_fp8_cache,3.2012410163879395,0.0009548731031827629,0.478493332862854,1.0246315002441406
000000000087,1,improved_fp4_cache,22.618629455566406,0.8749369978904724,0.0054718852043151855,0.15501448512077332
000000000087,2,improved_fp16_cache,44.154747009277344,0.9977837800979614,3.8417147152358666e-05,0.001290988875553012
000000000087,2,improved_fp8_cache,2.176316976547241,0.0007262096623890102,0.6058544516563416,1.0265580415725708
000000000087,2,improved_fp4_cache,21.79291534423828,0.8687369227409363,0.006617719307541847,0.14223864674568176
000000000088,0,improved_fp16_cache,46.07811737060547,0.9973108768463135,2.467107515258249e-05,0.0007423316710628569
000000000088,0,improved_fp8_cache,6.569041728973389,0.0035995226353406906,0.2203412652015686,1.111070156097412
000000000088,0,improved_fp4_cache,18.485885620117188,0.5121392011642456,0.014171351678669453,0.21699684858322144
000000000088,1,improved_fp16_cache,42.686729431152344,0.9941190481185913,5.386749762692489e-05,0.0019898873288184404
000000000088,1,improved_fp8_cache,7.780787467956543,0.00491577573120594,0.16669447720050812,1.0561389923095703
000000000088,1,improved_fp4_cache,19.654714584350586,0.5450145602226257,0.010827508755028248,0.2160034477710724
000000000088,2,improved_fp16_cache,43.80998992919922,0.9963261485099792,4.1591123590478674e-05,0.0016578257782384753
000000000088,2,improved_fp8_cache,5.934328079223633,0.0029358044266700745,0.25501585006713867,1.1104979515075684
000000000088,2,improved_fp4_cache,17.735023498535156,0.5243151187896729,0.016846030950546265,0.22997219860553741
000000000089,0,improved_fp16_cache,55.27009201049805,0.9985553622245789,2.9716018161707325e-06,0.0002374043979216367
000000000089,0,improved_fp8_cache,5.237433910369873,0.018105924129486084,0.2994033098220825,0.9175562858581543
000000000089,0,improved_fp4_cache,21.285207748413086,0.8718746900558472,0.007438391912728548,0.10605263710021973
000000000089,1,improved_fp16_cache,52.116180419921875,0.9979753494262695,6.143016889836872e-06,0.0003797892713919282
000000000089,1,improved_fp8_cache,6.158507347106934,0.028247002512216568,0.24218611419200897,0.9262464046478271
000000000089,1,improved_fp4_cache,21.98800277709961,0.8912193775177002,0.0063270279206335545,0.08890026807785034
000000000089,2,improved_fp16_cache,52.4874153137207,0.9981554746627808,5.639729351969436e-06,0.00036322747473604977
000000000089,2,improved_fp8_cache,4.799727439880371,0.016322080045938492,0.3311518728733063,0.9534683227539062
000000000089,2,improved_fp4_cache,21.25118064880371,0.8932589292526245,0.00749690318480134,0.0796993225812912
000000000090,0,improved_fp16_cache,51.8887939453125,0.9993540048599243,6.473223038483411e-06,0.0001346751523669809
000000000090,0,improved_fp8_cache,0.420418918132782,0.00011024315608665347,0.9077329635620117,0.8864203691482544
000000000090,0,improved_fp4_cache,21.611417770385742,0.936233401298523,0.006900144275277853,0.05697600543498993
000000000090,1,improved_fp16_cache,48.5580940246582,0.9986216425895691,1.3937670701125171e-05,0.00021349414600990713
000000000090,1,improved_fp8_cache,0.37728461623191833,0.00012719380902126431,0.9167935252189636,0.8938338756561279
000000000090,1,improved_fp4_cache,22.88196563720703,0.948153018951416,0.005149955861270428,0.042687248438596725
000000000090,2,improved_fp16_cache,50.46725082397461,0.9992094039916992,8.979962331068236e-06,0.00014794539310969412
000000000090,2,improved_fp8_cache,0.3337674140930176,0.00010680984996724874,0.9260261654853821,0.8865824937820435
000000000090,2,improved_fp4_cache,21.85138511657715,0.945960521697998,0.006529223173856735,0.05254148691892624
000000000091,0,improved_fp16_cache,41.36470031738281,0.994719386100769,7.303478923859075e-05,0.002073649549856782
000000000091,0,improved_fp8_cache,4.163458347320557,0.0012507098726928234,0.3834017813205719,1.1040213108062744
000000000091,0,improved_fp4_cache,17.78445816040039,0.6237314939498901,0.016655363142490387,0.2140108346939087
000000000091,1,improved_fp16_cache,45.60759735107422,0.9976417422294617,2.74941176030552e-05,0.0005813849275000393
000000000091,1,improved_fp8_cache,5.540950775146484,0.003204433713108301,0.279193252325058,1.1073962450027466
000000000091,1,improved_fp4_cache,18.512426376342773,0.6109277606010437,0.014085013419389725,0.22789926826953888
000000000091,2,improved_fp16_cache,46.94992446899414,0.9980076551437378,2.0183995729894377e-05,0.0005311891436576843
000000000091,2,improved_fp8_cache,4.0649518966674805,0.0010964504908770323,0.39219745993614197,1.1067372560501099
000000000091,2,improved_fp4_cache,18.533363342285156,0.6438291072845459,0.014017277397215366,0.20830516517162323
000000000092,0,improved_fp16_cache,48.958133697509766,0.9984645247459412,1.2711199815385044e-05,0.0004637429374270141
000000000092,0,improved_fp8_cache,2.8678150177001953,0.00020565662998706102,0.5166762471199036,1.0880173444747925
000000000092,0,improved_fp4_cache,21.18764305114746,0.7393217086791992,0.007607387378811836,0.1901879459619522
000000000092,1,improved_fp16_cache,44.11286163330078,0.9967002868652344,3.878947245539166e-05,0.0011547707254067063
000000000092,1,improved_fp8_cache,3.0265533924102783,0.00019287066243123263,0.49813222885131836,1.0816261768341064
000000000092,1,improved_fp4_cache,22.124542236328125,0.7512201070785522,0.006131203379482031,0.17503534257411957
000000000092,2,improved_fp16_cache,44.37776184082031,0.9976483583450317,3.6494162486633286e-05,0.001243592705577612
000000000092,2,improved_fp8_cache,2.0726735591888428,0.00012337077350821346,0.6204869151115417,1.0946553945541382
000000000092,2,improved_fp4_cache,22.181049346923828,0.772378146648407,0.006051944103091955,0.16982439160346985
000000000093,0,improved_fp16_cache,49.98884582519531,0.9975850582122803,1.0025707524619065e-05,0.0006729107699356973
000000000093,0,improved_fp8_cache,4.59730339050293,0.0016484835650771856,0.3469521999359131,0.9522504210472107
000000000093,0,improved_fp4_cache,22.22328758239746,0.7357308864593506,0.0059933713637292385,0.21003174781799316
000000000093,1,improved_fp16_cache,48.083045959472656,0.9971789717674255,1.5548734154435806e-05,0.0008402355597354472
000000000093,1,improved_fp8_cache,6.374669075012207,0.002823304384946823,0.2304268330335617,0.9246882200241089
000000000093,1,improved_fp4_cache,24.54019546508789,0.8204209804534912,0.00351544632576406,0.149290069937706
000000000093,2,improved_fp16_cache,47.506126403808594,0.9969624280929565,1.7757725800038315e-05,0.0008867832366377115
000000000093,2,improved_fp8_cache,4.164814472198486,0.0014844484394416213,0.3832820951938629,0.9552483558654785
000000000093,2,improved_fp4_cache,23.54416275024414,0.79903644323349,0.004421641118824482,0.13974125683307648
000000000094,0,improved_fp16_cache,47.90260696411133,0.9979133605957031,1.6208361557801254e-05,0.0008128548506647348
000000000094,0,improved_fp8_cache,6.687714576721191,0.25463658571243286,0.21440182626247406,0.8659588098526001
000000000094,0,improved_fp4_cache,21.118053436279297,0.7962881922721863,0.007730267941951752,0.1321231722831726
000000000094,1,improved_fp16_cache,45.96786880493164,0.9974230527877808,2.530538222345058e-05,0.0007228500908240676
000000000094,1,improved_fp8_cache,7.944289207458496,0.30707675218582153,0.16053546965122223,0.7883880734443665
000000000094,1,improved_fp4_cache,21.761674880981445,0.8062467575073242,0.006665497552603483,0.11658060550689697
000000000094,2,improved_fp16_cache,48.06313705444336,0.9978296756744385,1.562018587719649e-05,0.0006234334432519972
000000000094,2,improved_fp8_cache,6.40377950668335,0.2395113706588745,0.22888748347759247,0.8585973978042603
000000000094,2,improved_fp4_cache,20.479110717773438,0.7693825960159302,0.008955477736890316,0.13051822781562805
000000000095,0,improved_fp16_cache,45.37960433959961,0.9971644282341003,2.897605736507103e-05,0.0011766443494707346
000000000095,0,improved_fp8_cache,9.692373275756836,0.013018785044550896,0.1073402538895607,0.9549925923347473
000000000095,0,improved_fp4_cache,17.87886619567871,0.6135814189910889,0.016297215595841408,0.30566996335983276
000000000095,1,improved_fp16_cache,38.034271240234375,0.9916681051254272,0.00015724354307167232,0.004779501352459192
000000000095,1,improved_fp8_cache,13.374124526977539,0.025945281609892845,0.045981962233781815,0.8669600486755371
000000000095,1,improved_fp4_cache,20.682079315185547,0.6682948470115662,0.008546571247279644,0.2531014084815979
000000000095,2,improved_fp16_cache,49.36864471435547,0.9978546500205994,1.1564727174118161e-05,0.0007083365926519036
000000000095,2,improved_fp8_cache,10.803949356079102,0.008958372287452221,0.08310075104236603,0.9884306192398071
000000000095,2,improved_fp4_cache,20.12913703918457,0.6492118835449219,0.009707026183605194,0.253919780254364
000000000096,0,improved_fp16_cache,51.17647933959961,0.9986028075218201,7.626970273122424e-06,0.000416758528444916
000000000096,0,improved_fp8_cache,3.560020923614502,0.0005425871349871159,0.4405527114868164,1.0260565280914307
000000000096,0,improved_fp4_cache,23.064678192138672,0.8421529531478882,0.004937784280627966,0.12939873337745667
000000000096,1,improved_fp16_cache,46.350101470947266,0.9980289340019226,2.3173393856268376e-05,0.0009160470799542964
000000000096,1,improved_fp8_cache,4.4125871658325195,0.0007684195879846811,0.36202725768089294,1.001145601272583
000000000096,1,improved_fp4_cache,22.12111473083496,0.8115495443344116,0.0061360434629023075,0.1633215695619583
000000000096,2,improved_fp16_cache,45.90309524536133,0.9967142939567566,2.568562740634661e-05,0.0017063618870452046
000000000096,2,improved_fp8_cache,3.4574484825134277,0.00045475258957594633,0.45108160376548767,1.0357612371444702
000000000096,2,improved_fp4_cache,22.68050765991211,0.841938853263855,0.005394473671913147,0.1331329494714737
000000000097,0,improved_fp16_cache,39.80478286743164,0.9954847693443298,0.00010459759505465627,0.0019100256031379104
000000000097,0,improved_fp8_cache,3.4684324264526367,0.0021917414851486683,0.4499422013759613,1.17581307888031
000000000097,0,improved_fp4_cache,17.565628051757812,0.538112223148346,0.01751609332859516,0.23524916172027588
000000000097,1,improved_fp16_cache,44.67068862915039,0.9974998235702515,3.411386569496244e-05,0.0010304860770702362
000000000097,1,improved_fp8_cache,6.282238006591797,0.002610420808196068,0.23538358509540558,1.136900544166565
000000000097,1,improved_fp4_cache,20.124433517456055,0.6104919910430908,0.009717542678117752,0.1982978880405426
000000000097,2,improved_fp16_cache,44.9326171875,0.9976803660392761,3.2117237424245104e-05,0.001003641402348876
000000000097,2,improved_fp8_cache,3.805009126663208,0.0023704227060079575,0.4163888394832611,1.1615800857543945
000000000097,2,improved_fp4_cache,18.41179084777832,0.5897737741470337,0.014415199868381023,0.21940511465072632
000000000098,0,improved_fp16_cache,46.906837463378906,0.9978808164596558,2.0385239622555673e-05,0.0003446128102950752
000000000098,0,improved_fp8_cache,2.698320150375366,0.048058122396469116,0.5372395515441895,0.9921432137489319
000000000098,0,improved_fp4_cache,18.845481872558594,0.8200445175170898,0.013045229949057102,0.08864256739616394
000000000098,1,improved_fp16_cache,50.74802780151367,0.9979017972946167,8.417775461566634e-06,0.00026527734007686377
000000000098,1,improved_fp8_cache,3.922367572784424,0.060106001794338226,0.405287504196167,0.955055832862854
000000000098,1,improved_fp4_cache,22.63507652282715,0.867132842540741,0.005451200995594263,0.07687313109636307
000000000098,2,improved_fp16_cache,43.03015899658203,0.9977340698242188,4.977183198207058e-05,0.0005162024172022939
000000000098,2,improved_fp8_cache,2.8647985458374023,0.056344687938690186,0.5170352458953857,0.988238513469696
000000000098,2,improved_fp4_cache,22.29535484313965,0.8716523051261902,0.005894735921174288,0.06282252073287964
000000000099,0,improved_fp16_cache,49.10525131225586,0.9973578453063965,1.2287814570299815e-05,0.0013456633314490318
000000000099,0,improved_fp8_cache,6.6252288818359375,0.0007315847324207425,0.21750891208648682,1.0432887077331543
000000000099,0,improved_fp4_cache,22.600435256958008,0.7544687986373901,0.005494856741279364,0.21995848417282104
000000000099,1,improved_fp16_cache,48.955772399902344,0.997374415397644,1.2718101970676798e-05,0.0012181939091533422
000000000099,1,improved_fp8_cache,9.15966796875,0.0018826293526217341,0.12134815007448196,0.9332893490791321
000000000099,1,improved_fp4_cache,23.522693634033203,0.7702738046646118,0.0044435542076826096,0.1814180612564087
000000000099,2,improved_fp16_cache,50.205352783203125,0.9974910020828247,9.538161975797266e-06,0.001223224215209484
000000000099,2,improved_fp8_cache,5.897616386413574,0.0004564165719784796,0.25718066096305847,1.0911250114440918
000000000099,2,improved_fp4_cache,23.39891242980957,0.7610186338424683,0.004572026897221804,0.21046054363250732
000000000100,0,improved_fp16_cache,50.58307647705078,0.9978020191192627,8.743641046748962e-06,0.0009496459388174117
000000000100,0,improved_fp8_cache,5.364129066467285,0.0019406722858548164,0.29079508781433105,0.9990233182907104
000000000100,0,improved_fp4_cache,22.62827491760254,0.7797530889511108,0.005459746811538935,0.17491371929645538
000000000100,1,improved_fp16_cache,51.60263442993164,0.997511088848114,6.9141110543569084e-06,0.0008365051471628249
000000000100,1,improved_fp8_cache,7.791943073272705,0.0038778900634497404,0.16626682877540588,0.9519717693328857
000000000100,1,improved_fp4_cache,24.527305603027344,0.8082056045532227,0.003525894833728671,0.16744458675384521
000000000100,2,improved_fp16_cache,48.860939025878906,0.99736088514328,1.2998873899050523e-05,0.0010562724201008677
000000000100,2,improved_fp8_cache,4.683406352996826,0.0033564807381480932,0.34014129638671875,0.9840724468231201
000000000100,2,improved_fp4_cache,21.403316497802734,0.7776397466659546,0.007238827180117369,0.1869029849767685
000000000101,0,improved_fp16_cache,49.391441345214844,0.9981662631034851,1.1504184840305243e-05,0.0003542317426763475
000000000101,0,improved_fp8_cache,4.150130271911621,0.006460951641201973,0.38458022475242615,1.0288209915161133
000000000101,0,improved_fp4_cache,18.432235717773438,0.7171950340270996,0.014347502030432224,0.19508707523345947
000000000101,1,improved_fp16_cache,49.55032730102539,0.9982074499130249,1.1090909538324922e-05,0.0003812448703683913
000000000101,1,improved_fp8_cache,6.096010208129883,0.028915641829371452,0.24569649994373322,1.034868836402893
000000000101,1,improved_fp4_cache,19.089069366455078,0.743364691734314,0.012333686463534832,0.1543998122215271
000000000101,2,improved_fp16_cache,46.46536636352539,0.9980018138885498,2.256644620501902e-05,0.00048176065320149064
000000000101,2,improved_fp8_cache,3.5179014205932617,0.01291337888687849,0.44484615325927734,1.0642640590667725
000000000101,2,improved_fp4_cache,18.38736915588379,0.7419456243515015,0.014496490359306335,0.14036300778388977
000000000102,0,improved_fp16_cache,48.18027877807617,0.9974486231803894,1.5204485862341244e-05,0.0007889938424341381
000000000102,0,improved_fp8_cache,2.539296865463257,0.0024116947315633297,0.5572759509086609,1.0218234062194824
000000000102,0,improved_fp4_cache,21.353775024414062,0.8346461057662964,0.007321876939386129,0.14620225131511688
000000000102,1,improved_fp16_cache,41.10496139526367,0.9942840933799744,7.753603131277487e-05,0.0029928009025752544
000000000102,1,improved_fp8_cache,4.195493221282959,0.0029586467426270247,0.38058412075042725,1.0024374723434448
000000000102,1,improved_fp4_cache,24.320966720581055,0.8629645109176636,0.003697459353134036,0.1487714648246765
000000000102,2,improved_fp16_cache,46.65375900268555,0.9976037740707397,2.1608444512821734e-05,0.0005892440676689148
000000000102,2,improved_fp8_cache,2.522639036178589,0.0029939315281808376,0.5594175457954407,1.0162503719329834
000000000102,2,improved_fp4_cache,21.947999954223633,0.8412772417068481,0.006385574582964182,0.14804010093212128
000000000103,0,improved_fp16_cache,50.1739616394043,0.9974300265312195,9.60734632826643e-06,0.0007284621824510396
000000000103,0,improved_fp8_cache,7.244223594665527,0.011571596376597881,0.1886156052350998,1.0229400396347046
000000000103,0,improved_fp4_cache,23.689777374267578,0.6539123058319092,0.004275847226381302,0.1590503603219986
000000000103,1,improved_fp16_cache,48.58592224121094,0.9972065687179565,1.3848657545167953e-05,0.0011535705998539925
000000000103,1,improved_fp8_cache,7.606400966644287,0.008774352259933949,0.17352412641048431,1.0224955081939697
000000000103,1,improved_fp4_cache,24.304916381835938,0.6511327028274536,0.003711148165166378,0.14554078876972198
000000000103,2,improved_fp16_cache,49.302825927734375,0.9970576167106628,1.1741329217329621e-05,0.0009437685366719961
000000000103,2,improved_fp8_cache,5.550235748291016,0.0012675191974267364,0.27859699726104736,1.1266251802444458
000000000103,2,improved_fp4_cache,21.208772659301758,0.646528959274292,0.00757046602666378,0.17081758379936218
000000000104,0,improved_fp16_cache,52.01128387451172,0.9985048770904541,6.293199930951232e-06,0.0004903529188595712
000000000104,0,improved_fp8_cache,5.975059986114502,0.0017444647382944822,0.25263527035713196,0.8908005952835083
000000000104,0,improved_fp4_cache,19.877347946166992,0.8038464784622192,0.010286441072821617,0.19047093391418457
000000000104,1,improved_fp16_cache,52.54692840576172,0.9983203411102295,5.5629766393394675e-06,0.000746862671803683
000000000104,1,improved_fp8_cache,8.90225887298584,0.002581826178357005,0.12875796854496002,0.8420339226722717
000000000104,1,improved_fp4_cache,24.398460388183594,0.8716113567352295,0.0036320677027106285,0.19104443490505219
000000000104,2,improved_fp16_cache,45.7020149230957,0.9974872469902039,2.6902847821475007e-05,0.0016313493251800537
000000000104,2,improved_fp8_cache,5.720440864562988,0.000592024764046073,0.2678896188735962,1.0128200054168701
000000000104,2,improved_fp4_cache,20.71307945251465,0.8244311809539795,0.008485782891511917,0.21618683636188507
000000000105,0,improved_fp16_cache,43.289127349853516,0.9971591234207153,4.68907346657943e-05,0.0014138839906081557
000000000105,0,improved_fp8_cache,7.275856971740723,0.0007699282141402364,0.18724673986434937,0.9934754967689514
000000000105,0,improved_fp4_cache,17.34987449645996,0.6106576919555664,0.01840825192630291,0.25488191843032837
000000000105,1,improved_fp16_cache,45.41078186035156,0.9977790713310242,2.8768772608600557e-05,0.001147555187344551
000000000105,1,improved_fp8_cache,10.252303123474121,0.0038916252087801695,0.09435602277517319,0.8883256912231445
000000000105,1,improved_fp4_cache,19.200153350830078,0.6401769518852234,0.012022213079035282,0.21721142530441284
000000000105,2,improved_fp16_cache,44.557044982910156,0.99775230884552,3.5018325434066355e-05,0.0012923037866130471
000000000105,2,improved_fp8_cache,5.951121807098389,0.0002912643540184945,0.25403162837028503,1.053707242012024
000000000105,2,improved_fp4_cache,16.81175994873047,0.6468186378479004,0.02083645574748516,0.24653305113315582
000000000106,0,improved_fp16_cache,52.300941467285156,0.9986375570297241,5.8871592045761645e-06,0.0005327482940629125
000000000106,0,improved_fp8_cache,9.16671085357666,0.0015249827411025763,0.12115151435136795,0.969602108001709
000000000106,0,improved_fp4_cache,20.618785858154297,0.8012187480926514,0.00867204088717699,0.16608098149299622
000000000106,1,improved_fp16_cache,51.68110275268555,0.998595118522644,6.790307907067472e-06,0.00048215402057394385
000000000106,1,improved_fp8_cache,10.701460838317871,0.006750951986759901,0.0850851759314537,0.8157851696014404
000000000106,1,improved_fp4_cache,22.684974670410156,0.8160609006881714,0.005388929974287748,0.1144586056470871
000000000106,2,improved_fp16_cache,49.58556365966797,0.9982705116271973,1.100128883990692e-05,0.0006385355372913182
000000000106,2,improved_fp8_cache,8.131896018981934,0.0014251306420192122,0.1537483036518097,0.9629269242286682
000000000106,2,improved_fp4_cache,20.815444946289062,0.8383325934410095,0.008288108743727207,0.14117009937763214
000000000107,0,improved_fp16_cache,38.70757293701172,0.9934487342834473,0.00013466125528793782,0.003144033020362258
000000000107,0,improved_fp8_cache,3.5815577507019043,0.0006641688523814082,0.4383734166622162,1.0190107822418213
000000000107,0,improved_fp4_cache,19.150726318359375,0.7386218905448914,0.01215982437133789,0.1587158441543579
000000000107,1,improved_fp16_cache,42.067588806152344,0.9960250854492188,6.212138396222144e-05,0.001577280811034143
000000000107,1,improved_fp8_cache,6.12225866317749,0.0014739518519490957,0.24421600997447968,0.9674566388130188
000000000107,1,improved_fp4_cache,19.508615493774414,0.7334727644920349,0.011197946965694427,0.16970962285995483
000000000107,2,improved_fp16_cache,45.224822998046875,0.9978089332580566,3.0027391403564252e-05,0.0007314712856896222
000000000107,2,improved_fp8_cache,3.0040838718414307,0.0002572879602666944,0.5007161498069763,1.0240802764892578
000000000107,2,improved_fp4_cache,19.635746002197266,0.7529250979423523,0.010874900966882706,0.14971020817756653
000000000108,0,improved_fp16_cache,53.085350036621094,0.9982706308364868,4.914335022476735e-06,0.00043725676368921995
000000000108,0,improved_fp8_cache,3.4167633056640625,0.00023446010891348124,0.45532724261283875,1.048423171043396
000000000108,0,improved_fp4_cache,23.754907608032227,0.8371723890304565,0.004212201107293367,0.1905473917722702
000000000108,1,improved_fp16_cache,50.60789489746094,0.9978647232055664,8.693815289007034e-06,0.000688483938574791
000000000108,1,improved_fp8_cache,5.3575286865234375,0.0004642452113330364,0.29123738408088684,0.9965265393257141
000000000108,1,improved_fp4_cache,25.503131866455078,0.868600606918335,0.002816350432112813,0.1581433266401291
000000000108,2,improved_fp16_cache,49.97666549682617,0.9978134036064148,1.0053866390080657e-05,0.0007477612234652042
000000000108,2,improved_fp8_cache,3.3355374336242676,0.0002572296652942896,0.4639233648777008,1.022782802581787
000000000108,2,improved_fp4_cache,25.242984771728516,0.8718969821929932,0.0029902085661888123,0.15665502846240997
000000000109,0,improved_fp16_cache,46.10332107543945,0.9976716041564941,2.4528306312276982e-05,0.000818254891782999
000000000109,0,improved_fp8_cache,5.148396968841553,0.0009712803876027465,0.3056049048900604,1.1275126934051514
000000000109,0,improved_fp4_cache,17.718231201171875,0.5946463942527771,0.016911284998059273,0.22770878672599792
000000000109,1,improved_fp16_cache,46.01024627685547,0.9972701072692871,2.505965494492557e-05,0.0008440787205472589
000000000109,1,improved_fp8_cache,7.970458030700684,0.00508157117292285,0.1595710664987564,1.069204568862915
000000000109,1,improved_fp4_cache,18.789306640625,0.6022886633872986,0.013215065002441406,0.22066307067871094
000000000109,2,improved_fp16_cache,44.21122741699219,0.9970173835754395,3.792078132391907e-05,0.0014779808698222041
000000000109,2,improved_fp8_cache,4.890716552734375,0.0008669598028063774,0.3242861032485962,1.0966253280639648
000000000109,2,improved_fp4_cache,17.467914581298828,0.6229531168937683,0.017914656549692154,0.219390407204628
000000000110,0,improved_fp16_cache,42.934268951416016,0.9961482882499695,5.088299440103583e-05,0.0017945421859622002
000000000110,0,improved_fp8_cache,9.34566593170166,0.0034078711178153753,0.1162608340382576,0.7847205400466919
000000000110,0,improved_fp4_cache,21.66567039489746,0.7889918088912964,0.0068144830875098705,0.16779370605945587
000000000110,1,improved_fp16_cache,51.969234466552734,0.9983799457550049,6.354426659527235e-06,0.0005258632590994239
000000000110,1,improved_fp8_cache,12.24599552154541,0.01189850177615881,0.05962115526199341,0.7069920897483826
000000000110,1,improved_fp4_cache,25.85719108581543,0.7885903716087341,0.0025958570186048746,0.10067008435726166
000000000110,2,improved_fp16_cache,46.07136917114258,0.9972019195556641,2.4709443096071482e-05,0.0009633917361497879
000000000110,2,improved_fp8_cache,8.743460655212402,0.0034061348997056484,0.13355308771133423,0.9030106663703918
000000000110,2,improved_fp4_cache,22.154447555541992,0.796775221824646,0.006089129950851202,0.14627602696418762
000000000111,0,improved_fp16_cache,48.267669677734375,0.9979202151298523,1.4901597751304507e-05,0.000703292666003108
000000000111,0,improved_fp8_cache,5.283982276916504,0.0006540181348100305,0.2962113916873932,1.0054435729980469
000000000111,0,improved_fp4_cache,19.830760955810547,0.7389912009239197,0.010397379286587238,0.16992053389549255
000000000111,1,improved_fp16_cache,44.73471450805664,0.9970645904541016,3.361462950124405e-05,0.0012388897594064474
000000000111,1,improved_fp8_cache,7.634576320648193,0.003333545057103038,0.172402024269104,0.9679756760597229
000000000111,1,improved_fp4_cache,20.870210647583008,0.7433872222900391,0.008184247650206089,0.17233715951442719
000000000111,2,improved_fp16_cache,44.10784149169922,0.9969048500061035,3.883431418216787e-05,0.0012606134405359626
000000000111,2,improved_fp8_cache,4.829488754272461,0.0005695180734619498,0.328890323638916,1.0245463848114014
000000000111,2,improved_fp4_cache,19.379852294921875,0.7446446418762207,0.011534924618899822,0.16045038402080536
000000000112,0,improved_fp16_cache,47.13422775268555,0.9984674453735352,1.934536157932598e-05,0.000922704697586596
000000000112,0,improved_fp8_cache,4.662088871002197,0.003907686565071344,0.34181496500968933,1.057836651802063
000000000112,0,improved_fp4_cache,18.32394790649414,0.7087439298629761,0.014709745533764362,0.21878525614738464
000000000112,1,improved_fp16_cache,48.5452995300293,0.9985830187797546,1.3978795323055238e-05,0.0007086234982125461
000000000112,1,improved_fp8_cache,5.946026802062988,0.006359217222779989,0.2543298304080963,1.0372990369796753
000000000112,1,improved_fp4_cache,18.308639526367188,0.7059059143066406,0.014761689119040966,0.20962637662887573
000000000112,2,improved_fp16_cache,49.23959732055664,0.9985666275024414,1.1913511116290465e-05,0.000652632093988359
000000000112,2,improved_fp8_cache,4.272608280181885,0.005217342637479305,0.37388595938682556,1.0659024715423584
000000000112,2,improved_fp4_cache,18.528352737426758,0.7114612460136414,0.014033454470336437,0.21322761476039886
000000000113,0,improved_fp16_cache,48.058837890625,0.9981071352958679,1.5635654563084245e-05,0.0005840921076014638
000000000113,0,improved_fp8_cache,7.150982856750488,0.005029754247516394,0.19270886480808258,1.0933148860931396
000000000113,0,improved_fp4_cache,19.059768676757812,0.6967748403549194,0.01241717953234911,0.1739976406097412
000000000113,1,improved_fp16_cache,49.113365173339844,0.9980244636535645,1.2264875294931699e-05,0.0008113852818496525
000000000113,1,improved_fp8_cache,8.975540161132812,0.007578415330499411,0.12660358846187592,1.0044337511062622
000000000113,1,improved_fp4_cache,20.428369522094727,0.7157325744628906,0.009060727432370186,0.1529468595981598
000000000113,2,improved_fp16_cache,43.84214401245117,0.9974865913391113,4.1284340113634244e-05,0.001257003634236753
000000000113,2,improved_fp8_cache,6.2592902183532715,0.0014856522902846336,0.2366306334733963,1.090826153755188
000000000113,2,improved_fp4_cache,18.586212158203125,0.7107783555984497,0.013847737573087215,0.16262267529964447
000000000114,0,improved_fp16_cache,52.023311614990234,0.998465895652771,6.2757953855907544e-06,0.00026379094924777746
000000000114,0,improved_fp8_cache,1.7818149328231812,0.00016023094940464944,0.6634657382965088,0.9776813983917236
000000000114,0,improved_fp4_cache,23.962600708007812,0.8687421083450317,0.00401550205424428,0.1125146746635437
000000000114,1,improved_fp16_cache,50.965904235839844,0.9974937438964844,8.00588804850122e-06,0.0004230176564306021
000000000114,1,improved_fp8_cache,2.9922049045562744,0.0002937868412118405,0.5020875930786133,0.9910805225372314
000000000114,1,improved_fp4_cache,24.18191909790039,0.8689998388290405,0.0038177540991455317,0.1396469920873642
000000000114,2,improved_fp16_cache,48.32884216308594,0.9981290698051453,1.469316066504689e-05,0.0005646203644573689
000000000114,2,improved_fp8_cache,1.6165164709091187,0.00016013742424547672,0.6892048716545105,0.9824527502059937
000000000114,2,improved_fp4_cache,23.003501892089844,0.8551236987113953,0.005007830914109945,0.1302635371685028
000000000115,0,improved_fp16_cache,53.0751838684082,0.9977164268493652,4.925853772874689e-06,0.0005146706243976951
000000000115,0,improved_fp8_cache,4.942249298095703,0.0019390517845749855,0.3204609155654907,0.866917610168457
000000000115,0,improved_fp4_cache,21.363563537597656,0.8839329481124878,0.007305389270186424,0.17264367640018463
000000000115,1,improved_fp16_cache,53.31449890136719,0.998257040977478,4.661762886826182e-06,0.000671166111715138
000000000115,1,improved_fp8_cache,8.94767951965332,0.0030722669325768948,0.1274183690547943,0.8025506138801575
000000000115,1,improved_fp4_cache,24.86882209777832,0.8981629610061646,0.0032592490315437317,0.14338816702365875
000000000115,2,improved_fp16_cache,52.01039123535156,0.9975079894065857,6.294490503933048e-06,0.0008132027578540146
000000000115,2,improved_fp8_cache,3.84173846244812,0.0008961142739281058,0.4128821790218353,0.8866140246391296
000000000115,2,improved_fp4_cache,20.79160499572754,0.8845170736312866,0.008333728648722172,0.156483992934227
000000000116,0,improved_fp16_cache,49.6226921081543,0.9987605810165405,1.0907639079960063e-05,0.0008908769232220948
000000000116,0,improved_fp8_cache,1.9522523880004883,0.00033019398688338697,0.637932538986206,0.9859468936920166
000000000116,0,improved_fp4_cache,21.20310401916504,0.8309973478317261,0.007580354809761047,0.1263791173696518
000000000116,1,improved_fp16_cache,50.11323547363281,0.999011218547821,9.742628208186943e-06,0.00031224024132825434
000000000116,1,improved_fp8_cache,2.227519989013672,0.0013531040167436004,0.5987533926963806,0.9810913801193237
000000000116,1,improved_fp4_cache,21.5875301361084,0.8273200988769531,0.006938200443983078,0.13164199888706207
000000000116,2,improved_fp16_cache,50.89277648925781,0.9990729093551636,8.141833859554026e-06,0.0002896340738516301
000000000116,2,improved_fp8_cache,1.7183210849761963,0.00024576426949352026,0.6732368469238281,0.99287348985672
000000000116,2,improved_fp4_cache,21.571699142456055,0.8461291193962097,0.0069635361433029175,0.13506440818309784
000000000117,0,improved_fp16_cache,45.191368103027344,0.9967951774597168,3.0259589038905688e-05,0.00100858008954674
000000000117,0,improved_fp8_cache,7.239240646362305,0.0034430883824825287,0.1888321489095688,0.9053130149841309
000000000117,0,improved_fp4_cache,21.371999740600586,0.8243883848190308,0.007291215937584639,0.11720937490463257
000000000117,1,improved_fp16_cache,43.02487564086914,0.9955165386199951,4.9832469812827185e-05,0.0017474498599767685
000000000117,1,improved_fp8_cache,8.060694694519043,0.008433906361460686,0.15628975629806519,0.7832084894180298
000000000117,1,improved_fp4_cache,22.79041290283203,0.8359588384628296,0.005259671714156866,0.10756561905145645
000000000117,2,improved_fp16_cache,50.03495407104492,0.9979903101921082,9.919835974869784e-06,0.0005693581188097596
000000000117,2,improved_fp8_cache,6.61993932723999,0.0019408308435231447,0.21777398884296417,0.9500921964645386
000000000117,2,improved_fp4_cache,20.688308715820312,0.8371405601501465,0.008534320630133152,0.12976914644241333
000000000118,0,improved_fp16_cache,52.903038024902344,0.998128354549408,5.125021289131837e-06,0.00048275591689161956
000000000118,0,improved_fp8_cache,7.121222972869873,0.0005409704754129052,0.1940339356660843,0.9176757335662842
000000000118,0,improved_fp4_cache,22.498506546020508,0.9040940999984741,0.0056253462098538876,0.1397121250629425
000000000118,1,improved_fp16_cache,54.58531188964844,0.9982525110244751,3.4791137295542285e-06,0.0005294886650517583
000000000118,1,improved_fp8_cache,8.818002700805664,0.00083392602391541,0.131280317902565,0.8194721341133118
000000000118,1,improved_fp4_cache,23.2650203704834,0.914444625377655,0.004715174902230501,0.1573592722415924
000000000118,2,improved_fp16_cache,51.55137252807617,0.9975239038467407,6.996202955633635e-06,0.0007663540891371667
000000000118,2,improved_fp8_cache,5.763739109039307,0.00037820692523382604,0.2652320861816406,0.8581055998802185
000000000118,2,improved_fp4_cache,24.281702041625977,0.9264232516288757,0.003731038421392441,0.16163352131843567
000000000119,0,improved_fp16_cache,52.33253479003906,0.9981715679168701,5.844489805895137e-06,0.0005712409038096666
000000000119,0,improved_fp8_cache,10.62263298034668,0.010127060115337372,0.08664363622665405,0.7421340942382812
000000000119,0,improved_fp4_cache,23.86028480529785,0.8275446891784668,0.004111226182430983,0.13924941420555115
000000000119,1,improved_fp16_cache,50.64493942260742,0.9981040358543396,8.61997341417009e-06,0.000982282217592001
000000000119,1,improved_fp8_cache,13.30969524383545,0.012096872553229332,0.04666920006275177,0.7165200114250183
000000000119,1,improved_fp4_cache,25.276975631713867,0.8200139999389648,0.0029668956995010376,0.13936008512973785
000000000119,2,improved_fp16_cache,46.57619857788086,0.9973888397216797,2.1997844669385813e-05,0.001817656448110938
000000000119,2,improved_fp8_cache,8.784679412841797,0.004076193552464247,0.1322915107011795,0.9353046417236328
000000000119,2,improved_fp4_cache,20.553810119628906,0.7844028472900391,0.00880275946110487,0.2192462831735611
000000000120,0,improved_fp16_cache,48.036563873291016,0.9979564547538757,1.5716044799773954e-05,0.00053724943427369
000000000120,0,improved_fp8_cache,3.2318499088287354,0.0013285301392897964,0.4751327931880951,0.9699013233184814
000000000120,0,improved_fp4_cache,23.386415481567383,0.8441826701164246,0.00458520045503974,0.10516033321619034
000000000120,1,improved_fp16_cache,50.73585510253906,0.9980311393737793,8.441397767455783e-06,0.00043665646808221936
000000000120,1,improved_fp8_cache,4.821937561035156,0.003491803538054228,0.3294626772403717,0.9509948492050171
000000000120,1,improved_fp4_cache,25.39437484741211,0.8534671664237976,0.0028877693694084883,0.1101432591676712
000000000120,2,improved_fp16_cache,50.44151306152344,0.9982239603996277,9.033347851072904e-06,0.0005260974285192788
000000000120,2,improved_fp8_cache,3.181871175765991,0.0010213276837021112,0.4806321859359741,0.9745526313781738
000000000120,2,improved_fp4_cache,23.310428619384766,0.8387919664382935,0.0046661305241286755,0.10675457864999771
000000000121,0,improved_fp16_cache,45.27518081665039,0.9961686134338379,2.9681212254217826e-05,0.0019774334505200386
000000000121,0,improved_fp8_cache,2.71636700630188,0.000317297934088856,0.5350117087364197,1.1085608005523682
000000000121,0,improved_fp4_cache,22.37613868713379,0.7538072466850281,0.005786102265119553,0.19192445278167725
000000000121,1,improved_fp16_cache,49.5626335144043,0.9977123141288757,1.105952378566144e-05,0.0007456165039911866
000000000121,1,improved_fp8_cache,3.2829675674438477,0.0009417454712092876,0.46957311034202576,1.1027781963348389
000000000121,1,improved_fp4_cache,22.837461471557617,0.7498387694358826,0.00520299794152379,0.16047507524490356
000000000121,2,improved_fp16_cache,45.7247200012207,0.9968639612197876,2.676258191058878e-05,0.0011880029924213886
000000000121,2,improved_fp8_cache,2.2359089851379395,0.0006014200625941157,0.5975979566574097,1.0994031429290771
000000000121,2,improved_fp4_cache,21.043102264404297,0.7461193799972534,0.007864835672080517,0.17921558022499084
000000000122,0,improved_fp16_cache,50.60875701904297,0.9977731108665466,8.692093615536578e-06,0.0006953782285563648
000000000122,0,improved_fp8_cache,5.57086181640625,0.005735074635595083,0.2772769629955292,0.9297073483467102
000000000122,0,improved_fp4_cache,22.749967575073242,0.8316513299942017,0.005308884661644697,0.13813360035419464
000000000122,1,improved_fp16_cache,49.69837188720703,0.9976257681846619,1.071920632966794e-05,0.0006799476686865091
000000000122,1,improved_fp8_cache,7.085890769958496,0.008667449466884136,0.19561894237995148,0.8606341481208801
000000000122,1,improved_fp4_cache,21.42337989807129,0.8169988393783569,0.007205462548881769,0.15542350709438324
000000000122,2,improved_fp16_cache,46.595298767089844,0.9973709583282471,2.1901299987803213e-05,0.0010375049896538258
000000000122,2,improved_fp8_cache,4.563787937164307,0.003386098425835371,0.34964004158973694,0.9243645668029785
000000000122,2,improved_fp4_cache,21.172609329223633,0.841023862361908,0.007633768022060394,0.12453387677669525
000000000123,0,improved_fp16_cache,51.43440246582031,0.9981212615966797,7.18719684300595e-06,0.000704376376233995
000000000123,0,improved_fp8_cache,6.095963954925537,0.0005689365789294243,0.24569909274578094,0.9302059412002563
000000000123,0,improved_fp4_cache,21.113235473632812,0.8570318222045898,0.007738848682492971,0.15100358426570892
000000000123,1,improved_fp16_cache,50.4802360534668,0.9978787302970886,8.953153155744076e-06,0.0007275332463905215
000000000123,1,improved_fp8_cache,8.361860275268555,0.0015548281371593475,0.14581893384456635,0.8526743650436401
000000000123,1,improved_fp4_cache,23.230180740356445,0.8778231143951416,0.004753153305500746,0.1572248935699463
000000000123,2,improved_fp16_cache,50.60826873779297,0.9981404542922974,8.693071322340984e-06,0.0006194013985805213
000000000123,2,improved_fp8_cache,4.500607013702393,0.0003453938406892121,0.35476377606391907,0.9709762930870056
000000000123,2,improved_fp4_cache,19.723052978515625,0.8623666763305664,0.010658465325832367,0.1903601437807083
000000000124,0,improved_fp16_cache,45.747344970703125,0.995238184928894,2.662349106685724e-05,0.0021976190619170666
000000000124,0,improved_fp8_cache,6.0270280838012695,0.0008932274649851024,0.24963021278381348,1.051283836364746
000000000124,0,improved_fp4_cache,22.870285034179688,0.7589831352233887,0.005163824185729027,0.19734340906143188
000000000124,1,improved_fp16_cache,49.51307678222656,0.9965934157371521,1.1186454685230274e-05,0.0015672717709094286
000000000124,1,improved_fp8_cache,7.686127662658691,0.0017039332306012511,0.17036767303943634,1.0242154598236084
000000000124,1,improved_fp4_cache,24.456132888793945,0.7460774183273315,0.0035841551143676043,0.1802833080291748
000000000124,2,improved_fp16_cache,50.13911437988281,0.9971196055412292,9.684747055871412e-06,0.0012478018179535866
000000000124,2,improved_fp8_cache,6.278960704803467,0.0009215308236889541,0.23556126654148102,1.0534436702728271
000000000124,2,improved_fp4_cache,22.648235321044922,0.7345065474510193,0.005434709135442972,0.18387947976589203
000000000125,0,improved_fp16_cache,50.826629638671875,0.9983255863189697,8.266791155620012e-06,0.00035503675462678075
000000000125,0,improved_fp8_cache,5.7087812423706055,0.07222536206245422,0.26860979199409485,0.9499446153640747
000000000125,0,improved_fp4_cache,17.47576332092285,0.6795440912246704,0.01788230426609516,0.1816062033176422
000000000125,1,improved_fp16_cache,50.81257629394531,0.9983065128326416,8.293581231555436e-06,0.0005350239807739854
000000000125,1,improved_fp8_cache,8.304035186767578,0.11530035734176636,0.14777345955371857,0.7998605966567993
000000000125,1,improved_fp4_cache,21.283491134643555,0.6567128896713257,0.0074413311667740345,0.12346374988555908
000000000125,2,improved_fp16_cache,50.053585052490234,0.9985909461975098,9.87736348179169e-06,0.0005894071655347943
000000000125,2,improved_fp8_cache,7.255640506744385,0.11425046622753143,0.18812040984630585,0.8586597442626953
000000000125,2,improved_fp4_cache,20.370861053466797,0.690610408782959,0.009181504137814045,0.14500415325164795
000000000126,0,improved_fp16_cache,46.1109504699707,0.9965670108795166,2.4485261747031473e-05,0.001311053754761815
000000000126,0,improved_fp8_cache,6.6140241622924805,0.0010008065728470683,0.21807081997394562,1.0341224670410156
000000000126,0,improved_fp4_cache,21.6281681060791,0.7450937032699585,0.006873579230159521,0.2071782648563385
000000000126,1,improved_fp16_cache,43.961978912353516,0.9957191348075867,4.0160753997042775e-05,0.0017752996645867825
000000000126,1,improved_fp8_cache,8.338738441467285,0.004891360178589821,0.14659734070301056,0.9923862218856812
000000000126,1,improved_fp4_cache,21.479875564575195,0.754051923751831,0.007112337742000818,0.181923508644104
000000000126,2,improved_fp16_cache,46.250770568847656,0.9971877932548523,2.3709515517111868e-05,0.0009527570800855756
000000000126,2,improved_fp8_cache,5.4505934715271,0.0016356033738702536,0.28506287932395935,1.0400450229644775
000000000126,2,improved_fp4_cache,20.903404235839844,0.7418825030326843,0.008121931925415993,0.1808176338672638
000000000127,0,improved_fp16_cache,49.421539306640625,0.9981650710105896,1.1424733202147763e-05,0.0005098553956486285
000000000127,0,improved_fp8_cache,3.8012170791625977,0.0005890846950933337,0.41675254702568054,0.9581222534179688
000000000127,0,improved_fp4_cache,20.795337677001953,0.767415463924408,0.008326570503413677,0.16276821494102478
000000000127,1,improved_fp16_cache,50.21448516845703,0.9973730444908142,9.518117622064892e-06,0.0007097258931025863
000000000127,1,improved_fp8_cache,6.077637195587158,0.0021684367675334215,0.24673812091350555,0.8970671892166138
000000000127,1,improved_fp4_cache,23.056011199951172,0.8413456678390503,0.004947646986693144,0.14528021216392517
000000000127,2,improved_fp16_cache,49.033634185791016,0.9977075457572937,1.2492124369600788e-05,0.0006175035377964377
000000000127,2,improved_fp8_cache,3.740323543548584,0.0009294819901697338,0.42263713479042053,0.9753506779670715
000000000127,2,improved_fp4_cache,19.883188247680664,0.7891923785209656,0.010272619314491749,0.1641874611377716
000000000128,0,improved_fp16_cache,48.69077682495117,0.9958184957504272,1.3518311789084692e-05,0.000970806460827589
000000000128,0,improved_fp8_cache,1.9025896787643433,0.00021307187853381038,0.6452693343162537,1.1320565938949585
000000000128,0,improved_fp4_cache,23.627275466918945,0.6129932403564453,0.004337828606367111,0.1536788046360016
000000000128,1,improved_fp16_cache,43.80506134033203,0.9922528266906738,4.1638366383267567e-05,0.001817050389945507
000000000128,1,improved_fp8_cache,2.462435722351074,0.0002789270074572414,0.5672263503074646,1.1436927318572998
000000000128,1,improved_fp4_cache,22.70589256286621,0.5925390124320984,0.005363034084439278,0.1328997015953064
000000000128,2,improved_fp16_cache,47.31377029418945,0.9939732551574707,1.856190647231415e-05,0.0012748690787702799
000000000128,2,improved_fp8_cache,1.8767749071121216,0.00020501611288636923,0.6491162776947021,1.1319572925567627
000000000128,2,improved_fp4_cache,22.22237777709961,0.6453814506530762,0.00599462678655982,0.1340349018573761
000000000129,0,improved_fp16_cache,48.62770462036133,0.9979771375656128,1.3716054127144162e-05,0.0005230593378655612
000000000129,0,improved_fp8_cache,5.916856288909912,0.030088871717453003,0.25604385137557983,0.9524985551834106
000000000129,0,improved_fp4_cache,21.179431915283203,0.7735559344291687,0.007621783763170242,0.10907004028558731
000000000129,1,improved_fp16_cache,47.89134216308594,0.9977003335952759,1.6250463886535726e-05,0.0005909754545427859
000000000129,1,improved_fp8_cache,6.982062816619873,0.05569591373205185,0.2003519982099533,0.9286195039749146
000000000129,1,improved_fp4_cache,22.026395797729492,0.7635475993156433,0.006271337624639273,0.09961988031864166
000000000129,2,improved_fp16_cache,50.46859359741211,0.9983558058738708,8.977186553238425e-06,0.0003550941764842719
000000000129,2,improved_fp8_cache,5.797605037689209,0.023642200976610184,0.26317188143730164,0.9641955494880676
000000000129,2,improved_fp4_cache,20.448688507080078,0.7650332450866699,0.009018431417644024,0.11101352423429489
000000000130,0,improved_fp16_cache,48.601280212402344,0.9976963400840759,1.3799769476463553e-05,0.0008089705370366573
000000000130,0,improved_fp8_cache,6.209184646606445,0.013291768729686737,0.239376500248909,0.8099275231361389
000000000130,0,improved_fp4_cache,22.718303680419922,0.8521536588668823,0.005347730126231909,0.10962975025177002
000000000130,1,improved_fp16_cache,52.85765838623047,0.9981193542480469,5.17885609951918e-06,0.0003814304945990443
000000000130,1,improved_fp8_cache,7.133620262145996,0.019226504489779472,0.19348083436489105,0.6913173794746399
000000000130,1,improved_fp4_cache,24.651302337646484,0.8260412216186523,0.003426649607717991,0.06689728796482086
000000000130,2,improved_fp16_cache,41.62699890136719,0.9962431192398071,6.875430699437857e-05,0.0013124088291078806
000000000130,2,improved_fp8_cache,5.570310115814209,0.009418729692697525,0.27731218934059143,0.8294060230255127
000000000130,2,improved_fp4_cache,23.1889591217041,0.8831008672714233,0.004798481706529856,0.09080220758914948
000000000131,0,improved_fp16_cache,44.916725158691406,0.9970254302024841,3.223498060833663e-05,0.0011971405474469066
000000000131,0,improved_fp8_cache,6.540661334991455,0.0008348369738087058,0.22178585827350616,1.0060855150222778
000000000131,0,improved_fp4_cache,21.2506103515625,0.7880538702011108,0.007497885730117559,0.12557990849018097
000000000131,1,improved_fp16_cache,48.38076400756836,0.997977614402771,1.4518552234221715e-05,0.0007116725319065154
000000000131,1,improved_fp8_cache,9.007891654968262,0.003682847134768963,0.12566395103931427,0.890252947807312
000000000131,1,improved_fp4_cache,22.31776237487793,0.8001564741134644,0.005864399950951338,0.12331990897655487
000000000131,2,improved_fp16_cache,47.117435455322266,0.9976538419723511,1.9420314856688492e-05,0.0007756829727441072
000000000131,2,improved_fp8_cache,5.78710412979126,0.0006066039786674082,0.2638089656829834,1.0020664930343628
000000000131,2,improved_fp4_cache,21.015146255493164,0.793454647064209,0.007915627211332321,0.13692104816436768
000000000132,0,improved_fp16_cache,51.7269287109375,0.9980911016464233,6.719029897794826e-06,0.0006958838785067201
000000000132,0,improved_fp8_cache,4.512976169586182,0.0006622208165936172,0.35375484824180603,1.0476640462875366
000000000132,0,improved_fp4_cache,21.682510375976562,0.7810609340667725,0.0067881084978580475,0.18241645395755768
000000000132,1,improved_fp16_cache,50.66265869140625,0.9977902173995972,8.584873285144567e-06,0.0009806451853364706
000000000132,1,improved_fp8_cache,5.9750847816467285,0.0010945731773972511,0.25263381004333496,1.0103132724761963
000000000132,1,improved_fp4_cache,22.87845230102539,0.8133212924003601,0.005154121201485395,0.1650341898202896
000000000132,2,improved_fp16_cache,50.009037017822266,0.9978612661361694,9.979205970012117e-06,0.0012234498281031847
000000000132,2,improved_fp8_cache,3.8016130924224854,0.00035136481164954603,0.41671454906463623,1.0781335830688477
000000000132,2,improved_fp4_cache,20.64008331298828,0.7821043729782104,0.008629619143903255,0.19155089557170868
000000000133,0,improved_fp16_cache,53.96760559082031,0.9981187582015991,4.010873453808017e-06,0.0005952647188678384
000000000133,0,improved_fp8_cache,9.208206176757812,0.04052664339542389,0.1199994683265686,0.7037752866744995
000000000133,0,improved_fp4_cache,23.515350341796875,0.7813911437988281,0.004451074171811342,0.1728721261024475
000000000133,1,improved_fp16_cache,48.030582427978516,0.9965568780899048,1.5737712601548992e-05,0.0012739300727844238
000000000133,1,improved_fp8_cache,11.427891731262207,0.1735423058271408,0.0719798281788826,0.6624935269355774
000000000133,1,improved_fp4_cache,23.79227638244629,0.7935096621513367,0.00417611189186573,0.13395148515701294
000000000133,2,improved_fp16_cache,50.551246643066406,0.997847318649292,8.807956874079537e-06,0.0011521531268954277
000000000133,2,improved_fp8_cache,9.716705322265625,0.06891676783561707,0.1067405417561531,0.8791359066963196
000000000133,2,improved_fp4_cache,23.740707397460938,0.7856811285018921,0.004225995857268572,0.2126256227493286
000000000134,0,improved_fp16_cache,47.86836624145508,0.9967600107192993,1.6336643966496922e-05,0.0005656855646520853
000000000134,0,improved_fp8_cache,5.541354656219482,0.0012816269882023335,0.2791672646999359,0.8491030931472778
000000000134,0,improved_fp4_cache,22.604595184326172,0.9144302606582642,0.0054895952343940735,0.07088636606931686
000000000134,1,improved_fp16_cache,53.61391830444336,0.9980782270431519,4.351189545559464e-06,0.0002746984246186912
000000000134,1,improved_fp8_cache,7.282531261444092,0.005068222060799599,0.18695920705795288,0.8280752897262573
000000000134,1,improved_fp4_cache,24.089975357055664,0.9063354730606079,0.0038994408678263426,0.0751417726278305
000000000134,2,improved_fp16_cache,53.28810501098633,0.9977315664291382,4.69017641080427e-06,0.00023059546947479248
000000000134,2,improved_fp8_cache,5.192992210388184,0.0016215745126828551,0.30248284339904785,0.880582332611084
000000000134,2,improved_fp4_cache,23.324655532836914,0.9267527461051941,0.004650870803743601,0.06488540768623352
000000000135,0,improved_fp16_cache,53.375701904296875,0.9982790946960449,4.596526650857413e-06,0.0005180065054446459
000000000135,0,improved_fp8_cache,6.244551658630371,0.0065016476437449455,0.23743502795696259,0.8481093645095825
000000000135,0,improved_fp4_cache,22.87510108947754,0.8507878184318542,0.005158098880201578,0.15636169910430908
000000000135,1,improved_fp16_cache,54.06367111206055,0.9983963966369629,3.923130407201825e-06,0.0005380671937018633
000000000135,1,improved_fp8_cache,9.443795204162598,0.009852717630565166,0.11366335302591324,0.7697411179542542
000000000135,1,improved_fp4_cache,23.938501358032227,0.8538243174552917,0.00403784541413188,0.12303387373685837
000000000135,2,improved_fp16_cache,53.52069091796875,0.998145580291748,4.445601462066406e-06,0.0005458350060507655
000000000135,2,improved_fp8_cache,5.734375953674316,0.004283891059458256,0.2670314311981201,0.895602822303772
000000000135,2,improved_fp4_cache,21.562997817993164,0.8520335555076599,0.006977502256631851,0.14152775704860687
000000000136,0,improved_fp16_cache,49.54679870605469,0.997352123260498,1.1099923540314194e-05,0.00029969942988827825
000000000136,0,improved_fp8_cache,3.23797345161438,0.002345072804018855,0.4744633138179779,0.9379851818084717
000000000136,0,improved_fp4_cache,19.008031845092773,0.8437549471855164,0.01256598811596632,0.10392409563064575
000000000136,1,improved_fp16_cache,52.543556213378906,0.9981297254562378,5.56729719392024e-06,0.0002604025066830218
000000000136,1,improved_fp8_cache,5.619052410125732,0.0017393877496942878,0.2742172181606293,0.874049723148346
000000000136,1,improved_fp4_cache,21.479711532592773,0.8713495135307312,0.007112605031579733,0.10514829307794571
000000000136,2,improved_fp16_cache,51.27143096923828,0.9978941679000854,7.462023404514184e-06,0.00021611791453324258
000000000136,2,improved_fp8_cache,3.0520875453948975,0.0011986837489530444,0.4952120780944824,0.935293436050415
000000000136,2,improved_fp4_cache,20.382261276245117,0.8792140483856201,0.009157433174550533,0.10153510421514511
000000000137,0,improved_fp16_cache,44.16838836669922,0.9962459802627563,3.8296650018310174e-05,0.002845088252797723
000000000137,0,improved_fp8_cache,8.337542533874512,0.0013197993393987417,0.1466377228498459,0.9654073119163513
000000000137,0,improved_fp4_cache,19.976383209228516,0.6444057822227478,0.010054524056613445,0.263065904378891
000000000137,1,improved_fp16_cache,48.730064392089844,0.9977755546569824,1.3396565918810666e-05,0.0011261057807132602
000000000137,1,improved_fp8_cache,10.821758270263672,0.003190284362062812,0.08276069164276123,0.894122302532196
000000000137,1,improved_fp4_cache,20.830812454223633,0.6807723045349121,0.008258833549916744,0.20016124844551086
000000000137,2,improved_fp16_cache,41.75135803222656,0.9953917264938354,6.68134744046256e-05,0.0025926767848432064
000000000137,2,improved_fp8_cache,6.343639850616455,0.0005424377741292119,0.23207907378673553,1.000293493270874
000000000137,2,improved_fp4_cache,17.932201385498047,0.6586698889732361,0.01609829068183899,0.21862000226974487
000000000138,0,improved_fp16_cache,47.304080963134766,0.9967271685600281,1.8603364878799766e-05,0.001244081649929285
000000000138,0,improved_fp8_cache,5.615322589874268,0.0029167444445192814,0.2744528353214264,0.9066744446754456
000000000138,0,improved_fp4_cache,21.143630981445312,0.7893604040145874,0.007684875745326281,0.16389885544776917
000000000138,1,improved_fp16_cache,48.15206527709961,0.9974343180656433,1.530358895251993e-05,0.0012344892602413893
000000000138,1,improved_fp8_cache,9.37513256072998,0.015158575028181076,0.11547467857599258,0.7906749248504639
000000000138,1,improved_fp4_cache,23.48958396911621,0.7578216791152954,0.004477562382817268,0.16518628597259521
000000000138,2,improved_fp16_cache,48.70016860961914,0.9976226687431335,1.3489098819263745e-05,0.0007168943411670625
000000000138,2,improved_fp8_cache,4.9673662185668945,0.0017794788582250476,0.31861287355422974,0.956580400466919
000000000138,2,improved_fp4_cache,20.687156677246094,0.7796965837478638,0.008536586537957191,0.15155310928821564
000000000139,0,improved_fp16_cache,41.66292953491211,0.9968240261077881,6.818783731432632e-05,0.0010639326646924019
000000000139,0,improved_fp8_cache,5.798825740814209,0.0012806365266442299,0.2630979120731354,1.0152634382247925
000000000139,0,improved_fp4_cache,17.53085708618164,0.7043616771697998,0.017656894400715828,0.17777517437934875
000000000139,1,improved_fp16_cache,46.079524993896484,0.9978628158569336,2.4663095246069133e-05,0.0008039546082727611
000000000139,1,improved_fp8_cache,9.092966079711914,0.0035625582095235586,0.12322629243135452,0.9331989288330078
000000000139,1,improved_fp4_cache,19.646095275878906,0.7362636923789978,0.010849018581211567,0.16760428249835968
000000000139,2,improved_fp16_cache,39.0609130859375,0.9952607154846191,0.00012413908552844077,0.00202196161262691
000000000139,2,improved_fp8_cache,5.227558612823486,0.0013693829532712698,0.3000848889350891,1.0227859020233154
000000000139,2,improved_fp4_cache,17.290035247802734,0.729023814201355,0.018663646653294563,0.1753225177526474
111000000000,0,improved_fp16_cache,46.27008819580078,0.9983817934989929,2.3604288799106143e-05,0.0003703623660840094
111000000000,0,improved_fp8_cache,5.16123628616333,0.013334743678569794,0.3047027289867401,1.080494999885559
111000000000,0,improved_fp4_cache,17.582246780395508,0.5772950649261475,0.017449190840125084,0.16760627925395966
111000000000,1,improved_fp16_cache,47.331844329833984,0.9980809688568115,1.8484823158360086e-05,0.0004037705366499722
111000000000,1,improved_fp8_cache,6.794984340667725,0.007576329633593559,0.20917101204395294,1.06770920753479
111000000000,1,improved_fp4_cache,18.656597137451172,0.5742105841636658,0.01362511795014143,0.15359383821487427
111000000000,2,improved_fp16_cache,47.334197998046875,0.9983342885971069,1.847481144068297e-05,0.0002699433534871787
111000000000,2,improved_fp8_cache,5.6419830322265625,0.006084413267672062,0.2727731764316559,1.0740917921066284
111000000000,2,improved_fp4_cache,18.188135147094727,0.5867055654525757,0.015177018009126186,0.15367062389850616
111000000001,0,improved_fp16_cache,50.22526168823242,0.9981250762939453,9.49453442444792e-06,0.00034275325015187263
111000000001,0,improved_fp8_cache,3.679417133331299,0.00039175996789708734,0.4286060333251953,1.0316736698150635
111000000001,0,improved_fp4_cache,22.37237548828125,0.8217920660972595,0.005791116505861282,0.13971498608589172
111000000001,1,improved_fp16_cache,49.57866668701172,0.9980680346488953,1.1018771147064399e-05,0.00043082571937702596
111000000001,1,improved_fp8_cache,4.626063823699951,0.0007192986086010933,0.3446621894836426,0.9919301271438599
111000000001,1,improved_fp4_cache,23.231027603149414,0.8418354988098145,0.004752226173877716,0.13034674525260925
111000000001,2,improved_fp16_cache,46.07654571533203,0.9967519640922546,2.468001184752211e-05,0.0011132394429296255
111000000001,2,improved_fp8_cache,3.0277113914489746,0.0002836970379576087,0.4979994297027588,1.0269324779510498
111000000001,2,improved_fp4_cache,21.905452728271484,0.8315646648406982,0.006448439788073301,0.15072262287139893
111000000002,0,improved_fp16_cache,50.80876159667969,0.9975730180740356,8.300875379063655e-06,0.0006137919262982905
111000000002,0,improved_fp8_cache,11.00689697265625,0.002233126200735569,0.07930677384138107,0.8029654026031494
111000000002,0,improved_fp4_cache,24.46941566467285,0.8268747329711914,0.0035732081159949303,0.14402970671653748
111000000002,1,improved_fp16_cache,48.86079025268555,0.9981893301010132,1.2999323189433198e-05,0.00034821368171833456
111000000002,1,improved_fp8_cache,13.419784545898438,0.010216740891337395,0.04550105333328247,0.6681112051010132
111000000002,1,improved_fp4_cache,25.143674850463867,0.8364499807357788,0.003059372305870056,0.10643284767866135
111000000002,2,improved_fp16_cache,50.128440856933594,0.9972514510154724,9.708584002510179e-06,0.0006659948849119246
111000000002,2,improved_fp8_cache,9.089315414428711,0.0013328201603144407,0.12332990020513535,0.8856559991836548
111000000002,2,improved_fp4_cache,22.104459762573242,0.8479204177856445,0.006159619893878698,0.16109688580036163
111000000003,0,improved_fp16_cache,48.907325744628906,0.9968404769897461,1.2860776223533321e-05,0.0011790349381044507
111000000003,0,improved_fp8_cache,9.035898208618164,0.0016220086254179478,0.12485619634389877,0.9053578972816467
111000000003,0,improved_fp4_cache,24.770647048950195,0.8514275550842285,0.0033337671775370836,0.20259685814380646
111000000003,1,improved_fp16_cache,51.3687629699707,0.9980344772338867,7.2966467996593565e-06,0.0004884282243438065
111000000003,1,improved_fp8_cache,13.187932968139648,0.008719737641513348,0.04799617826938629,0.828682541847229
111000000003,1,improved_fp4_cache,26.291383743286133,0.8224518299102783,0.0023488837759941816,0.13465982675552368
111000000003,2,improved_fp16_cache,48.94612121582031,0.9974669218063354,1.2746398169838358e-05,0.0007282171864062548
111000000003,2,improved_fp8_cache,7.82316255569458,0.0010364429326727986,0.1650758981704712,1.0024869441986084
111000000003,2,improved_fp4_cache,25.066387176513672,0.8159586191177368,0.003114305203780532,0.15680032968521118
111000000004,0,improved_fp16_cache,34.96641159057617,0.9888706207275391,0.00031868289806880057,0.003647532546892762
111000000004,0,improved_fp8_cache,5.251287937164307,0.003097201231867075,0.29844972491264343,1.0353480577468872
111000000004,0,improved_fp4_cache,19.25844383239746,0.7650398015975952,0.011861938051879406,0.12736155092716217
111000000004,1,improved_fp16_cache,44.03121566772461,0.996769905090332,3.952560655307025e-05,0.0005777501501142979
111000000004,1,improved_fp8_cache,8.905424118041992,0.015292244963347912,0.12866416573524475,0.9765496253967285
111000000004,1,improved_fp4_cache,22.48629379272461,0.6939951777458191,0.005641185212880373,0.09489424526691437
111000000004,2,improved_fp16_cache,47.741336822509766,0.9978408813476562,1.6821550161694176e-05,0.0003076046414207667
111000000004,2,improved_fp8_cache,4.9612717628479,0.0012707612477242947,0.3190603256225586,1.0384719371795654
111000000004,2,improved_fp4_cache,20.27638053894043,0.7806934714317322,0.009383436292409897,0.12216737866401672
111000000005,0,improved_fp16_cache,39.80887985229492,0.99510657787323,0.00010449892579345033,0.0029643380548805
111000000005,0,improved_fp8_cache,2.213132858276367,0.0003548887907527387,0.6007401943206787,1.1142853498458862
111000000005,0,improved_fp4_cache,20.715347290039062,0.7528653144836426,0.00848135631531477,0.2089984267950058
111000000005,1,improved_fp16_cache,48.616485595703125,0.9978357553482056,1.3751546248386148e-05,0.0006706801941618323
111000000005,1,improved_fp8_cache,3.0853118896484375,0.0007654083310626447,0.4914380609989166,1.1268186569213867
111000000005,1,improved_fp4_cache,21.020647048950195,0.747795045375824,0.007905603386461735,0.20273081958293915
111000000005,2,improved_fp16_cache,50.62981414794922,0.9980699419975281,8.65005040395772e-06,0.0006380559643730521
111000000005,2,improved_fp8_cache,1.975008249282837,0.00021236130851320922,0.6345986723899841,1.1113578081130981
111000000005,2,improved_fp4_cache,21.833032608032227,0.7773911952972412,0.0065568722784519196,0.17237916588783264
111000000006,0,improved_fp16_cache,56.726837158203125,0.9990107417106628,2.1247910808597226e-06,8.189065556507558e-05
111000000006,0,improved_fp8_cache,3.205754041671753,0.08192774653434753,0.4779963493347168,0.8311894536018372
111000000006,0,improved_fp4_cache,24.943838119506836,0.9051060676574707,0.0032034364994615316,0.049980174750089645
111000000006,1,improved_fp16_cache,53.121273040771484,0.9987525939941406,4.873856141784927e-06,0.00018474788521416485
111000000006,1,improved_fp8_cache,3.209458589553833,0.09096129983663559,0.4775887727737427,0.8370727300643921
111000000006,1,improved_fp4_cache,25.48676109313965,0.9191738963127136,0.002826985903084278,0.04214921593666077
111000000006,2,improved_fp16_cache,51.9272346496582,0.9989985227584839,6.4161813497776166e-06,0.00014406355330720544
111000000006,2,improved_fp8_cache,3.0959348678588867,0.08736004680395126,0.4902374744415283,0.84958416223526
111000000006,2,improved_fp4_cache,24.599523544311523,0.9206757545471191,0.0034677486401051283,0.039060551673173904
111000000007,0,improved_fp16_cache,45.3692626953125,0.9969112277030945,2.904516259150114e-05,0.0007112189196050167
111000000007,0,improved_fp8_cache,3.451324224472046,0.0003079011512454599,0.45171818137168884,1.076677680015564
111000000007,0,improved_fp4_cache,20.558202743530273,0.7830533981323242,0.008793862536549568,0.21045050024986267
111000000007,1,improved_fp16_cache,43.26829147338867,0.9970122575759888,4.71162456960883e-05,0.0006703461403958499
111000000007,1,improved_fp8_cache,5.083860874176025,0.0010051184799522161,0.31018003821372986,1.0181756019592285
111000000007,1,improved_fp4_cache,21.34218406677246,0.788986086845398,0.007341443095356226,0.17450888454914093
111000000007,2,improved_fp16_cache,47.727516174316406,0.9975076913833618,1.68751703313319e-05,0.00046365862363018095
111000000007,2,improved_fp8_cache,3.247485637664795,0.0003299729432910681,0.4734252393245697,1.1153485774993896
111000000007,2,improved_fp4_cache,21.120737075805664,0.7879829406738281,0.0077254935167729855,0.20677098631858826
111000000008,0,improved_fp16_cache,47.75128173828125,0.9973659515380859,1.6783085811766796e-05,0.0004503036616370082
111000000008,0,improved_fp8_cache,7.263207912445068,0.015849336981773376,0.18779289722442627,0.9571130871772766
111000000008,0,improved_fp4_cache,19.3599796295166,0.6827158331871033,0.011587823741137981,0.12640327215194702
111000000008,1,improved_fp16_cache,47.489219665527344,0.9977452754974365,1.7826991097535938e-05,0.00038872117875143886
111000000008,1,improved_fp8_cache,9.354138374328613,0.05246738716959953,0.11603420972824097,0.9052659869194031
111000000008,1,improved_fp4_cache,21.073976516723633,0.6577357053756714,0.007809122558683157,0.11511000990867615
111000000008,2,improved_fp16_cache,39.72557067871094,0.9940423965454102,0.00010652284981915727,0.001410040888004005
111000000008,2,improved_fp8_cache,6.855856418609619,0.01379445381462574,0.20625968277454376,0.9672295451164246
111000000008,2,improved_fp4_cache,18.85953140258789,0.666820764541626,0.0130030931904912,0.124655582010746
111000000009,0,improved_fp16_cache,47.885929107666016,0.9983202815055847,1.627072379051242e-05,0.0005986613687127829
111000000009,0,improved_fp8_cache,1.8848323822021484,0.00021322016254998744,0.6479130983352661,1.0866035223007202
111000000009,0,improved_fp4_cache,18.56512451171875,0.7106904983520508,0.013915141113102436,0.20937955379486084
111000000009,1,improved_fp16_cache,46.62895584106445,0.9975985288619995,2.1732228560722433e-05,0.0006150745321065187
111000000009,1,improved_fp8_cache,2.7777814865112305,0.0005668455269187689,0.527499258518219,1.0969170331954956
111000000009,1,improved_fp4_cache,20.352439880371094,0.7081820964813232,0.009220531210303307,0.16140300035476685
111000000009,2,improved_fp16_cache,46.908660888671875,0.9983426928520203,2.037669219134841e-05,0.0006116321892477572
111000000009,2,improved_fp8_cache,1.9598865509033203,0.00014676759019494057,0.636812150478363,1.1004947423934937
111000000009,2,improved_fp4_cache,19.6908016204834,0.7244597673416138,0.010737910866737366,0.18354395031929016
112000000000,0,improved_fp16_cache,44.87602996826172,0.9978023767471313,3.253847171436064e-05,0.0007890559500083327
112000000000,0,improved_fp8_cache,10.107415199279785,0.09438096731901169,0.09755700826644897,0.9279100894927979
112000000000,0,improved_fp4_cache,19.586763381958008,0.5693478584289551,0.01099824532866478,0.17301234602928162
112000000000,1,improved_fp16_cache,44.829620361328125,0.9974945783615112,3.288802327006124e-05,0.0010776815470308065
112000000000,1,improved_fp8_cache,10.931602478027344,0.1305629014968872,0.08069371432065964,0.9156743288040161
112000000000,1,improved_fp4_cache,20.614866256713867,0.6064525842666626,0.008679871447384357,0.158687025308609
112000000000,2,improved_fp16_cache,44.42110061645508,0.9977723360061646,3.613180888351053e-05,0.0009709812584333122
112000000000,2,improved_fp8_cache,9.033639907836914,0.09100659191608429,0.12492115050554276,0.9418876767158508
112000000000,2,improved_fp4_cache,19.477893829345703,0.5984007120132446,0.011277440004050732,0.1591738760471344
112000000001,0,improved_fp16_cache,47.21398162841797,0.9969546794891357,1.8993350749951787e-05,0.0014074061764404178
112000000001,0,improved_fp8_cache,4.684436321258545,0.0026550451293587685,0.34006059169769287,1.0475473403930664
112000000001,0,improved_fp4_cache,20.10696029663086,0.7785269618034363,0.009756720624864101,0.18571363389492035
112000000001,1,improved_fp16_cache,48.36390686035156,0.9977666735649109,1.457500911783427e-05,0.0007549420115537941
112000000001,1,improved_fp8_cache,7.014082908630371,0.0035319046583026648,0.19888027012348175,1.0001071691513062
112000000001,1,improved_fp4_cache,21.9169864654541,0.7783721685409546,0.006431337911635637,0.15058964490890503
112000000001,2,improved_fp16_cache,51.076595306396484,0.9980990290641785,7.804412234690972e-06,0.0005633841501548886
112000000001,2,improved_fp8_cache,4.1734089851379395,0.0011343954829499125,0.3825243413448334,1.0651057958602905
112000000001,2,improved_fp4_cache,19.968795776367188,0.7954188585281372,0.010072107426822186,0.1642223596572876
112000000002,0,improved_fp16_cache,45.68704605102539,0.998565673828125,2.6995738153345883e-05,0.00034516758751124144
112000000002,0,improved_fp8_cache,0.9935168623924255,0.0004790281818713993,0.7955148816108704,0.9758505821228027
112000000002,0,improved_fp4_cache,19.647335052490234,0.8765044212341309,0.010845919139683247,0.059546083211898804
112000000002,1,improved_fp16_cache,43.71924591064453,0.9971317052841187,4.2469317122595385e-05,0.00040970498230308294
112000000002,1,improved_fp8_cache,1.2620952129364014,0.0005790920695289969,0.7478086352348328,0.9760509729385376
112000000002,1,improved_fp4_cache,20.076961517333984,0.8706991076469421,0.009824346750974655,0.06150592118501663
112000000002,2,improved_fp16_cache,51.50132369995117,0.9992493391036987,7.077297141222516e-06,6.450286309700459e-05
112000000002,2,improved_fp8_cache,0.9761950373649597,0.0003470187948551029,0.7986941337585449,0.9754163026809692
112000000002,2,improved_fp4_cache,19.846532821655273,0.8766398429870605,0.01035968866199255,0.0642080008983612
112000000003,0,improved_fp16_cache,42.798309326171875,0.9984254837036133,5.250118556432426e-05,0.0008420566446147859
112000000003,0,improved_fp8_cache,0.6219527721405029,0.0001591140462551266,0.8665721416473389,0.8609665632247925
112000000003,0,improved_fp4_cache,22.59425163269043,0.9042843580245972,0.005502685438841581,0.07402803003787994
112000000003,1,improved_fp16_cache,42.26678466796875,0.9969396591186523,5.933639477007091e-05,0.0007316507399082184
112000000003,1,improved_fp8_cache,1.5826786756515503,0.00028078450122848153,0.6945957541465759,0.8807551264762878
112000000003,1,improved_fp4_cache,19.46162223815918,0.870383620262146,0.011319768615067005,0.116614431142807
112000000003,2,improved_fp16_cache,47.9451789855957,0.9987837076187134,1.605024044692982e-05,0.00036373265902511775
112000000003,2,improved_fp8_cache,0.667414665222168,0.00015369275934062898,0.857548177242279,0.866402804851532
112000000003,2,improved_fp4_cache,21.97496795654297,0.8782466650009155,0.006346045061945915,0.08657129853963852
112000000004,0,improved_fp16_cache,48.63456726074219,0.9974842071533203,1.3694407243747264e-05,0.000487298151711002
112000000004,0,improved_fp8_cache,6.272158145904541,0.016222236678004265,0.23593056201934814,0.8936634659767151
112000000004,0,improved_fp4_cache,19.320287704467773,0.7841343879699707,0.011694218032062054,0.17857468128204346
112000000004,1,improved_fp16_cache,50.868289947509766,0.9979804754257202,8.187867024389561e-06,0.00044300605077296495
112000000004,1,improved_fp8_cache,8.621447563171387,0.02080029621720314,0.1373584121465683,0.8584906458854675
112000000004,1,improved_fp4_cache,21.824201583862305,0.8123519420623779,0.00657021626830101,0.1288774311542511
112000000004,2,improved_fp16_cache,46.90757751464844,0.9973496794700623,2.0381776266731322e-05,0.000510895624756813
112000000004,2,improved_fp8_cache,5.293270111083984,0.013407325372099876,0.29557856917381287,0.9163301587104797
112000000004,2,improved_fp4_cache,21.25295639038086,0.8148578405380249,0.007493837270885706,0.1309177130460739
112000000005,0,improved_fp16_cache,47.07805633544922,0.9979104995727539,1.9597209757193923e-05,0.0006671943701803684
112000000005,0,improved_fp8_cache,9.06139850616455,0.0051481700502336025,0.12412524968385696,0.8649062514305115
112000000005,0,improved_fp4_cache,21.27332305908203,0.6979076266288757,0.007458774372935295,0.14888355135917664
112000000005,1,improved_fp16_cache,46.716373443603516,0.9978057146072388,2.1299163563526236e-05,0.0007373534026555717
112000000005,1,improved_fp8_cache,10.289176940917969,0.012090662494301796,0.09355828166007996,0.8439216017723083
112000000005,1,improved_fp4_cache,22.35248565673828,0.6946811676025391,0.005817702040076256,0.14833490550518036
112000000005,2,improved_fp16_cache,42.63039016723633,0.9961921572685242,5.457087172544561e-05,0.001648320583626628
112000000005,2,improved_fp8_cache,8.366195678710938,0.00458140391856432,0.1456734538078308,0.8785364627838135
112000000005,2,improved_fp4_cache,20.30144691467285,0.674293041229248,0.009329433552920818,0.1468971073627472
112000000006,0,improved_fp16_cache,42.28577423095703,0.9983482360839844,5.9077527112094685e-05,0.0007757946150377393
112000000006,0,improved_fp8_cache,5.333376407623291,0.48100757598876953,0.2928615212440491,0.8245019912719727
112000000006,0,improved_fp4_cache,19.79357147216797,0.8575323820114136,0.010486791841685772,0.10331179946660995
112000000006,1,improved_fp16_cache,42.83977127075195,0.9983940124511719,5.200229861657135e-05,0.0006144136423245072
112000000006,1,improved_fp8_cache,6.155920028686523,0.4854373335838318,0.24233044683933258,0.8141078352928162
112000000006,1,improved_fp4_cache,19.89067268371582,0.8467540740966797,0.010254926048219204,0.11769510060548782
112000000006,2,improved_fp16_cache,42.402828216552734,0.9983951449394226,5.750647324020974e-05,0.0006475140107795596
112000000006,2,improved_fp8_cache,5.284828186035156,0.47502565383911133,0.2961536943912506,0.8245546221733093
112000000006,2,improved_fp4_cache,19.73976707458496,0.8441281318664551,0.01061752438545227,0.11073726415634155
112000000007,0,improved_fp16_cache,42.72368240356445,0.9966155886650085,5.3411120461532846e-05,0.0015662007499486208
112000000007,0,improved_fp8_cache,5.534008502960205,0.002058768644928932,0.27963986992836,1.1102830171585083
112000000007,0,improved_fp4_cache,19.00011444091797,0.6311609148979187,0.012588921003043652,0.23254695534706116
112000000007,1,improved_fp16_cache,48.57352066040039,0.9980521202087402,1.3888256034988444e-05,0.0005181666929274797
112000000007,1,improved_fp8_cache,7.696230411529541,0.011890556663274765,0.16997180879116058,1.0054913759231567
112000000007,1,improved_fp4_cache,19.5659122467041,0.6446437835693359,0.011051180772483349,0.19682681560516357
112000000007,2,improved_fp16_cache,48.395545959472656,0.9983235597610474,1.4469216694124043e-05,0.0005690097459591925
112000000007,2,improved_fp8_cache,5.092310905456543,0.0017508122837170959,0.3095771372318268,1.0571801662445068
112000000007,2,improved_fp4_cache,18.72368621826172,0.6303093433380127,0.013416255824267864,0.2025313377380371
112000000008,0,improved_fp16_cache,50.40300750732422,0.9977654814720154,9.11379811441293e-06,0.0004378370358608663
112000000008,0,improved_fp8_cache,4.152557373046875,0.007192785851657391,0.38436535000801086,1.0354727506637573
112000000008,0,improved_fp4_cache,21.289575576782227,0.8025479316711426,0.007430913392454386,0.15410877764225006
112000000008,1,improved_fp16_cache,49.268035888671875,0.998043417930603,1.1835759323730599e-05,0.0005324070225469768
112000000008,1,improved_fp8_cache,4.762528896331787,0.0025061937049031258,0.33400049805641174,1.0072994232177734
112000000008,1,improved_fp4_cache,21.824871063232422,0.8245403170585632,0.006569205317646265,0.13752688467502594
112000000008,2,improved_fp16_cache,48.618160247802734,0.997846245765686,1.374622752337018e-05,0.0005571056390181184
112000000008,2,improved_fp8_cache,3.0884602069854736,0.00583735853433609,0.49108195304870605,1.040271520614624
112000000008,2,improved_fp4_cache,20.86909294128418,0.8238973617553711,0.00818635430186987,0.1290631890296936
112000000009,0,improved_fp16_cache,45.617313385009766,0.9978296160697937,2.7432715796749108e-05,0.000721560325473547
112000000009,0,improved_fp8_cache,7.104632377624512,0.0019202856346964836,0.19477657973766327,0.9801477193832397
112000000009,0,improved_fp4_cache,20.383914947509766,0.721306324005127,0.009153948165476322,0.17387697100639343
112000000009,1,improved_fp16_cache,43.9361572265625,0.9973337650299072,4.040026033180766e-05,0.0009644509991630912
112000000009,1,improved_fp8_cache,7.1548871994018555,0.0038211210630834103,0.19253569841384888,0.9536606669425964
112000000009,1,improved_fp4_cache,20.90713882446289,0.734647274017334,0.008114952594041824,0.17552269995212555
112000000009,2,improved_fp16_cache,48.610008239746094,0.9982592463493347,1.3772059901384637e-05,0.0005073515931144357
112000000009,2,improved_fp8_cache,5.607933044433594,0.0009807891910895705,0.2749202251434326,1.0158305168151855
112000000009,2,improved_fp4_cache,20.618690490722656,0.7289831042289734,0.008672230876982212,0.18692699074745178
113000000000,0,improved_fp16_cache,50.3075065612793,0.9977549314498901,9.316427167505026e-06,0.0009113757987506688
113000000000,0,improved_fp8_cache,4.546932220458984,0.003945592790842056,0.3509996831417084,1.0380945205688477
113000000000,0,improved_fp4_cache,21.173643112182617,0.783194899559021,0.007631952408701181,0.19683361053466797
113000000000,1,improved_fp16_cache,50.7032585144043,0.9975187182426453,8.50499145599315e-06,0.00106029212474823
113000000000,1,improved_fp8_cache,7.877033710479736,0.008398274891078472,0.1630409210920334,0.9784702658653259
113000000000,1,improved_fp4_cache,23.78742218017578,0.7940360307693481,0.004180782940238714,0.190265491604805
113000000000,2,improved_fp16_cache,50.499488830566406,0.9979090690612793,8.913553756428882e-06,0.0009072689572349191
113000000000,2,improved_fp8_cache,4.497613906860352,0.0059636421501636505,0.3550083637237549,1.04462730884552
113000000000,2,improved_fp4_cache,20.718286514282227,0.7631544470787048,0.008475612848997116,0.20594856142997742
113000000001,0,improved_fp16_cache,54.66652297973633,0.9981112480163574,3.414660341150011e-06,0.00042934712837450206
113000000001,0,improved_fp8_cache,4.544560432434082,0.055686768144369125,0.3511914312839508,0.897722065448761
113000000001,0,improved_fp4_cache,25.19841957092285,0.8656799793243408,0.0030210502445697784,0.1188422441482544
113000000001,1,improved_fp16_cache,52.32741928100586,0.9980759024620056,5.851373771292856e-06,0.0005660979077219963
113000000001,1,improved_fp8_cache,7.086742401123047,0.06219605728983879,0.1955806016921997,0.830763578414917
113000000001,1,improved_fp4_cache,25.523386001586914,0.8831222057342529,0.002803247421979904,0.09429347515106201
113000000001,2,improved_fp16_cache,53.84646224975586,0.9978384971618652,4.124331553612137e-06,0.0004338386934250593
113000000001,2,improved_fp8_cache,4.3195061683654785,0.044601425528526306,0.36987021565437317,0.9185693264007568
113000000001,2,improved_fp4_cache,24.25922203063965,0.8710114359855652,0.0037504013162106276,0.10218416154384613
113000000002,0,improved_fp16_cache,49.72618103027344,0.9978014230728149,1.0650784133758862e-05,0.0008669747621752322
113000000002,0,improved_fp8_cache,8.119420051574707,0.014414992183446884,0.15419059991836548,0.730326235294342
113000000002,0,improved_fp4_cache,24.619535446166992,0.7983586192131042,0.0034518057946115732,0.1450277417898178
113000000002,1,improved_fp16_cache,51.455970764160156,0.9979596138000488,7.151587851694785e-06,0.0007633718196302652
113000000002,1,improved_fp8_cache,10.221772193908691,0.022347018122673035,0.09502168744802475,0.6400477290153503
113000000002,1,improved_fp4_cache,27.29829978942871,0.8159288167953491,0.0018628159305080771,0.11623735725879669
113000000002,2,improved_fp16_cache,49.03876495361328,0.9976547956466675,1.2477379641495645e-05,0.002251742873340845
113000000002,2,improved_fp8_cache,7.286449909210205,0.011007613502442837,0.1867905855178833,0.7711002826690674
113000000002,2,improved_fp4_cache,26.042613983154297,0.8154226541519165,0.002487358869984746,0.13562341034412384
113000000003,0,improved_fp16_cache,51.838558197021484,0.9982325434684753,6.54852965453756e-06,0.00037945277290418744
113000000003,0,improved_fp8_cache,7.317004680633545,0.0041260248981416225,0.1854810267686844,0.8855878114700317
113000000003,0,improved_fp4_cache,20.55712890625,0.8247894048690796,0.008796033449470997,0.13229511678218842
113000000003,1,improved_fp16_cache,48.31423568725586,0.9977790713310242,1.4742673556611408e-05,0.00046754651702940464
113000000003,1,improved_fp8_cache,9.483405113220215,0.013007184490561485,0.1126314103603363,0.8074963688850403
113000000003,1,improved_fp4_cache,20.99934959411621,0.7871936559677124,0.007944471202790737,0.1163613498210907
113000000003,2,improved_fp16_cache,48.01368713378906,0.9972443580627441,1.5799056200194173e-05,0.0006414636736735702
113000000003,2,improved_fp8_cache,6.973865985870361,0.00424814922735095,0.20073051750659943,0.899692952632904
113000000003,2,improved_fp4_cache,19.70663070678711,0.8025376796722412,0.010698842816054821,0.13268719613552094
113000000004,0,improved_fp16_cache,47.51011657714844,0.9975948333740234,1.7741398551152088e-05,0.0007583817350678146
113000000004,0,improved_fp8_cache,9.02080249786377,0.013418391346931458,0.12529093027114868,0.9116611480712891
113000000004,0,improved_fp4_cache,19.505311965942383,0.7582772970199585,0.01120646670460701,0.1935994029045105
113000000004,1,improved_fp16_cache,49.74284744262695,0.9981610178947449,1.0609993296384346e-05,0.0005165004986338317
113000000004,1,improved_fp8_cache,10.957334518432617,0.02771434187889099,0.08021702617406845,0.7742020487785339
113000000004,1,improved_fp4_cache,20.670385360717773,0.7305506467819214,0.008569616824388504,0.14801248908042908
113000000004,2,improved_fp16_cache,45.58686828613281,0.997255802154541,2.762568328762427e-05,0.0012347119627520442
113000000004,2,improved_fp8_cache,8.125716209411621,0.012697167694568634,0.1539672613143921,0.935500979423523
113000000004,2,improved_fp4_cache,19.88808250427246,0.7748275995254517,0.010261044837534428,0.16143664717674255
113000000005,0,improved_fp16_cache,52.07337188720703,0.9971199035644531,6.2038720898272e-06,0.0005502089043147862
113000000005,0,improved_fp8_cache,1.8704217672348022,0.00016657539526931942,0.6500665545463562,0.948458731174469
113000000005,0,improved_fp4_cache,25.475688934326172,0.8716866374015808,0.0028342034202069044,0.10294336080551147
113000000005,1,improved_fp16_cache,51.92606735229492,0.997029185295105,6.417902113753371e-06,0.0008841461967676878
113000000005,1,improved_fp8_cache,3.0016229152679443,0.00021206543897278607,0.5009999871253967,0.975162148475647
113000000005,1,improved_fp4_cache,26.45808219909668,0.862816572189331,0.0022604328114539385,0.10698987543582916
113000000005,2,improved_fp16_cache,50.751304626464844,0.9967963099479675,8.411419003095943e-06,0.0009322974947281182
113000000005,2,improved_fp8_cache,1.7781544923782349,0.00014739901234861463,0.6640251874923706,0.9788727760314941
113000000005,2,improved_fp4_cache,26.108379364013672,0.8588013052940369,0.0024499769788235426,0.09968221187591553
113000000006,0,improved_fp16_cache,47.85546112060547,0.9972981214523315,1.6385276467190124e-05,0.0008291327394545078
113000000006,0,improved_fp8_cache,5.836818695068359,0.0034458390437066555,0.2608063220977783,0.9896140694618225
113000000006,0,improved_fp4_cache,22.439430236816406,0.8116880655288696,0.005702388007193804,0.10238516330718994
113000000006,1,improved_fp16_cache,48.364845275878906,0.997154712677002,1.4571880456060171e-05,0.0009306570282205939
113000000006,1,improved_fp8_cache,7.771849632263184,0.004467539023607969,0.16703788936138153,0.9332650899887085
113000000006,1,improved_fp4_cache,24.184358596801758,0.8252182006835938,0.003815609961748123,0.10232748091220856
113000000006,2,improved_fp16_cache,46.49673843383789,0.9974185824394226,2.2404021365218796e-05,0.0007958947098813951
113000000006,2,improved_fp8_cache,5.212865829467773,0.0032229418866336346,0.30110183358192444,1.0055649280548096
113000000006,2,improved_fp4_cache,20.900367736816406,0.8121609687805176,0.008127615787088871,0.11404441297054291
113000000007,0,improved_fp16_cache,45.21807861328125,0.9967013597488403,3.007405211974401e-05,0.000856198719702661
113000000007,0,improved_fp8_cache,7.334729194641113,0.02502097189426422,0.1847255825996399,0.9767805933952332
113000000007,0,improved_fp4_cache,21.08970069885254,0.7830013036727905,0.007780898362398148,0.11197743564844131
113000000007,1,improved_fp16_cache,48.01420211791992,0.9976987838745117,1.5797179003129713e-05,0.000529235228896141
113000000007,1,improved_fp8_cache,8.461108207702637,0.02758209966123104,0.1425243765115738,0.9381073713302612
113000000007,1,improved_fp4_cache,21.85201644897461,0.782387912273407,0.0065282732248306274,0.11677458882331848
113000000007,2,improved_fp16_cache,47.05035400390625,0.9974696040153503,1.9722616343642585e-05,0.000556235434487462
113000000007,2,improved_fp8_cache,6.186870574951172,0.014369401149451733,0.24060960114002228,1.0243258476257324
113000000007,2,improved_fp4_cache,19.9051570892334,0.7765196561813354,0.010220780968666077,0.12009328603744507
113000000008,0,improved_fp16_cache,42.551265716552734,0.9963988661766052,5.557418262469582e-05,0.0014921050751581788
113000000008,0,improved_fp8_cache,4.245602130889893,0.000735041219741106,0.37621816992759705,1.0767238140106201
113000000008,0,improved_fp4_cache,19.693073272705078,0.7331010103225708,0.01073229406028986,0.1763858199119568
113000000008,1,improved_fp16_cache,46.42266845703125,0.9980847835540771,2.2789414288126864e-05,0.0006623764056712389
113000000008,1,improved_fp8_cache,6.254889011383057,0.001550440676510334,0.23687057197093964,1.0393757820129395
113000000008,1,improved_fp4_cache,21.292638778686523,0.759372353553772,0.007425675168633461,0.187521293759346
113000000008,2,improved_fp16_cache,48.91691207885742,0.9985454082489014,1.2832420907216147e-05,0.000429838546551764
113000000008,2,improved_fp8_cache,3.9312546253204346,0.0006271856836974621,0.40445899963378906,1.0907924175262451
113000000008,2,improved_fp4_cache,19.400699615478516,0.7531818151473999,0.011479686014354229,0.17075277864933014
113000000009,0,improved_fp16_cache,44.946327209472656,0.9963746070861816,3.201600338798016e-05,0.0013173345942050219
113000000009,0,improved_fp8_cache,9.00098991394043,0.0016967937117442489,0.12586383521556854,1.0963565111160278
113000000009,0,improved_fp4_cache,19.82854461669922,0.5256829261779785,0.010402684099972248,0.2286272794008255
113000000009,1,improved_fp16_cache,44.79434585571289,0.9964369535446167,3.315625508548692e-05,0.0010984333930537105
113000000009,1,improved_fp8_cache,10.571284294128418,0.0035815294831991196,0.08767414093017578,1.027860164642334
113000000009,1,improved_fp4_cache,20.25324058532715,0.535954475402832,0.009433562867343426,0.17886397242546082
113000000009,2,improved_fp16_cache,44.80263137817383,0.9964884519577026,3.3093016099883243e-05,0.0013001959305256605
113000000009,2,improved_fp8_cache,8.251397132873535,0.0017236897256225348,0.14957542717456818,1.1066951751708984
113000000009,2,improved_fp4_cache,19.384057998657227,0.5264487266540527,0.011523754335939884,0.2002086192369461
114000000000,0,improved_fp16_cache,48.853729248046875,0.9977253675460815,1.3020481674175244e-05,0.0005406978889368474
114000000000,0,improved_fp8_cache,11.203277587890625,0.02505458891391754,0.07580051571130753,0.8881095051765442
114000000000,0,improved_fp4_cache,23.274015426635742,0.6372382640838623,0.004705419298261404,0.09829163551330566
114000000000,1,improved_fp16_cache,47.223426818847656,0.9968942403793335,1.8952088794321753e-05,0.0008368117269128561
114000000000,1,improved_fp8_cache,12.75143814086914,0.06703424453735352,0.05307086929678917,0.844982385635376
114000000000,1,improved_fp4_cache,25.13837242126465,0.6592366695404053,0.0030631108675152063,0.09685289114713669
114000000000,2,improved_fp16_cache,48.95246505737305,0.9975149631500244,1.2727800822176505e-05,0.0005501539562828839
114000000000,2,improved_fp8_cache,11.112404823303223,0.021707113832235336,0.07740329951047897,0.8930087685585022
114000000000,2,improved_fp4_cache,23.27338981628418,0.6309190988540649,0.004706098698079586,0.09882809221744537
114000000001,0,improved_fp16_cache,50.58928680419922,0.9970921277999878,8.731144589546602e-06,0.00021339740487746894
114000000001,0,improved_fp8_cache,4.721181869506836,0.022543389350175858,0.337195485830307,1.0037946701049805
114000000001,0,improved_fp4_cache,21.863271713256836,0.7579194903373718,0.006511377636343241,0.08809538185596466
114000000001,1,improved_fp16_cache,51.38589859008789,0.9975188970565796,7.267919954756508e-06,0.0002817653294187039
114000000001,1,improved_fp8_cache,5.752993106842041,0.09967970848083496,0.26588916778564453,0.9913777112960815
114000000001,1,improved_fp4_cache,23.53312873840332,0.8437561392784119,0.004432890098541975,0.08415178954601288
114000000001,2,improved_fp16_cache,48.90654754638672,0.9968335628509521,1.2863082702097017e-05,0.00031738547841086984
114000000001,2,improved_fp8_cache,4.678408622741699,0.03096304088830948,0.34053292870521545,1.0080097913742065
114000000001,2,improved_fp4_cache,22.83073616027832,0.7959603667259216,0.005211064126342535,0.07669992744922638
114000000002,0,improved_fp16_cache,50.44439697265625,0.9982046484947205,9.027345186041202e-06,0.00047435774467885494
114000000002,0,improved_fp8_cache,5.055184364318848,0.0017476873472332954,0.3122349679470062,0.9671705365180969
114000000002,0,improved_fp4_cache,22.308752059936523,0.8304541110992432,0.005876581650227308,0.13441795110702515
114000000002,1,improved_fp16_cache,49.91886901855469,0.9978240728378296,1.0188562555413228e-05,0.0006663271342404187
114000000002,1,improved_fp8_cache,6.0216803550720215,0.0026390941347926855,0.24993781745433807,0.9521220922470093
114000000002,1,improved_fp4_cache,21.31694221496582,0.7951428294181824,0.007384238298982382,0.18208615481853485
114000000002,2,improved_fp16_cache,51.8044319152832,0.998284101486206,6.600194410566473e-06,0.0004928727867081761
114000000002,2,improved_fp8_cache,4.629359722137451,0.0008887858130037785,0.34440067410469055,1.0007190704345703
114000000002,2,improved_fp4_cache,21.25370979309082,0.8291854858398438,0.007492536213248968,0.13873259723186493
114000000003,0,improved_fp16_cache,47.382843017578125,0.9976341128349304,1.8269032807438634e-05,0.0007802096661180258
114000000003,0,improved_fp8_cache,5.253464698791504,0.0015756578650325537,0.2983001470565796,1.096389651298523
114000000003,0,improved_fp4_cache,18.393802642822266,0.5988767743110657,0.014475041069090366,0.22410213947296143
114000000003,1,improved_fp16_cache,48.05659484863281,0.9975073337554932,1.564373087603599e-05,0.0007020729826763272
114000000003,1,improved_fp8_cache,7.2693634033203125,0.009264024905860424,0.18752692639827728,1.0588622093200684
114000000003,1,improved_fp4_cache,21.46094512939453,0.7029849886894226,0.007143405731767416,0.1964118480682373
114000000003,2,improved_fp16_cache,47.09132385253906,0.9973024129867554,1.9537430489435792e-05,0.0007879529148340225
114000000003,2,improved_fp8_cache,4.2417473793029785,0.012360429391264915,0.3765522539615631,1.107860803604126
114000000003,2,improved_fp4_cache,20.813514709472656,0.7145096659660339,0.008291793055832386,0.1765994280576706
114000000004,0,improved_fp16_cache,53.0687370300293,0.9980852007865906,4.933167019771645e-06,0.0005507912137545645
114000000004,0,improved_fp8_cache,7.519164085388184,0.024027038365602493,0.17704494297504425,0.8982020616531372
114000000004,0,improved_fp4_cache,19.537038803100586,0.7440392971038818,0.011124897748231888,0.2778322994709015
114000000004,1,improved_fp16_cache,53.4474983215332,0.9980284571647644,4.52116182714235e-06,0.000608089379966259
114000000004,1,improved_fp8_cache,9.8757905960083,0.02591455541551113,0.10290131717920303,0.8811922073364258
114000000004,1,improved_fp4_cache,23.863630294799805,0.7666515111923218,0.004108060151338577,0.1547558307647705
114000000004,2,improved_fp16_cache,49.000587463378906,0.9970511794090271,1.2587553101184312e-05,0.0013247966999188066
114000000004,2,improved_fp8_cache,6.6238789558410645,0.005366254132241011,0.2175765484571457,0.9420948624610901
114000000004,2,improved_fp4_cache,21.88762092590332,0.7877256274223328,0.006474971305578947,0.17456430196762085
114000000005,0,improved_fp16_cache,49.726318359375,0.9979634284973145,1.0650452168192714e-05,0.0006403087172657251
114000000005,0,improved_fp8_cache,12.457555770874023,0.03723158687353134,0.05678641423583031,0.9332743883132935
114000000005,0,improved_fp4_cache,22.729475021362305,0.6899583339691162,0.005333991721272469,0.2093251496553421
114000000005,1,improved_fp16_cache,43.62311553955078,0.9950867891311646,4.341987369116396e-05,0.0025815763510763645
114000000005,1,improved_fp8_cache,16.050844192504883,0.08196437358856201,0.024826496839523315,0.811038613319397
114000000005,1,improved_fp4_cache,23.72687339782715,0.6609697341918945,0.004239480476826429,0.18206578493118286
114000000005,2,improved_fp16_cache,49.3223762512207,0.9979356527328491,1.1688589438563213e-05,0.0006959011079743505
114000000005,2,improved_fp8_cache,9.433697700500488,0.004723403137177229,0.1139279380440712,1.0084853172302246
114000000005,2,improved_fp4_cache,20.346731185913086,0.6476206183433533,0.00923265889286995,0.2187558114528656
114000000006,0,improved_fp16_cache,52.10833740234375,0.997968316078186,6.154124548629625e-06,0.0006241361843422055
114000000006,0,improved_fp8_cache,5.583014488220215,0.00585315702483058,0.27650216221809387,0.9860436916351318
114000000006,0,improved_fp4_cache,22.17975425720215,0.808718204498291,0.006053748074918985,0.19027076661586761
114000000006,1,improved_fp16_cache,43.455909729003906,0.9955027103424072,4.512416853685863e-05,0.0017769485712051392
114000000006,1,improved_fp8_cache,6.886181831359863,0.015165969729423523,0.20482443273067474,0.9115057587623596
114000000006,1,improved_fp4_cache,22.854511260986328,0.779394268989563,0.005182614084333181,0.19426274299621582
114000000006,2,improved_fp16_cache,50.310821533203125,0.9980050921440125,9.30930855247425e-06,0.0006856832769699395
114000000006,2,improved_fp8_cache,4.8691887855529785,0.004010691773146391,0.32589757442474365,1.0277304649353027
114000000006,2,improved_fp4_cache,19.641155242919922,0.7213129997253418,0.01086136419326067,0.26054370403289795
114000000007,0,improved_fp16_cache,50.5190544128418,0.997814416885376,8.873485967342276e-06,0.0008716661250218749
114000000007,0,improved_fp8_cache,4.827034950256348,0.00042232644045725465,0.32907620072364807,1.0066709518432617
114000000007,0,improved_fp4_cache,20.664278030395508,0.8272404670715332,0.008581672795116901,0.19954313337802887
114000000007,1,improved_fp16_cache,51.087974548339844,0.9979475736618042,7.783996807120275e-06,0.0007664021686650813
114000000007,1,improved_fp8_cache,7.134222030639648,0.0009504740010015666,0.19345401227474213,1.002872347831726
114000000007,1,improved_fp4_cache,25.783111572265625,0.8448755145072937,0.002640516497194767,0.17291991412639618
114000000007,2,improved_fp16_cache,49.45780563354492,0.997772216796875,1.1329714652674738e-05,0.0008446442079730332
114000000007,2,improved_fp8_cache,4.290574550628662,0.0004505811957642436,0.37234243750572205,1.0808172225952148
114000000007,2,improved_fp4_cache,21.694446563720703,0.8246669769287109,0.0067694783210754395,0.1827055960893631
114000000008,0,improved_fp16_cache,49.562843322753906,0.9979287981987,1.1058994459745008e-05,0.00057798414491117
114000000008,0,improved_fp8_cache,4.398565769195557,0.0012329630553722382,0.3631979525089264,1.0523067712783813
114000000008,0,improved_fp4_cache,20.52206039428711,0.7551001310348511,0.008867348544299603,0.17601217329502106
114000000008,1,improved_fp16_cache,49.4991569519043,0.9980921149253845,1.122235698858276e-05,0.0004525640688370913
114000000008,1,improved_fp8_cache,5.417858600616455,0.006302474997937679,0.2872196435928345,1.0239969491958618
114000000008,1,improved_fp4_cache,21.660614013671875,0.7663271427154541,0.0068224226124584675,0.1791919767856598
114000000008,2,improved_fp16_cache,49.22507095336914,0.9977329969406128,1.1953442481171805e-05,0.0008543513831682503
114000000008,2,improved_fp8_cache,4.120560646057129,0.001096848864108324,0.38720762729644775,1.0662280321121216
114000000008,2,improved_fp4_cache,20.429668426513672,0.7653962969779968,0.009058014489710331,0.17141865193843842
114000000009,0,improved_fp16_cache,51.158164978027344,0.9979630708694458,7.659196853637695e-06,0.0005836313357576728
114000000009,0,improved_fp8_cache,6.6849822998046875,0.021109281107783318,0.21453677117824554,0.9204559326171875
114000000009,0,improved_fp4_cache,25.56983757019043,0.8164500594139099,0.002773422747850418,0.1278899908065796
114000000009,1,improved_fp16_cache,52.29350280761719,0.9983457326889038,5.897249593544984e-06,0.000556248240172863
114000000009,1,improved_fp8_cache,8.166906356811523,0.0483403317630291,0.15251387655735016,0.8657803535461426
114000000009,1,improved_fp4_cache,25.754465103149414,0.8212272524833679,0.0026579902041703463,0.10941562801599503
114000000009,2,improved_fp16_cache,53.073116302490234,0.9984931349754333,4.928200269205263e-06,0.0003944741911254823
114000000009,2,improved_fp8_cache,6.8355255126953125,0.024616919457912445,0.20722751319408417,0.915248453617096
114000000009,2,improved_fp4_cache,24.24224281311035,0.8003737330436707,0.0037650924641638994,0.12178513407707214
121000000000,0,improved_fp16_cache,52.071495056152344,0.9984484910964966,6.206551915965974e-06,0.0005807778798043728
121000000000,0,improved_fp8_cache,6.122317314147949,0.0007769273943267763,0.24421268701553345,1.0599918365478516
121000000000,0,improved_fp4_cache,19.742725372314453,0.8041634559631348,0.010610289871692657,0.2027939260005951
121000000000,1,improved_fp16_cache,40.518653869628906,0.9936038851737976,8.874305058270693e-05,0.006346159614622593
121000000000,1,improved_fp8_cache,8.014863014221191,0.001795365707948804,0.157947838306427,1.0115631818771362
121000000000,1,improved_fp4_cache,20.93141746520996,0.8337569236755371,0.008069713599979877,0.1640525758266449
121000000000,2,improved_fp16_cache,51.44214630126953,0.9984946250915527,7.1743884291208815e-06,0.0006449097418226302
121000000000,2,improved_fp8_cache,4.9494948387146,0.0009048180654644966,0.3199267089366913,1.0628570318222046
121000000000,2,improved_fp4_cache,20.08129119873047,0.8346202373504639,0.009814557619392872,0.20331333577632904
121000000001,0,improved_fp16_cache,48.19949722290039,0.9976915121078491,1.5137353329919279e-05,0.0007164424750953913
121000000001,0,improved_fp8_cache,5.530362606048584,0.0009079783922061324,0.2798747718334198,1.077570915222168
121000000001,0,improved_fp4_cache,20.096797943115234,0.7316856384277344,0.009779577143490314,0.18797244131565094
121000000001,1,improved_fp16_cache,46.33042526245117,0.9968580603599548,2.32786205742741e-05,0.00107592495623976
121000000001,1,improved_fp8_cache,6.732851982116699,0.002146637998521328,0.21218504011631012,1.022499442100525
121000000001,1,improved_fp4_cache,22.723201751708984,0.8156399726867676,0.005341702606528997,0.16098114848136902
121000000001,2,improved_fp16_cache,51.94319534301758,0.9979877471923828,6.39263680568547e-06,0.0005816006450913846
121000000001,2,improved_fp8_cache,4.662282943725586,0.0007222906569950283,0.3417997360229492,1.086541771888733
121000000001,2,improved_fp4_cache,21.1850528717041,0.814734697341919,0.007611928042024374,0.15125271677970886
121000000002,0,improved_fp16_cache,38.905208587646484,0.9947224855422974,0.00012867052282672375,0.0020155874080955982
121000000002,0,improved_fp8_cache,7.1039276123046875,0.002033616416156292,0.1948082000017166,1.1138155460357666
121000000002,0,improved_fp4_cache,18.231477737426758,0.6250075697898865,0.015026298351585865,0.21654817461967468
121000000002,1,improved_fp16_cache,49.5546875,0.9971532821655273,1.107978187064873e-05,0.000988244777545333
121000000002,1,improved_fp8_cache,8.567483901977539,0.004587916191667318,0.13907578587532043,1.0145525932312012
121000000002,1,improved_fp4_cache,21.369495391845703,0.7024601697921753,0.0072954208590090275,0.17309392988681793
121000000002,2,improved_fp16_cache,48.00803756713867,0.9976500868797302,1.5819628970348276e-05,0.0007569728186354041
121000000002,2,improved_fp8_cache,6.1349101066589355,0.0006926193600520492,0.24350561201572418,1.1055431365966797
121000000002,2,improved_fp4_cache,18.82780647277832,0.6957195997238159,0.01309843361377716,0.17895877361297607
121000000003,0,improved_fp16_cache,50.502891540527344,0.9985141158103943,8.906573384592775e-06,0.0005263152997940779
121000000003,0,improved_fp8_cache,7.573938846588135,0.0011432564351707697,0.1748260259628296,1.034893274307251
121000000003,0,improved_fp4_cache,20.388294219970703,0.6716989278793335,0.009144718758761883,0.1550995111465454
121000000003,1,improved_fp16_cache,50.0179328918457,0.9979422092437744,9.958789632946718e-06,0.0007283651502802968
121000000003,1,improved_fp8_cache,9.124917984008789,0.003193685319274664,0.12232299894094467,0.9904518127441406
121000000003,1,improved_fp4_cache,22.554153442382812,0.6873435378074646,0.005553727503865957,0.1388595551252365
121000000003,2,improved_fp16_cache,45.549739837646484,0.9974499940872192,2.7862886781804264e-05,0.0012669542338699102
121000000003,2,improved_fp8_cache,6.727137088775635,0.000817317923065275,0.21246445178985596,1.0624017715454102
121000000003,2,improved_fp4_cache,19.06613540649414,0.6932328939437866,0.012398992665112019,0.13785280287265778
121000000004,0,improved_fp16_cache,48.531219482421875,0.9975708723068237,1.4024201846041251e-05,0.0005231280229054391
121000000004,0,improved_fp8_cache,6.801854133605957,0.00714209396392107,0.20884041488170624,0.8919807076454163
121000000004,0,improved_fp4_cache,20.079544067382812,0.8243152499198914,0.009818509221076965,0.12477543950080872
121000000004,1,improved_fp16_cache,50.3349494934082,0.9976973533630371,9.257742021873128e-06,0.0005191684467718005
121000000004,1,improved_fp8_cache,9.199891090393066,0.010640962980687618,0.12022945284843445,0.8574397563934326
121000000004,1,improved_fp4_cache,22.93377685546875,0.8549336194992065,0.0050888811238110065,0.11140813678503036
121000000004,2,improved_fp16_cache,48.00990676879883,0.9965788722038269,1.5812804122106172e-05,0.0007894026348367333
121000000004,2,improved_fp8_cache,6.215231418609619,0.0022293904330581427,0.2390434294939041,0.8836764693260193
121000000004,2,improved_fp4_cache,22.048511505126953,0.8410322666168213,0.006239484995603561,0.1163041740655899
121000000005,0,improved_fp16_cache,51.45282745361328,0.9979674816131592,7.1567687882634345e-06,0.0006507038488052785
121000000005,0,improved_fp8_cache,7.556980133056641,0.0015693658497184515,0.17551004886627197,0.927169919013977
121000000005,0,improved_fp4_cache,22.477014541625977,0.8501269817352295,0.005653252359479666,0.16798561811447144
121000000005,1,improved_fp16_cache,51.35248947143555,0.9977850317955017,7.3240430538135115e-06,0.0006250696023926139
121000000005,1,improved_fp8_cache,10.084613800048828,0.004221335053443909,0.09807053953409195,0.8348915576934814
121000000005,1,improved_fp4_cache,24.5825138092041,0.8566668033599854,0.003481357591226697,0.14064651727676392
121000000005,2,improved_fp16_cache,48.69113540649414,0.9978345632553101,1.3517179468180984e-05,0.0008302471833303571
121000000005,2,improved_fp8_cache,6.482247352600098,0.0008559729903936386,0.224789097905159,0.9775044918060303
121000000005,2,improved_fp4_cache,21.09990119934082,0.8462004065513611,0.007762646768242121,0.13478083908557892
121000000006,0,improved_fp16_cache,50.26190948486328,0.998081386089325,9.414749911229592e-06,0.0005628436920233071
121000000006,0,improved_fp8_cache,5.139781951904297,0.0010071010328829288,0.3062117099761963,0.997379720211029
121000000006,0,improved_fp4_cache,19.79979133605957,0.755016028881073,0.010471786372363567,0.1634647101163864
121000000006,1,improved_fp16_cache,51.12495040893555,0.9980923533439636,7.71799841459142e-06,0.0005480312393046916
121000000006,1,improved_fp8_cache,6.775390148162842,0.002302188891917467,0.210116907954216,0.9677603244781494
121000000006,1,improved_fp4_cache,22.379077911376953,0.8068940043449402,0.005782188381999731,0.1401904821395874
121000000006,2,improved_fp16_cache,48.28299331665039,0.9976672530174255,1.4849111721559893e-05,0.0006196462782099843
121000000006,2,improved_fp8_cache,4.35045862197876,0.003068068530410528,0.3672434985637665,1.0006380081176758
121000000006,2,improved_fp4_cache,21.613731384277344,0.800083339214325,0.006896468345075846,0.15115898847579956
121000000007,0,improved_fp16_cache,47.84678268432617,0.997786283493042,1.6418051018263213e-05,0.0008704414358362556
121000000007,0,improved_fp8_cache,5.4678802490234375,0.0012930853990837932,0.2839304208755493,0.9911925196647644
121000000007,0,improved_fp4_cache,20.42801856994629,0.7220572233200073,0.009061458520591259,0.17536252737045288
121000000007,1,improved_fp16_cache,46.29187774658203,0.9971692562103271,2.3486158170271665e-05,0.0012129249516874552
121000000007,1,improved_fp8_cache,6.633678913116455,0.002986416919156909,0.21708615124225616,0.934435248374939
121000000007,1,improved_fp4_cache,23.120662689208984,0.7640823125839233,0.004874540027230978,0.16403168439865112
121000000007,2,improved_fp16_cache,43.875057220458984,0.9969004988670349,4.097263445146382e-05,0.0018614339642226696
121000000007,2,improved_fp8_cache,4.617605686187744,0.0009320252574980259,0.3453340530395508,1.0137858390808105
121000000007,2,improved_fp4_cache,20.463581085205078,0.7559487223625183,0.00898755993694067,0.17733514308929443
121000000008,0,improved_fp16_cache,47.02870559692383,0.9983038902282715,1.9821172827505507e-05,0.0006457517156377435
121000000008,0,improved_fp8_cache,6.147865295410156,0.0006670473958365619,0.24278028309345245,1.041385293006897
121000000008,0,improved_fp4_cache,18.750110626220703,0.6846257448196411,0.01333487406373024,0.19439606368541718
121000000008,1,improved_fp16_cache,45.09333801269531,0.9977371692657471,3.0950370273785666e-05,0.0008631192613393068
121000000008,1,improved_fp8_cache,7.777724266052246,0.0018217030446976423,0.16681210696697235,0.9919121265411377
121000000008,1,improved_fp4_cache,20.854272842407227,0.7558485269546509,0.008214338682591915,0.1388072371482849
121000000008,2,improved_fp16_cache,49.22703552246094,0.9986952543258667,1.1948024621233344e-05,0.0004040739731863141
121000000008,2,improved_fp8_cache,5.096395969390869,0.0005092364735901356,0.30928608775138855,1.048315405845642
121000000008,2,improved_fp4_cache,20.29728889465332,0.7425960898399353,0.009338369593024254,0.1622784286737442
121000000009,0,improved_fp16_cache,49.10713195800781,0.9975348711013794,1.2282495845283847e-05,0.0005238031735643744
121000000009,0,improved_fp8_cache,8.079816818237305,0.001063718693330884,0.15560311079025269,0.8530744314193726
121000000009,0,improved_fp4_cache,18.77513885498047,0.7953411936759949,0.01325824111700058,0.11852923780679703
121000000009,1,improved_fp16_cache,49.61162567138672,0.9978184103965759,1.0935465979855508e-05,0.0005641448078677058
121000000009,1,improved_fp8_cache,11.916080474853516,0.0035603889264166355,0.06432679295539856,0.7383069396018982
121000000009,1,improved_fp4_cache,21.96161651611328,0.8098124265670776,0.006365582346916199,0.1033490002155304
121000000009,2,improved_fp16_cache,47.41056442260742,0.9975594282150269,1.815279756556265e-05,0.0008034994825720787
121000000009,2,improved_fp8_cache,7.715987205505371,0.0006881539593450725,0.1692003458738327,0.8560746908187866
121000000009,2,improved_fp4_cache,19.670137405395508,0.8334435224533081,0.010789123363792896,0.12746131420135498
122000000000,0,improved_fp16_cache,40.442317962646484,0.994175910949707,9.031671652337536e-05,0.0032525802962481976
122000000000,0,improved_fp8_cache,2.3181443214416504,0.000837717845570296,0.5863886475563049,1.0795305967330933
122000000000,0,improved_fp4_cache,20.692333221435547,0.8146768808364868,0.008526417426764965,0.1782395839691162
122000000000,1,improved_fp16_cache,49.009979248046875,0.9979750514030457,1.2560351024148986e-05,0.0006522341282106936
122000000000,1,improved_fp8_cache,3.559340476989746,0.0011966533493250608,0.4406217634677887,1.0299547910690308
122000000000,1,improved_fp4_cache,22.873111724853516,0.831937313079834,0.0051604630425572395,0.13928836584091187
122000000000,2,improved_fp16_cache,50.13421630859375,0.9985982179641724,9.695676453702617e-06,0.00033376505598425865
122000000000,2,improved_fp8_cache,1.8702735900878906,0.000339432735927403,0.6500887274742126,1.050054907798767
122000000000,2,improved_fp4_cache,20.548173904418945,0.81816166639328,0.008814194239675999,0.11691130697727203
122000000001,0,improved_fp16_cache,50.13385009765625,0.9984116554260254,9.69649863691302e-06,0.00041238978155888617
122000000001,0,improved_fp8_cache,6.444528102874756,0.003934914246201515,0.2267499417066574,1.0122159719467163
122000000001,0,improved_fp4_cache,21.123334884643555,0.7504324913024902,0.007720873225480318,0.19515907764434814
122000000001,1,improved_fp16_cache,44.013458251953125,0.9972528219223022,3.968752207583748e-05,0.0011591636575758457
122000000001,1,improved_fp8_cache,7.713972091674805,0.011508455500006676,0.16927887499332428,0.9924020767211914
122000000001,1,improved_fp4_cache,21.40018653869629,0.7487587332725525,0.007244046777486801,0.1619926542043686
122000000001,2,improved_fp16_cache,47.72792434692383,0.9987872838973999,1.6873585991561413e-05,0.00033690189593471587
122000000001,2,improved_fp8_cache,5.520927906036377,0.007580512668937445,0.2804833948612213,1.0440113544464111
122000000001,2,improved_fp4_cache,19.655973434448242,0.7391402125358582,0.010824368335306644,0.14889872074127197
122000000002,0,improved_fp16_cache,52.33468246459961,0.9982413053512573,5.841595793754095e-06,0.0004063327214680612
122000000002,0,improved_fp8_cache,4.969327449798584,0.0020860303193330765,0.3184690475463867,0.9482079744338989
122000000002,0,improved_fp4_cache,23.654232025146484,0.8850363492965698,0.004310985561460257,0.12655016779899597
122000000002,1,improved_fp16_cache,41.26234436035156,0.9965362548828125,7.477653707610443e-05,0.0018839212134480476
122000000002,1,improved_fp8_cache,6.398401260375977,0.003530611051246524,0.22917111217975616,0.848064661026001
122000000002,1,improved_fp4_cache,26.459598541259766,0.9099841117858887,0.00225964467972517,0.10314132273197174
122000000002,2,improved_fp16_cache,51.84669876098633,0.9980438947677612,6.5362692112103105e-06,0.0005438808002509177
122000000002,2,improved_fp8_cache,4.751644611358643,0.0020536386873573065,0.3348385989665985,0.9571053385734558
122000000002,2,improved_fp4_cache,25.242666244506836,0.9006415605545044,0.002990428125485778,0.11174298077821732
122000000003,0,improved_fp16_cache,48.86676788330078,0.9980443716049194,1.2981450709048659e-05,0.0005462404806166887
122000000003,0,improved_fp8_cache,6.0165839195251465,0.0027092057280242443,0.2502312958240509,1.0594558715820312
122000000003,0,improved_fp4_cache,18.938634872436523,0.7487441897392273,0.012768394313752651,0.17046421766281128
122000000003,1,improved_fp16_cache,46.74470901489258,0.997332751750946,2.116063296853099e-05,0.0009238630882464349
122000000003,1,improved_fp8_cache,8.164236068725586,0.0034759826958179474,0.15260766446590424,1.017169713973999
122000000003,1,improved_fp4_cache,19.685510635375977,0.772415816783905,0.010751000605523586,0.17236030101776123
122000000003,2,improved_fp16_cache,46.84489059448242,0.9975019693374634,2.0678096916526556e-05,0.000781010021455586
122000000003,2,improved_fp8_cache,5.466806888580322,0.0036337142810225487,0.2840006351470947,1.0754157304763794
122000000003,2,improved_fp4_cache,19.977895736694336,0.7582451105117798,0.01005102600902319,0.19339559972286224
122000000004,0,improved_fp16_cache,48.400360107421875,0.997609555721283,1.445319958293112e-05,0.0011371523141860962
122000000004,0,improved_fp8_cache,5.298483848571777,0.008270978927612305,0.29522398114204407,0.9734876155853271
122000000004,0,improved_fp4_cache,21.260299682617188,0.8504897952079773,0.007481175009161234,0.13692982494831085
122000000004,1,improved_fp16_cache,48.21811294555664,0.9978059530258179,1.5072605492605362e-05,0.0008705643704161048
122000000004,1,improved_fp8_cache,6.644154071807861,0.0117149967700243,0.2165631502866745,0.9489395618438721
122000000004,1,improved_fp4_cache,22.087963104248047,0.8434653282165527,0.006183061748743057,0.13304464519023895
122000000004,2,improved_fp16_cache,47.327903747558594,0.9978998899459839,1.850161970651243e-05,0.0007183990674093366
122000000004,2,improved_fp8_cache,4.912777900695801,0.009780405089259148,0.3226429522037506,1.002625584602356
122000000004,2,improved_fp4_cache,21.828290939331055,0.8630027770996094,0.006564034614712,0.11902734637260437
122000000005,0,improved_fp16_cache,50.487728118896484,0.997827410697937,8.937725397117902e-06,0.0005045531434006989
122000000005,0,improved_fp8_cache,6.873033046722412,0.0038802847266197205,0.2054455280303955,1.0002617835998535
122000000005,0,improved_fp4_cache,20.116695404052734,0.7481279373168945,0.009734873659908772,0.19563224911689758
122000000005,1,improved_fp16_cache,46.3878288269043,0.9974557161331177,2.2972977603785694e-05,0.0008886611904017627
122000000005,1,improved_fp8_cache,9.73803997039795,0.004583531059324741,0.10621746629476547,0.9665117859840393
122000000005,1,improved_fp4_cache,21.998964309692383,0.7872742414474487,0.0063110776245594025,0.14920933544635773
122000000005,2,improved_fp16_cache,45.652565002441406,0.9973344802856445,2.7210922780795954e-05,0.0009189700940623879
122000000005,2,improved_fp8_cache,6.889676570892334,0.0025333818048238754,0.20465970039367676,1.0290894508361816
122000000005,2,improved_fp4_cache,20.530914306640625,0.7685898542404175,0.008849292062222958,0.14419668912887573
122000000006,0,improved_fp16_cache,44.46645736694336,0.9961986541748047,3.575640948838554e-05,0.0010680279228836298
122000000006,0,improved_fp8_cache,5.28076696395874,0.0004062861844431609,0.296430766582489,1.079960823059082
122000000006,0,improved_fp4_cache,18.787403106689453,0.6099469661712646,0.013220854103565216,0.22741344571113586
122000000006,1,improved_fp16_cache,47.839298248291016,0.9973258376121521,1.644636722630821e-05,0.0009034497779794037
122000000006,1,improved_fp8_cache,7.239519119262695,0.0007566929562017322,0.188820019364357,1.0558366775512695
122000000006,1,improved_fp4_cache,20.312305450439453,0.6391240358352661,0.009306131862103939,0.2005579173564911
122000000006,2,improved_fp16_cache,41.701881408691406,0.9957181811332703,6.757895607734099e-05,0.0019058408215641975
122000000006,2,improved_fp8_cache,4.528929233551025,0.0003209603892173618,0.35245776176452637,1.0904145240783691
122000000006,2,improved_fp4_cache,18.554073333740234,0.6296507120132446,0.013950592838227749,0.22856542468070984
122000000007,0,improved_fp16_cache,49.323116302490234,0.9978684782981873,1.1686594916682225e-05,0.0008567788172513247
122000000007,0,improved_fp8_cache,7.064606189727783,0.006168469786643982,0.19658000767230988,1.0610564947128296
122000000007,0,improved_fp4_cache,20.589868545532227,0.7706252932548523,0.008729977533221245,0.1634271740913391
122000000007,1,improved_fp16_cache,45.55405044555664,0.9968622922897339,2.7835238142870367e-05,0.0022076601162552834
122000000007,1,improved_fp8_cache,8.45201587677002,0.008355217054486275,0.14282308518886566,1.0004521608352661
122000000007,1,improved_fp4_cache,21.798418045043945,0.7730011940002441,0.006609340663999319,0.15351518988609314
122000000007,2,improved_fp16_cache,49.93232727050781,0.9977426528930664,1.0157037650060374e-05,0.0008571207290515304
122000000007,2,improved_fp8_cache,5.8311872482299805,0.011170006357133389,0.2611447274684906,1.0697518587112427
122000000007,2,improved_fp4_cache,20.022239685058594,0.7772385478019714,0.009948916733264923,0.15446139872074127
122000000008,0,improved_fp16_cache,40.394859313964844,0.9967278242111206,9.130899707088247e-05,0.0014027705183252692
122000000008,0,improved_fp8_cache,5.259272575378418,0.0026886097621172667,0.2979015111923218,1.0457149744033813
122000000008,0,improved_fp4_cache,20.211986541748047,0.7555343508720398,0.009523600339889526,0.17174459993839264
122000000008,1,improved_fp16_cache,49.77382278442383,0.9980015158653259,1.0534587090660352e-05,0.0005557169788517058
122000000008,1,improved_fp8_cache,7.0872697830200195,0.00467696925625205,0.19555683434009552,0.9842142462730408
122000000008,1,improved_fp4_cache,21.877609252929688,0.7769349813461304,0.006489912047982216,0.1492874026298523
122000000008,2,improved_fp16_cache,48.055355072021484,0.9979206919670105,1.564818921906408e-05,0.0006877391715534031
122000000008,2,improved_fp8_cache,4.789113521575928,0.001193404896184802,0.3319621980190277,1.0527937412261963
122000000008,2,improved_fp4_cache,19.725841522216797,0.7803673148155212,0.010651621967554092,0.1443583369255066
122000000009,0,improved_fp16_cache,47.34552001953125,0.9977806806564331,1.8426704627927393e-05,0.0008613108075223863
122000000009,0,improved_fp8_cache,10.886152267456055,0.1449720561504364,0.08154263347387314,0.8835741877555847
122000000009,0,improved_fp4_cache,23.175729751586914,0.7494502067565918,0.004813122563064098,0.15630865097045898
122000000009,1,improved_fp16_cache,48.73127365112305,0.9980794191360474,1.3392829714575782e-05,0.0006718339864164591
122000000009,1,improved_fp8_cache,13.782546043395996,0.20075562596321106,0.041854798793792725,0.7884492874145508
122000000009,1,improved_fp4_cache,24.60198211669922,0.7420200109481812,0.003465786576271057,0.13991980254650116
122000000009,2,improved_fp16_cache,48.2831916809082,0.9977997541427612,1.484842778154416e-05,0.0007688128389418125
122000000009,2,improved_fp8_cache,11.554688453674316,0.1652045100927353,0.06990867853164673,0.8715792894363403
122000000009,2,improved_fp4_cache,23.391504287719727,0.7682003378868103,0.004579830914735794,0.14576560258865356
