config,job_id,prompt_idx,edit_p,runtime_s,cache,vram_mb,out_path
baseline_fp32,000000000000,0,a slanted rusty mountain motorcycle in front of a fence,2.377,off,14595.6,/content/CS2309.CH201/results/notebook/qsbench_imgs/20260617-0336-bb4785/baseline_fp32/000000000000_0.png
baseline_fp32,000000000000,1,"a slanted mountain bicycle on the road in front of a building at night, dark lighting",2.4156,off,14595.6,/content/CS2309.CH201/results/notebook/qsbench_imgs/20260617-0336-bb4785/baseline_fp32/000000000000_1.png
baseline_fp32,000000000000,2,"a slanted mountain bicycle on the road in front of a building in winter, covered in snow",2.405,off,14595.6,/content/CS2309.CH201/results/notebook/qsbench_imgs/20260617-0336-bb4785/baseline_fp32/000000000000_2.png
baseline_fp32,000000000001,0,a square cake with strawberry frosting on a plastic plate,2.4341,off,14595.6,/content/CS2309.CH201/results/notebook/qsbench_imgs/20260617-0336-bb4785/baseline_fp32/000000000001_0.png
baseline_fp32,000000000001,1,"a round cake with orange frosting on a wooden plate at night, dark lighting",2.4363,off,14595.6,/content/CS2309.CH201/results/notebook/qsbench_imgs/20260617-0336-bb4785/baseline_fp32/000000000001_1.png
baseline_fp32,000000000001,2,"a round cake with orange frosting on a wooden plate in winter, covered in snow",2.4766,off,14595.6,/content/CS2309.CH201/results/notebook/qsbench_imgs/20260617-0336-bb4785/baseline_fp32/000000000001_2.png
baseline_fp32,000000000002,0,a red dog with flowers in mouth standing on a metal chair,2.4972,off,14595.6,/content/CS2309.CH201/results/notebook/qsbench_imgs/20260617-0336-bb4785/baseline_fp32/000000000002_0.png
baseline_fp32,000000000002,1,"a cat sitting on a wooden chair at night, dark lighting",2.5198,off,14595.6,/content/CS2309.CH201/results/notebook/qsbench_imgs/20260617-0336-bb4785/baseline_fp32/000000000002_1.png
baseline_fp32,000000000002,2,"a cat sitting on a wooden chair in winter, covered in snow",2.5444,off,14595.6,/content/CS2309.CH201/results/notebook/qsbench_imgs/20260617-0336-bb4785/baseline_fp32/000000000002_2.png
baseline_fp32,000000000003,0,"blue light, a black and white dog is playing with a yellow ball",2.5948,off,14595.6,/content/CS2309.CH201/results/notebook/qsbench_imgs/20260617-0336-bb4785/baseline_fp32/000000000003_0.png
baseline_fp32,000000000003,1,"blue light, a black and white cat is playing with a flower at night, dark lighting",2.604,off,14595.6,/content/CS2309.CH201/results/notebook/qsbench_imgs/20260617-0336-bb4785/baseline_fp32/000000000003_1.png
baseline_fp32,000000000003,2,"blue light, a black and white cat is playing with a flower in winter, covered in snow",2.6279,off,14595.6,/content/CS2309.CH201/results/notebook/qsbench_imgs/20260617-0336-bb4785/baseline_fp32/000000000003_2.png
baseline_fp32,000000000004,0,a silver cat sculpture standing next to a mirror,2.6384,off,14595.6,/content/CS2309.CH201/results/notebook/qsbench_imgs/20260617-0336-bb4785/baseline_fp32/000000000004_0.png
baseline_fp32,000000000004,1,"a cat sitting next to a mirror at night, dark lighting",2.6668,off,14595.6,/content/CS2309.CH201/results/notebook/qsbench_imgs/20260617-0336-bb4785/baseline_fp32/000000000004_1.png
baseline_fp32,000000000004,2,"a cat sitting next to a mirror in winter, covered in snow",2.6705,off,14595.6,/content/CS2309.CH201/results/notebook/qsbench_imgs/20260617-0336-bb4785/baseline_fp32/000000000004_2.png
baseline_fp32,000000000005,0,an white cat and a dog standing on top of a fence,2.711,off,14595.6,/content/CS2309.CH201/results/notebook/qsbench_imgs/20260617-0336-bb4785/baseline_fp32/000000000005_0.png
baseline_fp32,000000000005,1,"an orange cat sitting on top of a fence at night, dark lighting",2.7773,off,14595.6,/content/CS2309.CH201/results/notebook/qsbench_imgs/20260617-0336-bb4785/baseline_fp32/000000000005_1.png
baseline_fp32,000000000005,2,"an orange cat sitting on top of a fence in winter, covered in snow",2.8062,off,14595.6,/content/CS2309.CH201/results/notebook/qsbench_imgs/20260617-0336-bb4785/baseline_fp32/000000000005_2.png
baseline_fp32,000000000006,0,a yellow cup of milk with drawing of rose putted on the wooden table,2.8764,off,14595.6,/content/CS2309.CH201/results/notebook/qsbench_imgs/20260617-0336-bb4785/baseline_fp32/000000000006_0.png
baseline_fp32,000000000006,1,"a cup of coffee with drawing of tulip putted on the wooden table at night, dark lighting",2.8639,off,14595.6,/content/CS2309.CH201/results/notebook/qsbench_imgs/20260617-0336-bb4785/baseline_fp32/000000000006_1.png
baseline_fp32,000000000006,2,"a cup of coffee with drawing of tulip putted on the wooden table in winter, covered in snow",2.9267,off,14595.6,/content/CS2309.CH201/results/notebook/qsbench_imgs/20260617-0336-bb4785/baseline_fp32/000000000006_2.png
baseline_fp32,000000000007,0,a white german shepherd dog sits on the grass with big mouth opened,2.9907,off,14595.6,/content/CS2309.CH201/results/notebook/qsbench_imgs/20260617-0336-bb4785/baseline_fp32/000000000007_0.png
baseline_fp32,000000000007,1,"a german shepherd dog stands on the grass with mouth closed at night, dark lighting",3.0291,off,14595.6,/content/CS2309.CH201/results/notebook/qsbench_imgs/20260617-0336-bb4785/baseline_fp32/000000000007_1.png
baseline_fp32,000000000007,2,"a german shepherd dog stands on the grass with mouth closed in winter, covered in snow",3.0621,off,14595.6,/content/CS2309.CH201/results/notebook/qsbench_imgs/20260617-0336-bb4785/baseline_fp32/000000000007_2.png
baseline_fp32,000000000008,0,a black german shepherd holding a rose standing on the ground in front of fence,3.1241,off,14595.6,/content/CS2309.CH201/results/notebook/qsbench_imgs/20260617-0336-bb4785/baseline_fp32/000000000008_0.png
baseline_fp32,000000000008,1,"a golden retriever holding a tulip sitting on the ground in front of fence at night, dark lighting",3.1416,off,14595.6,/content/CS2309.CH201/results/notebook/qsbench_imgs/20260617-0336-bb4785/baseline_fp32/000000000008_1.png
baseline_fp32,000000000008,2,"a golden retriever holding a tulip sitting on the ground in front of fence in winter, covered in snow",3.1776,off,14595.6,/content/CS2309.CH201/results/notebook/qsbench_imgs/20260617-0336-bb4785/baseline_fp32/000000000008_2.png
baseline_fp32,000000000009,0,Painting of a lion laying down on a blue background,3.1691,off,14595.6,/content/CS2309.CH201/results/notebook/qsbench_imgs/20260617-0336-bb4785/baseline_fp32/000000000009_0.png
baseline_fp32,000000000009,1,"a dog is laying down on a white background at night, dark lighting",3.1169,off,14595.6,/content/CS2309.CH201/results/notebook/qsbench_imgs/20260617-0336-bb4785/baseline_fp32/000000000009_1.png
baseline_fp32,000000000009,2,"a dog is laying down on a white background in winter, covered in snow",3.0554,off,14595.6,/content/CS2309.CH201/results/notebook/qsbench_imgs/20260617-0336-bb4785/baseline_fp32/000000000009_2.png
baseline_fp32,000000000010,0,photo of a white horse and a cat sitting on rocks near the ocean,3.0053,off,14595.6,/content/CS2309.CH201/results/notebook/qsbench_imgs/20260617-0336-bb4785/baseline_fp32/000000000010_0.png
baseline_fp32,000000000010,1,"photo of a goat and a cat standing on rocks near the ocean at night, dark lighting",2.9976,off,14595.6,/content/CS2309.CH201/results/notebook/qsbench_imgs/20260617-0336-bb4785/baseline_fp32/000000000010_1.png
baseline_fp32,000000000010,2,"photo of a goat and a cat standing on rocks near the ocean in winter, covered in snow",2.9236,off,14595.6,/content/CS2309.CH201/results/notebook/qsbench_imgs/20260617-0336-bb4785/baseline_fp32/000000000010_2.png
baseline_fp32,000000000011,0,a brown owl standing on a red flower,2.9056,off,14595.6,/content/CS2309.CH201/results/notebook/qsbench_imgs/20260617-0336-bb4785/baseline_fp32/000000000011_0.png
baseline_fp32,000000000011,1,"a colorful bird standing on a branch at night, dark lighting",2.9063,off,14595.6,/content/CS2309.CH201/results/notebook/qsbench_imgs/20260617-0336-bb4785/baseline_fp32/000000000011_1.png
baseline_fp32,000000000011,2,"a colorful bird standing on a branch in winter, covered in snow",2.8692,off,14595.6,/content/CS2309.CH201/results/notebook/qsbench_imgs/20260617-0336-bb4785/baseline_fp32/000000000011_2.png
baseline_fp32,000000000012,0,Tuna sushi on white metal plate,2.8574,off,14595.6,/content/CS2309.CH201/results/notebook/qsbench_imgs/20260617-0336-bb4785/baseline_fp32/000000000012_0.png
baseline_fp32,000000000012,1,"meat balls on white ceramics plate at night, dark lighting",2.8613,off,14595.6,/content/CS2309.CH201/results/notebook/qsbench_imgs/20260617-0336-bb4785/baseline_fp32/000000000012_1.png
baseline_fp32,000000000012,2,"meat balls on white ceramics plate in winter, covered in snow",2.8364,off,14595.6,/content/CS2309.CH201/results/notebook/qsbench_imgs/20260617-0336-bb4785/baseline_fp32/000000000012_2.png
baseline_fp32,000000000013,0,three white cupcakes on black metal bowl,2.8238,off,14595.6,/content/CS2309.CH201/results/notebook/qsbench_imgs/20260617-0336-bb4785/baseline_fp32/000000000013_0.png
baseline_fp32,000000000013,1,"three white dumplings on brown wooden bowl at night, dark lighting",2.8065,off,14595.6,/content/CS2309.CH201/results/notebook/qsbench_imgs/20260617-0336-bb4785/baseline_fp32/000000000013_1.png
baseline_fp32,000000000013,2,"three white dumplings on brown wooden bowl in winter, covered in snow",2.8107,off,14595.6,/content/CS2309.CH201/results/notebook/qsbench_imgs/20260617-0336-bb4785/baseline_fp32/000000000013_2.png
baseline_fp32,000000000014,0,a man in white shirt with his hands up standing by a house,2.8275,off,14595.6,/content/CS2309.CH201/results/notebook/qsbench_imgs/20260617-0336-bb4785/baseline_fp32/000000000014_0.png
baseline_fp32,000000000014,1,"a man in black shirt with his hands hanging down standing by a house at night, dark lighting",2.8186,off,14595.6,/content/CS2309.CH201/results/notebook/qsbench_imgs/20260617-0336-bb4785/baseline_fp32/000000000014_1.png
baseline_fp32,000000000014,2,"a man in black shirt with his hands hanging down standing by a house in winter, covered in snow",2.8732,off,14595.6,/content/CS2309.CH201/results/notebook/qsbench_imgs/20260617-0336-bb4785/baseline_fp32/000000000014_2.png
baseline_fp32,000000000015,0,Blue metal plate with vegatables on it,2.867,off,14595.6,/content/CS2309.CH201/results/notebook/qsbench_imgs/20260617-0336-bb4785/baseline_fp32/000000000015_0.png
baseline_fp32,000000000015,1,"white plate with fruits on it at night, dark lighting",2.9029,off,14595.6,/content/CS2309.CH201/results/notebook/qsbench_imgs/20260617-0336-bb4785/baseline_fp32/000000000015_1.png
baseline_fp32,000000000015,2,"white plate with fruits on it in winter, covered in snow",2.8856,off,14595.6,/content/CS2309.CH201/results/notebook/qsbench_imgs/20260617-0336-bb4785/baseline_fp32/000000000015_2.png
baseline_fp32,000000000016,0,a white plate with grilled salmon and mushroom on it,2.9078,off,14595.6,/content/CS2309.CH201/results/notebook/qsbench_imgs/20260617-0336-bb4785/baseline_fp32/000000000016_0.png
baseline_fp32,000000000016,1,"a plate with grilled steak on it at night, dark lighting",2.923,off,14595.6,/content/CS2309.CH201/results/notebook/qsbench_imgs/20260617-0336-bb4785/baseline_fp32/000000000016_1.png
baseline_fp32,000000000016,2,"a plate with grilled steak on it in winter, covered in snow",2.9335,off,14595.6,/content/CS2309.CH201/results/notebook/qsbench_imgs/20260617-0336-bb4785/baseline_fp32/000000000016_2.png
baseline_fp32,000000000017,0,photo of a white Teddy Bear in side view,2.9606,off,14595.6,/content/CS2309.CH201/results/notebook/qsbench_imgs/20260617-0336-bb4785/baseline_fp32/000000000017_0.png
baseline_fp32,000000000017,1,"photo of a statue in front view at night, dark lighting",2.971,off,14595.6,/content/CS2309.CH201/results/notebook/qsbench_imgs/20260617-0336-bb4785/baseline_fp32/000000000017_1.png
baseline_fp32,000000000017,2,"photo of a statue in front view in winter, covered in snow",2.9406,off,14595.6,/content/CS2309.CH201/results/notebook/qsbench_imgs/20260617-0336-bb4785/baseline_fp32/000000000017_2.png
baseline_fp32,000000000018,0,the statue of angel holding a red flower,2.9639,off,14595.6,/content/CS2309.CH201/results/notebook/qsbench_imgs/20260617-0336-bb4785/baseline_fp32/000000000018_0.png
baseline_fp32,000000000018,1,"the statue of liberty holding a torch at night, dark lighting",2.9653,off,14595.6,/content/CS2309.CH201/results/notebook/qsbench_imgs/20260617-0336-bb4785/baseline_fp32/000000000018_1.png
baseline_fp32,000000000018,2,"the statue of liberty holding a torch in winter, covered in snow",2.9798,off,14595.6,/content/CS2309.CH201/results/notebook/qsbench_imgs/20260617-0336-bb4785/baseline_fp32/000000000018_2.png
baseline_fp32,000000000019,0,white cat on green grass,2.9858,off,14595.6,/content/CS2309.CH201/results/notebook/qsbench_imgs/20260617-0336-bb4785/baseline_fp32/000000000019_0.png
baseline_fp32,000000000019,1,"white tiger on brown ground at night, dark lighting",2.9602,off,14595.6,/content/CS2309.CH201/results/notebook/qsbench_imgs/20260617-0336-bb4785/baseline_fp32/000000000019_1.png
baseline_fp32,000000000019,2,"white tiger on brown ground in winter, covered in snow",2.9628,off,14595.6,/content/CS2309.CH201/results/notebook/qsbench_imgs/20260617-0336-bb4785/baseline_fp32/000000000019_2.png
baseline_fp32,000000000020,0,two toy cats standing on a branch,2.9032,off,14595.6,/content/CS2309.CH201/results/notebook/qsbench_imgs/20260617-0336-bb4785/baseline_fp32/000000000020_0.png
baseline_fp32,000000000020,1,"two birds sitting on a branch at night, dark lighting",2.916,off,14595.6,/content/CS2309.CH201/results/notebook/qsbench_imgs/20260617-0336-bb4785/baseline_fp32/000000000020_1.png
baseline_fp32,000000000020,2,"two birds sitting on a branch in winter, covered in snow",2.9038,off,14595.6,/content/CS2309.CH201/results/notebook/qsbench_imgs/20260617-0336-bb4785/baseline_fp32/000000000020_2.png
baseline_fp32,000000000021,0,"two metal owls sitting on a stick, forest background",2.9242,off,14595.6,/content/CS2309.CH201/results/notebook/qsbench_imgs/20260617-0336-bb4785/baseline_fp32/000000000021_0.png
baseline_fp32,000000000021,1,"two parrots sitting on a stick, city street background at night, dark lighting",2.8891,off,14595.6,/content/CS2309.CH201/results/notebook/qsbench_imgs/20260617-0336-bb4785/baseline_fp32/000000000021_1.png
baseline_fp32,000000000021,2,"two parrots sitting on a stick, city street background in winter, covered in snow",2.8866,off,14595.6,/content/CS2309.CH201/results/notebook/qsbench_imgs/20260617-0336-bb4785/baseline_fp32/000000000021_2.png
baseline_fp32,000000000022,0,an pink taxi with colorful flowers on top,2.8939,off,14595.6,/content/CS2309.CH201/results/notebook/qsbench_imgs/20260617-0336-bb4785/baseline_fp32/000000000022_0.png
baseline_fp32,000000000022,1,"an orange van with surfboards on top at night, dark lighting",2.9069,off,14595.6,/content/CS2309.CH201/results/notebook/qsbench_imgs/20260617-0336-bb4785/baseline_fp32/000000000022_1.png
baseline_fp32,000000000022,2,"an orange van with surfboards on top in winter, covered in snow",2.9075,off,14595.6,/content/CS2309.CH201/results/notebook/qsbench_imgs/20260617-0336-bb4785/baseline_fp32/000000000022_2.png
baseline_fp32,000000000023,0,a black cow with white patterns in the field,2.899,off,14595.6,/content/CS2309.CH201/results/notebook/qsbench_imgs/20260617-0336-bb4785/baseline_fp32/000000000023_0.png
baseline_fp32,000000000023,1,"a gray horse in the field at night, dark lighting",2.9172,off,14595.6,/content/CS2309.CH201/results/notebook/qsbench_imgs/20260617-0336-bb4785/baseline_fp32/000000000023_1.png
baseline_fp32,000000000023,2,"a gray horse in the field in winter, covered in snow",2.9133,off,14595.6,/content/CS2309.CH201/results/notebook/qsbench_imgs/20260617-0336-bb4785/baseline_fp32/000000000023_2.png
baseline_fp32,000000000024,0,a golden dog jumping in the sunset,2.9303,off,14595.6,/content/CS2309.CH201/results/notebook/qsbench_imgs/20260617-0336-bb4785/baseline_fp32/000000000024_0.png
baseline_fp32,000000000024,1,"a white horse running in the sunset at night, dark lighting",2.9498,off,14595.6,/content/CS2309.CH201/results/notebook/qsbench_imgs/20260617-0336-bb4785/baseline_fp32/000000000024_1.png
baseline_fp32,000000000024,2,"a white horse running in the sunset in winter, covered in snow",2.9548,off,14595.6,/content/CS2309.CH201/results/notebook/qsbench_imgs/20260617-0336-bb4785/baseline_fp32/000000000024_2.png
baseline_fp32,000000000025,0,a woman with red hair wearing a coat,2.9525,off,14595.6,/content/CS2309.CH201/results/notebook/qsbench_imgs/20260617-0336-bb4785/baseline_fp32/000000000025_0.png
baseline_fp32,000000000025,1,"a woman with blue hair wearing a shirt at night, dark lighting",2.9424,off,14595.6,/content/CS2309.CH201/results/notebook/qsbench_imgs/20260617-0336-bb4785/baseline_fp32/000000000025_1.png
baseline_fp32,000000000025,2,"a woman with blue hair wearing a shirt in winter, covered in snow",2.9625,off,14595.6,/content/CS2309.CH201/results/notebook/qsbench_imgs/20260617-0336-bb4785/baseline_fp32/000000000025_2.png
baseline_fp32,000000000026,0,a toy cat with a red fur sitting on a branch,2.9745,off,14595.6,/content/CS2309.CH201/results/notebook/qsbench_imgs/20260617-0336-bb4785/baseline_fp32/000000000026_0.png
baseline_fp32,000000000026,1,"a yellow bird with a red beak sitting on a branch at night, dark lighting",2.97,off,14595.6,/content/CS2309.CH201/results/notebook/qsbench_imgs/20260617-0336-bb4785/baseline_fp32/000000000026_1.png
baseline_fp32,000000000026,2,"a yellow bird with a red beak sitting on a branch in winter, covered in snow",2.9691,off,14595.6,/content/CS2309.CH201/results/notebook/qsbench_imgs/20260617-0336-bb4785/baseline_fp32/000000000026_2.png
baseline_fp32,000000000027,0,a closed eyes dog sitting on green grass,2.9438,off,14595.6,/content/CS2309.CH201/results/notebook/qsbench_imgs/20260617-0336-bb4785/baseline_fp32/000000000027_0.png
baseline_fp32,000000000027,1,"a opened eyes cat sitting on wooden floor at night, dark lighting",2.946,off,14595.6,/content/CS2309.CH201/results/notebook/qsbench_imgs/20260617-0336-bb4785/baseline_fp32/000000000027_1.png
baseline_fp32,000000000027,2,"a opened eyes cat sitting on wooden floor in winter, covered in snow",2.9125,off,14595.6,/content/CS2309.CH201/results/notebook/qsbench_imgs/20260617-0336-bb4785/baseline_fp32/000000000027_2.png
baseline_fp32,000000000028,0,Painting of red flowers on a tree branch with white background,2.9301,off,14595.6,/content/CS2309.CH201/results/notebook/qsbench_imgs/20260617-0336-bb4785/baseline_fp32/000000000028_0.png
baseline_fp32,000000000028,1,"white flowers on a tree branch with blue sky background at night, dark lighting",2.9214,off,14595.6,/content/CS2309.CH201/results/notebook/qsbench_imgs/20260617-0336-bb4785/baseline_fp32/000000000028_1.png
baseline_fp32,000000000028,2,"white flowers on a tree branch with blue sky background in winter, covered in snow",2.9063,off,14595.6,/content/CS2309.CH201/results/notebook/qsbench_imgs/20260617-0336-bb4785/baseline_fp32/000000000028_2.png
baseline_fp32,000000000029,0,a duck sitting on the floor,2.9221,off,14595.6,/content/CS2309.CH201/results/notebook/qsbench_imgs/20260617-0336-bb4785/baseline_fp32/000000000029_0.png
baseline_fp32,000000000029,1,"a kitten walking on the grass at night, dark lighting",2.9224,off,14595.6,/content/CS2309.CH201/results/notebook/qsbench_imgs/20260617-0336-bb4785/baseline_fp32/000000000029_1.png
baseline_fp32,000000000029,2,"a kitten walking on the grass in winter, covered in snow",2.882,off,14595.6,/content/CS2309.CH201/results/notebook/qsbench_imgs/20260617-0336-bb4785/baseline_fp32/000000000029_2.png
baseline_fp32,000000000030,0,a road in a lush city with black rocks,2.9066,off,14595.6,/content/CS2309.CH201/results/notebook/qsbench_imgs/20260617-0336-bb4785/baseline_fp32/000000000030_0.png
baseline_fp32,000000000030,1,"a stream in a lush forest with rocks at night, dark lighting",2.9102,off,14595.6,/content/CS2309.CH201/results/notebook/qsbench_imgs/20260617-0336-bb4785/baseline_fp32/000000000030_1.png
baseline_fp32,000000000030,2,"a stream in a lush forest with rocks in winter, covered in snow",2.8931,off,14595.6,/content/CS2309.CH201/results/notebook/qsbench_imgs/20260617-0336-bb4785/baseline_fp32/000000000030_2.png
baseline_fp32,000000000031,0,a blue tulip in the yellow light,2.8957,off,14595.6,/content/CS2309.CH201/results/notebook/qsbench_imgs/20260617-0336-bb4785/baseline_fp32/000000000031_0.png
baseline_fp32,000000000031,1,"a red rose in the dark at night, dark lighting",2.8692,off,14595.6,/content/CS2309.CH201/results/notebook/qsbench_imgs/20260617-0336-bb4785/baseline_fp32/000000000031_1.png
baseline_fp32,000000000031,2,"a red rose in the dark in winter, covered in snow",2.8824,off,14595.6,/content/CS2309.CH201/results/notebook/qsbench_imgs/20260617-0336-bb4785/baseline_fp32/000000000031_2.png
baseline_fp32,000000000032,0,a group of red apples hanging from a big tree,2.8937,off,14595.6,/content/CS2309.CH201/results/notebook/qsbench_imgs/20260617-0336-bb4785/baseline_fp32/000000000032_0.png
baseline_fp32,000000000032,1,"a group of pink flowers hanging from a tree at night, dark lighting",2.8946,off,14595.6,/content/CS2309.CH201/results/notebook/qsbench_imgs/20260617-0336-bb4785/baseline_fp32/000000000032_1.png
baseline_fp32,000000000032,2,"a group of pink flowers hanging from a tree in winter, covered in snow",2.8966,off,14595.6,/content/CS2309.CH201/results/notebook/qsbench_imgs/20260617-0336-bb4785/baseline_fp32/000000000032_2.png
baseline_fp32,000000000033,0,a painting of a boy walking his cat in winter,2.8851,off,14595.6,/content/CS2309.CH201/results/notebook/qsbench_imgs/20260617-0336-bb4785/baseline_fp32/000000000033_0.png
baseline_fp32,000000000033,1,"a cartoon of a boy walking his dog in autumn at night, dark lighting",2.8824,off,14595.6,/content/CS2309.CH201/results/notebook/qsbench_imgs/20260617-0336-bb4785/baseline_fp32/000000000033_1.png
baseline_fp32,000000000033,2,"a cartoon of a boy walking his dog in autumn in winter, covered in snow",2.9053,off,14595.6,/content/CS2309.CH201/results/notebook/qsbench_imgs/20260617-0336-bb4785/baseline_fp32/000000000033_2.png
baseline_fp32,000000000034,0,a sketch painting of a mother cat and her babies are standing near the forest,2.9387,off,14595.6,/content/CS2309.CH201/results/notebook/qsbench_imgs/20260617-0336-bb4785/baseline_fp32/000000000034_0.png
baseline_fp32,000000000034,1,"a mother duck and her babies are standing near the water at night, dark lighting",2.9375,off,14595.6,/content/CS2309.CH201/results/notebook/qsbench_imgs/20260617-0336-bb4785/baseline_fp32/000000000034_1.png
baseline_fp32,000000000034,2,"a mother duck and her babies are standing near the water in winter, covered in snow",2.902,off,14595.6,/content/CS2309.CH201/results/notebook/qsbench_imgs/20260617-0336-bb4785/baseline_fp32/000000000034_2.png
baseline_fp32,000000000035,0,"painting, yellow ball of the world by jimmy kirk",2.9131,off,14595.6,/content/CS2309.CH201/results/notebook/qsbench_imgs/20260617-0336-bb4785/baseline_fp32/000000000035_0.png
baseline_fp32,000000000035,1,"photograph, window of the world by jimmy kirk at night, dark lighting",2.9089,off,14595.6,/content/CS2309.CH201/results/notebook/qsbench_imgs/20260617-0336-bb4785/baseline_fp32/000000000035_1.png
baseline_fp32,000000000035,2,"photograph, window of the world by jimmy kirk in winter, covered in snow",2.904,off,14595.6,/content/CS2309.CH201/results/notebook/qsbench_imgs/20260617-0336-bb4785/baseline_fp32/000000000035_2.png
baseline_fp32,000000000036,0,red flame in the dark,2.9506,off,14595.6,/content/CS2309.CH201/results/notebook/qsbench_imgs/20260617-0336-bb4785/baseline_fp32/000000000036_0.png
baseline_fp32,000000000036,1,"smoke at night, dark lighting",2.8932,off,14595.6,/content/CS2309.CH201/results/notebook/qsbench_imgs/20260617-0336-bb4785/baseline_fp32/000000000036_1.png
baseline_fp32,000000000036,2,"smoke in winter, covered in snow",2.9252,off,14595.6,/content/CS2309.CH201/results/notebook/qsbench_imgs/20260617-0336-bb4785/baseline_fp32/000000000036_2.png
baseline_fp32,000000000037,0,snow mountain landscape with flowers and green grass,2.9354,off,14595.6,/content/CS2309.CH201/results/notebook/qsbench_imgs/20260617-0336-bb4785/baseline_fp32/000000000037_0.png
baseline_fp32,000000000037,1,"mountain landscape with flowers and withered grass at night, dark lighting",2.9231,off,14595.6,/content/CS2309.CH201/results/notebook/qsbench_imgs/20260617-0336-bb4785/baseline_fp32/000000000037_1.png
baseline_fp32,000000000037,2,"mountain landscape with flowers and withered grass in winter, covered in snow",2.9498,off,14595.6,/content/CS2309.CH201/results/notebook/qsbench_imgs/20260617-0336-bb4785/baseline_fp32/000000000037_2.png
baseline_fp32,000000000038,0,a little girl with blue eyes and yellow flowers in a blue coat,2.9094,off,14595.6,/content/CS2309.CH201/results/notebook/qsbench_imgs/20260617-0336-bb4785/baseline_fp32/000000000038_0.png
baseline_fp32,000000000038,1,"a little girl with green eyes and flowers in a blue dress at night, dark lighting",2.9424,off,14595.6,/content/CS2309.CH201/results/notebook/qsbench_imgs/20260617-0336-bb4785/baseline_fp32/000000000038_1.png
baseline_fp32,000000000038,2,"a little girl with green eyes and flowers in a blue dress in winter, covered in snow",2.8889,off,14595.6,/content/CS2309.CH201/results/notebook/qsbench_imgs/20260617-0336-bb4785/baseline_fp32/000000000038_2.png
baseline_fp32,000000000039,0,two cats swimming in the sea,2.9356,off,14595.6,/content/CS2309.CH201/results/notebook/qsbench_imgs/20260617-0336-bb4785/baseline_fp32/000000000039_0.png
baseline_fp32,000000000039,1,"two ducks in the dirt at night, dark lighting",2.9242,off,14595.6,/content/CS2309.CH201/results/notebook/qsbench_imgs/20260617-0336-bb4785/baseline_fp32/000000000039_1.png
baseline_fp32,000000000039,2,"two ducks in the dirt in winter, covered in snow",2.9508,off,14595.6,/content/CS2309.CH201/results/notebook/qsbench_imgs/20260617-0336-bb4785/baseline_fp32/000000000039_2.png
baseline_fp32,000000000040,0,a orange cat sitting with cotton scarf putting hands up,2.9411,off,14595.6,/content/CS2309.CH201/results/notebook/qsbench_imgs/20260617-0336-bb4785/baseline_fp32/000000000040_0.png
baseline_fp32,000000000040,1,"a cat sitting with beads collar at night, dark lighting",2.9225,off,14595.6,/content/CS2309.CH201/results/notebook/qsbench_imgs/20260617-0336-bb4785/baseline_fp32/000000000040_1.png
baseline_fp32,000000000040,2,"a cat sitting with beads collar in winter, covered in snow",2.9358,off,14595.6,/content/CS2309.CH201/results/notebook/qsbench_imgs/20260617-0336-bb4785/baseline_fp32/000000000040_2.png
baseline_fp32,000000000041,0,a spacecraft in the blue arctic sky,2.9551,off,14595.6,/content/CS2309.CH201/results/notebook/qsbench_imgs/20260617-0336-bb4785/baseline_fp32/000000000041_0.png
baseline_fp32,000000000041,1,"the arctic sky at night, dark lighting",2.912,off,14595.6,/content/CS2309.CH201/results/notebook/qsbench_imgs/20260617-0336-bb4785/baseline_fp32/000000000041_1.png
baseline_fp32,000000000041,2,"the arctic sky in winter, covered in snow",2.9558,off,14595.6,/content/CS2309.CH201/results/notebook/qsbench_imgs/20260617-0336-bb4785/baseline_fp32/000000000041_2.png
baseline_fp32,000000000042,0,a white dog is standing on rocks in a bright forest,2.9559,off,14595.6,/content/CS2309.CH201/results/notebook/qsbench_imgs/20260617-0336-bb4785/baseline_fp32/000000000042_0.png
baseline_fp32,000000000042,1,"a black wolf is standing on rocks in a dark forest at night, dark lighting",2.944,off,14595.6,/content/CS2309.CH201/results/notebook/qsbench_imgs/20260617-0336-bb4785/baseline_fp32/000000000042_1.png
baseline_fp32,000000000042,2,"a black wolf is standing on rocks in a dark forest in winter, covered in snow",2.9173,off,14595.6,/content/CS2309.CH201/results/notebook/qsbench_imgs/20260617-0336-bb4785/baseline_fp32/000000000042_2.png
baseline_fp32,000000000043,0,a small blue cruise ship in the ocean at sunset,2.9368,off,14595.6,/content/CS2309.CH201/results/notebook/qsbench_imgs/20260617-0336-bb4785/baseline_fp32/000000000043_0.png
baseline_fp32,000000000043,1,"a large red cargo ship in the ocean at sunset at night, dark lighting",2.99,off,14595.6,/content/CS2309.CH201/results/notebook/qsbench_imgs/20260617-0336-bb4785/baseline_fp32/000000000043_1.png
baseline_fp32,000000000043,2,"a large red cargo ship in the ocean at sunset in winter, covered in snow",2.9505,off,14595.6,/content/CS2309.CH201/results/notebook/qsbench_imgs/20260617-0336-bb4785/baseline_fp32/000000000043_2.png
baseline_fp32,000000000044,0,a yellow cat with red scarf sitting in the flowers,2.9413,off,14595.6,/content/CS2309.CH201/results/notebook/qsbench_imgs/20260617-0336-bb4785/baseline_fp32/000000000044_0.png
baseline_fp32,000000000044,1,"a cat sitting in the grass at night, dark lighting",2.9338,off,14595.6,/content/CS2309.CH201/results/notebook/qsbench_imgs/20260617-0336-bb4785/baseline_fp32/000000000044_1.png
baseline_fp32,000000000044,2,"a cat sitting in the grass in winter, covered in snow",2.9348,off,14595.6,/content/CS2309.CH201/results/notebook/qsbench_imgs/20260617-0336-bb4785/baseline_fp32/000000000044_2.png
baseline_fp32,000000000045,0,the christmas card of a santa's angry face with red mustache,2.949,off,14595.6,/content/CS2309.CH201/results/notebook/qsbench_imgs/20260617-0336-bb4785/baseline_fp32/000000000045_0.png
baseline_fp32,000000000045,1,"the christmas illustration of a santa's laughing face at night, dark lighting",2.939,off,14595.6,/content/CS2309.CH201/results/notebook/qsbench_imgs/20260617-0336-bb4785/baseline_fp32/000000000045_1.png
baseline_fp32,000000000045,2,"the christmas illustration of a santa's laughing face in winter, covered in snow",2.9084,off,14595.6,/content/CS2309.CH201/results/notebook/qsbench_imgs/20260617-0336-bb4785/baseline_fp32/000000000045_2.png
baseline_fp32,000000000046,0,photo of pink stars in the sky,2.9488,off,14595.6,/content/CS2309.CH201/results/notebook/qsbench_imgs/20260617-0336-bb4785/baseline_fp32/000000000046_0.png
baseline_fp32,000000000046,1,"painting of clouds in the sky at night, dark lighting",2.8942,off,14595.6,/content/CS2309.CH201/results/notebook/qsbench_imgs/20260617-0336-bb4785/baseline_fp32/000000000046_1.png
baseline_fp32,000000000046,2,"painting of clouds in the sky in winter, covered in snow",2.9313,off,14595.6,/content/CS2309.CH201/results/notebook/qsbench_imgs/20260617-0336-bb4785/baseline_fp32/000000000046_2.png
baseline_fp32,000000000047,0,shiny blue bus by jill kaufman,2.941,off,14595.6,/content/CS2309.CH201/results/notebook/qsbench_imgs/20260617-0336-bb4785/baseline_fp32/000000000047_0.png
baseline_fp32,000000000047,1,"rusty car by jill kaufman at night, dark lighting",2.9455,off,14595.6,/content/CS2309.CH201/results/notebook/qsbench_imgs/20260617-0336-bb4785/baseline_fp32/000000000047_1.png
baseline_fp32,000000000047,2,"rusty car by jill kaufman in winter, covered in snow",2.9186,off,14595.6,/content/CS2309.CH201/results/notebook/qsbench_imgs/20260617-0336-bb4785/baseline_fp32/000000000047_2.png
baseline_fp32,000000000048,0,sunset over a field with pink stars and a dark sky,2.913,off,14595.6,/content/CS2309.CH201/results/notebook/qsbench_imgs/20260617-0336-bb4785/baseline_fp32/000000000048_0.png
baseline_fp32,000000000048,1,"sunset over a field with clouds and a bright sky at night, dark lighting",2.9132,off,14595.6,/content/CS2309.CH201/results/notebook/qsbench_imgs/20260617-0336-bb4785/baseline_fp32/000000000048_1.png
baseline_fp32,000000000048,2,"sunset over a field with clouds and a bright sky in winter, covered in snow",2.9364,off,14595.6,/content/CS2309.CH201/results/notebook/qsbench_imgs/20260617-0336-bb4785/baseline_fp32/000000000048_2.png
baseline_fp32,000000000049,0,yellow metal chair with black dots in a conference room,2.9095,off,14595.6,/content/CS2309.CH201/results/notebook/qsbench_imgs/20260617-0336-bb4785/baseline_fp32/000000000049_0.png
baseline_fp32,000000000049,1,"black chair in a conference room at night, dark lighting",2.9401,off,14595.6,/content/CS2309.CH201/results/notebook/qsbench_imgs/20260617-0336-bb4785/baseline_fp32/000000000049_1.png
baseline_fp32,000000000049,2,"black chair in a conference room in winter, covered in snow",2.9355,off,14595.6,/content/CS2309.CH201/results/notebook/qsbench_imgs/20260617-0336-bb4785/baseline_fp32/000000000049_2.png
baseline_fp32,000000000050,0,a cat jumping on eggs,2.9287,off,14595.6,/content/CS2309.CH201/results/notebook/qsbench_imgs/20260617-0336-bb4785/baseline_fp32/000000000050_0.png
baseline_fp32,000000000050,1,"a bird standing on clods at night, dark lighting",2.9174,off,14595.6,/content/CS2309.CH201/results/notebook/qsbench_imgs/20260617-0336-bb4785/baseline_fp32/000000000050_1.png
baseline_fp32,000000000050,2,"a bird standing on clods in winter, covered in snow",2.9526,off,14595.6,/content/CS2309.CH201/results/notebook/qsbench_imgs/20260617-0336-bb4785/baseline_fp32/000000000050_2.png
baseline_fp32,000000000051,0,a painting of red flowers in a white vase,2.916,off,14595.6,/content/CS2309.CH201/results/notebook/qsbench_imgs/20260617-0336-bb4785/baseline_fp32/000000000051_0.png
baseline_fp32,000000000051,1,"a painting of colorful flowers in a blue vase at night, dark lighting",2.9502,off,14595.6,/content/CS2309.CH201/results/notebook/qsbench_imgs/20260617-0336-bb4785/baseline_fp32/000000000051_1.png
baseline_fp32,000000000051,2,"a painting of colorful flowers in a blue vase in winter, covered in snow",2.937,off,14595.6,/content/CS2309.CH201/results/notebook/qsbench_imgs/20260617-0336-bb4785/baseline_fp32/000000000051_2.png
baseline_fp32,000000000052,0,a logo of X with pink color in a light background,2.9128,off,14595.6,/content/CS2309.CH201/results/notebook/qsbench_imgs/20260617-0336-bb4785/baseline_fp32/000000000052_0.png
baseline_fp32,000000000052,1,"a logo of bird shape in a black background at night, dark lighting",2.9224,off,14595.6,/content/CS2309.CH201/results/notebook/qsbench_imgs/20260617-0336-bb4785/baseline_fp32/000000000052_1.png
baseline_fp32,000000000052,2,"a logo of bird shape in a black background in winter, covered in snow",2.9117,off,14595.6,/content/CS2309.CH201/results/notebook/qsbench_imgs/20260617-0336-bb4785/baseline_fp32/000000000052_2.png
baseline_fp32,000000000053,0,a fluffy cat with a blue leash jumping on the ground,2.9266,off,14595.6,/content/CS2309.CH201/results/notebook/qsbench_imgs/20260617-0336-bb4785/baseline_fp32/000000000053_0.png
baseline_fp32,000000000053,1,"a fluffy dog with a blue leash sitting in the grass at night, dark lighting",2.9503,off,14595.6,/content/CS2309.CH201/results/notebook/qsbench_imgs/20260617-0336-bb4785/baseline_fp32/000000000053_1.png
baseline_fp32,000000000053,2,"a fluffy dog with a blue leash sitting in the grass in winter, covered in snow",2.9549,off,14595.6,/content/CS2309.CH201/results/notebook/qsbench_imgs/20260617-0336-bb4785/baseline_fp32/000000000053_2.png
baseline_fp32,000000000054,0,a red ball and a notebook on a table,2.9426,off,14595.6,/content/CS2309.CH201/results/notebook/qsbench_imgs/20260617-0336-bb4785/baseline_fp32/000000000054_0.png
baseline_fp32,000000000054,1,"a camera and a notebook on a bed at night, dark lighting",2.9213,off,14595.6,/content/CS2309.CH201/results/notebook/qsbench_imgs/20260617-0336-bb4785/baseline_fp32/000000000054_1.png
baseline_fp32,000000000054,2,"a camera and a notebook on a bed in winter, covered in snow",2.9588,off,14595.6,/content/CS2309.CH201/results/notebook/qsbench_imgs/20260617-0336-bb4785/baseline_fp32/000000000054_2.png
baseline_fp32,000000000055,0,a white tiger is looking at the camera in the rain,2.9642,off,14595.6,/content/CS2309.CH201/results/notebook/qsbench_imgs/20260617-0336-bb4785/baseline_fp32/000000000055_0.png
baseline_fp32,000000000055,1,"a black dog is looking at the camera in the snow at night, dark lighting",2.9411,off,14595.6,/content/CS2309.CH201/results/notebook/qsbench_imgs/20260617-0336-bb4785/baseline_fp32/000000000055_1.png
baseline_fp32,000000000055,2,"a black dog is looking at the camera in the snow in winter, covered in snow",2.9182,off,14595.6,/content/CS2309.CH201/results/notebook/qsbench_imgs/20260617-0336-bb4785/baseline_fp32/000000000055_2.png
baseline_fp32,000000000056,0,a lion puppy with black fur wrapped in a blue coat,2.9247,off,14595.6,/content/CS2309.CH201/results/notebook/qsbench_imgs/20260617-0336-bb4785/baseline_fp32/000000000056_0.png
baseline_fp32,000000000056,1,"a meerkat puppy wrapped in a blue towel at night, dark lighting",2.9475,off,14595.6,/content/CS2309.CH201/results/notebook/qsbench_imgs/20260617-0336-bb4785/baseline_fp32/000000000056_1.png
baseline_fp32,000000000056,2,"a meerkat puppy wrapped in a blue towel in winter, covered in snow",2.9276,off,14595.6,/content/CS2309.CH201/results/notebook/qsbench_imgs/20260617-0336-bb4785/baseline_fp32/000000000056_2.png
baseline_fp32,000000000057,0,a photo of an owl jumping on a rock,2.9261,off,14595.6,/content/CS2309.CH201/results/notebook/qsbench_imgs/20260617-0336-bb4785/baseline_fp32/000000000057_0.png
baseline_fp32,000000000057,1,"an owl sitting on a branch at night, dark lighting",2.9523,off,14595.6,/content/CS2309.CH201/results/notebook/qsbench_imgs/20260617-0336-bb4785/baseline_fp32/000000000057_1.png
baseline_fp32,000000000057,2,"an owl sitting on a branch in winter, covered in snow",2.9082,off,14595.6,/content/CS2309.CH201/results/notebook/qsbench_imgs/20260617-0336-bb4785/baseline_fp32/000000000057_2.png
baseline_fp32,000000000058,0,yellow roses in blue vase,2.9334,off,14595.6,/content/CS2309.CH201/results/notebook/qsbench_imgs/20260617-0336-bb4785/baseline_fp32/000000000058_0.png
baseline_fp32,000000000058,1,"purple tulips in vase at night, dark lighting",2.9667,off,14595.6,/content/CS2309.CH201/results/notebook/qsbench_imgs/20260617-0336-bb4785/baseline_fp32/000000000058_1.png
baseline_fp32,000000000058,2,"purple tulips in vase in winter, covered in snow",2.9144,off,14595.6,/content/CS2309.CH201/results/notebook/qsbench_imgs/20260617-0336-bb4785/baseline_fp32/000000000058_2.png
baseline_fp32,000000000059,0,a cartoon cat face backward is jumping,2.9357,off,14595.6,/content/CS2309.CH201/results/notebook/qsbench_imgs/20260617-0336-bb4785/baseline_fp32/000000000059_0.png
baseline_fp32,000000000059,1,"a cartoon goat at night, dark lighting",2.9466,off,14595.6,/content/CS2309.CH201/results/notebook/qsbench_imgs/20260617-0336-bb4785/baseline_fp32/000000000059_1.png
baseline_fp32,000000000059,2,"a cartoon goat in winter, covered in snow",2.9442,off,14595.6,/content/CS2309.CH201/results/notebook/qsbench_imgs/20260617-0336-bb4785/baseline_fp32/000000000059_2.png
baseline_fp32,000000000060,0,a red pear sitting on top of a glass table,2.9325,off,14595.6,/content/CS2309.CH201/results/notebook/qsbench_imgs/20260617-0336-bb4785/baseline_fp32/000000000060_0.png
baseline_fp32,000000000060,1,"a yellow apple sitting on top of a wooden table at night, dark lighting",2.9266,off,14595.6,/content/CS2309.CH201/results/notebook/qsbench_imgs/20260617-0336-bb4785/baseline_fp32/000000000060_1.png
baseline_fp32,000000000060,2,"a yellow apple sitting on top of a wooden table in winter, covered in snow",2.9184,off,14595.6,/content/CS2309.CH201/results/notebook/qsbench_imgs/20260617-0336-bb4785/baseline_fp32/000000000060_2.png
baseline_fp32,000000000061,0,a mid winter road with rocks lined with trees and flowers,2.943,off,14595.6,/content/CS2309.CH201/results/notebook/qsbench_imgs/20260617-0336-bb4785/baseline_fp32/000000000061_0.png
baseline_fp32,000000000061,1,"a mid autumn road lined with trees and leaves at night, dark lighting",2.9606,off,14595.6,/content/CS2309.CH201/results/notebook/qsbench_imgs/20260617-0336-bb4785/baseline_fp32/000000000061_1.png
baseline_fp32,000000000061,2,"a mid autumn road lined with trees and leaves in winter, covered in snow",2.9147,off,14595.6,/content/CS2309.CH201/results/notebook/qsbench_imgs/20260617-0336-bb4785/baseline_fp32/000000000061_2.png
baseline_fp32,000000000062,0,a cat is sleeping in a pile of colorful stones,2.943,off,14595.6,/content/CS2309.CH201/results/notebook/qsbench_imgs/20260617-0336-bb4785/baseline_fp32/000000000062_0.png
baseline_fp32,000000000062,1,"a rabbit is sitting in a pile of colorful eggs at night, dark lighting",2.9393,off,14595.6,/content/CS2309.CH201/results/notebook/qsbench_imgs/20260617-0336-bb4785/baseline_fp32/000000000062_1.png
baseline_fp32,000000000062,2,"a rabbit is sitting in a pile of colorful eggs in winter, covered in snow",2.9514,off,14595.6,/content/CS2309.CH201/results/notebook/qsbench_imgs/20260617-0336-bb4785/baseline_fp32/000000000062_2.png
baseline_fp32,000000000063,0,a white vase with some wilted vegatables in it,2.9339,off,14595.6,/content/CS2309.CH201/results/notebook/qsbench_imgs/20260617-0336-bb4785/baseline_fp32/000000000063_0.png
baseline_fp32,000000000063,1,"a vase with some blooming flowers in it at night, dark lighting",2.928,off,14595.6,/content/CS2309.CH201/results/notebook/qsbench_imgs/20260617-0336-bb4785/baseline_fp32/000000000063_1.png
baseline_fp32,000000000063,2,"a vase with some blooming flowers in it in winter, covered in snow",2.9078,off,14595.6,/content/CS2309.CH201/results/notebook/qsbench_imgs/20260617-0336-bb4785/baseline_fp32/000000000063_2.png
baseline_fp32,000000000064,0,a woman riding a lion in front of a glowing red flame,2.9338,off,14595.6,/content/CS2309.CH201/results/notebook/qsbench_imgs/20260617-0336-bb4785/baseline_fp32/000000000064_0.png
baseline_fp32,000000000064,1,"a woman in front of a glowing yellow light at night, dark lighting",2.9278,off,14595.6,/content/CS2309.CH201/results/notebook/qsbench_imgs/20260617-0336-bb4785/baseline_fp32/000000000064_1.png
baseline_fp32,000000000064,2,"a woman in front of a glowing yellow light in winter, covered in snow",2.9443,off,14595.6,/content/CS2309.CH201/results/notebook/qsbench_imgs/20260617-0336-bb4785/baseline_fp32/000000000064_2.png
baseline_fp32,000000000065,0,a blue bird is standing on a stone,2.9394,off,14595.6,/content/CS2309.CH201/results/notebook/qsbench_imgs/20260617-0336-bb4785/baseline_fp32/000000000065_0.png
baseline_fp32,000000000065,1,"a bird is sitting on a branch with moss at night, dark lighting",2.9037,off,14595.6,/content/CS2309.CH201/results/notebook/qsbench_imgs/20260617-0336-bb4785/baseline_fp32/000000000065_1.png
baseline_fp32,000000000065,2,"a bird is sitting on a branch with moss in winter, covered in snow",2.8994,off,14595.6,/content/CS2309.CH201/results/notebook/qsbench_imgs/20260617-0336-bb4785/baseline_fp32/000000000065_2.png
baseline_fp32,000000000066,0,painting of a german shepherd standing on the ground,2.9133,off,14595.6,/content/CS2309.CH201/results/notebook/qsbench_imgs/20260617-0336-bb4785/baseline_fp32/000000000066_0.png
baseline_fp32,000000000066,1,"a dalmatian dog laying on the ground at night, dark lighting",2.91,off,14595.6,/content/CS2309.CH201/results/notebook/qsbench_imgs/20260617-0336-bb4785/baseline_fp32/000000000066_1.png
baseline_fp32,000000000066,2,"a dalmatian dog laying on the ground in winter, covered in snow",2.8854,off,14595.6,/content/CS2309.CH201/results/notebook/qsbench_imgs/20260617-0336-bb4785/baseline_fp32/000000000066_2.png
baseline_fp32,000000000067,0,a woman in a white shirt crying in the rain,2.8686,off,14595.6,/content/CS2309.CH201/results/notebook/qsbench_imgs/20260617-0336-bb4785/baseline_fp32/000000000067_0.png
baseline_fp32,000000000067,1,"a woman in a jacket standing in the rain at night, dark lighting",2.8809,off,14595.6,/content/CS2309.CH201/results/notebook/qsbench_imgs/20260617-0336-bb4785/baseline_fp32/000000000067_1.png
baseline_fp32,000000000067,2,"a woman in a jacket standing in the rain in winter, covered in snow",2.8805,off,14595.6,/content/CS2309.CH201/results/notebook/qsbench_imgs/20260617-0336-bb4785/baseline_fp32/000000000067_2.png
baseline_fp32,000000000068,0,painting of white unicorns standing in the woods,2.8834,off,14595.6,/content/CS2309.CH201/results/notebook/qsbench_imgs/20260617-0336-bb4785/baseline_fp32/000000000068_0.png
baseline_fp32,000000000068,1,"photo of horses running in the woods at night, dark lighting",2.9074,off,14595.6,/content/CS2309.CH201/results/notebook/qsbench_imgs/20260617-0336-bb4785/baseline_fp32/000000000068_1.png
baseline_fp32,000000000068,2,"photo of horses running in the woods in winter, covered in snow",2.8931,off,14595.6,/content/CS2309.CH201/results/notebook/qsbench_imgs/20260617-0336-bb4785/baseline_fp32/000000000068_2.png
baseline_fp32,000000000069,0,forest with snow and bus,2.8929,off,14595.6,/content/CS2309.CH201/results/notebook/qsbench_imgs/20260617-0336-bb4785/baseline_fp32/000000000069_0.png
baseline_fp32,000000000069,1,"sea and house at night, dark lighting",2.9238,off,14595.6,/content/CS2309.CH201/results/notebook/qsbench_imgs/20260617-0336-bb4785/baseline_fp32/000000000069_1.png
baseline_fp32,000000000069,2,"sea and house in winter, covered in snow",2.9086,off,14595.6,/content/CS2309.CH201/results/notebook/qsbench_imgs/20260617-0336-bb4785/baseline_fp32/000000000069_2.png
baseline_fp32,000000000070,0,"a sunny day of the park of dresden, germany, europe",2.9145,off,14595.6,/content/CS2309.CH201/results/notebook/qsbench_imgs/20260617-0336-bb4785/baseline_fp32/000000000070_0.png
baseline_fp32,000000000070,1,"the city of dresden, germany, europe at night, dark lighting",2.9132,off,14595.6,/content/CS2309.CH201/results/notebook/qsbench_imgs/20260617-0336-bb4785/baseline_fp32/000000000070_1.png
baseline_fp32,000000000070,2,"the city of dresden, germany, europe in winter, covered in snow",2.9344,off,14595.6,/content/CS2309.CH201/results/notebook/qsbench_imgs/20260617-0336-bb4785/baseline_fp32/000000000070_2.png
baseline_fp32,000000000071,0,an orange with two hands on it in a dark background,2.8863,off,14595.6,/content/CS2309.CH201/results/notebook/qsbench_imgs/20260617-0336-bb4785/baseline_fp32/000000000071_0.png
baseline_fp32,000000000071,1,"an apple with two faces on it in a white background at night, dark lighting",2.8821,off,14595.6,/content/CS2309.CH201/results/notebook/qsbench_imgs/20260617-0336-bb4785/baseline_fp32/000000000071_1.png
baseline_fp32,000000000071,2,"an apple with two faces on it in a white background in winter, covered in snow",2.8812,off,14595.6,/content/CS2309.CH201/results/notebook/qsbench_imgs/20260617-0336-bb4785/baseline_fp32/000000000071_2.png
baseline_fp32,000000000072,0,wooden green vases,2.9325,off,14595.6,/content/CS2309.CH201/results/notebook/qsbench_imgs/20260617-0336-bb4785/baseline_fp32/000000000072_0.png
baseline_fp32,000000000072,1,"colorful cups at night, dark lighting",2.9308,off,14595.6,/content/CS2309.CH201/results/notebook/qsbench_imgs/20260617-0336-bb4785/baseline_fp32/000000000072_1.png
baseline_fp32,000000000072,2,"colorful cups in winter, covered in snow",2.9397,off,14595.6,/content/CS2309.CH201/results/notebook/qsbench_imgs/20260617-0336-bb4785/baseline_fp32/000000000072_2.png
baseline_fp32,000000000073,0,a autumn field with buildings and a pink sky,2.921,off,14595.6,/content/CS2309.CH201/results/notebook/qsbench_imgs/20260617-0336-bb4785/baseline_fp32/000000000073_0.png
baseline_fp32,000000000073,1,"a spring field with trees and a blue sky at night, dark lighting",2.9324,off,14595.6,/content/CS2309.CH201/results/notebook/qsbench_imgs/20260617-0336-bb4785/baseline_fp32/000000000073_1.png
baseline_fp32,000000000073,2,"a spring field with trees and a blue sky in winter, covered in snow",2.9272,off,14595.6,/content/CS2309.CH201/results/notebook/qsbench_imgs/20260617-0336-bb4785/baseline_fp32/000000000073_2.png
baseline_fp32,000000000074,0,a building is covered in leaves and snow,2.9211,off,14595.6,/content/CS2309.CH201/results/notebook/qsbench_imgs/20260617-0336-bb4785/baseline_fp32/000000000074_0.png
baseline_fp32,000000000074,1,"a mountain is covered in clouds and snow at night, dark lighting",2.937,off,14595.6,/content/CS2309.CH201/results/notebook/qsbench_imgs/20260617-0336-bb4785/baseline_fp32/000000000074_1.png
baseline_fp32,000000000074,2,"a mountain is covered in clouds and snow in winter, covered in snow",2.9173,off,14595.6,/content/CS2309.CH201/results/notebook/qsbench_imgs/20260617-0336-bb4785/baseline_fp32/000000000074_2.png
baseline_fp32,000000000075,0,a woman with cats and dogs playing around her face,2.9205,off,14595.6,/content/CS2309.CH201/results/notebook/qsbench_imgs/20260617-0336-bb4785/baseline_fp32/000000000075_0.png
baseline_fp32,000000000075,1,"a woman with flowers around her face at night, dark lighting",2.9066,off,14595.6,/content/CS2309.CH201/results/notebook/qsbench_imgs/20260617-0336-bb4785/baseline_fp32/000000000075_1.png
baseline_fp32,000000000075,2,"a woman with flowers around her face in winter, covered in snow",2.9444,off,14595.6,/content/CS2309.CH201/results/notebook/qsbench_imgs/20260617-0336-bb4785/baseline_fp32/000000000075_2.png
baseline_fp32,000000000076,0,a painting of a golden vase with a flower coming out of it,2.9016,off,14595.6,/content/CS2309.CH201/results/notebook/qsbench_imgs/20260617-0336-bb4785/baseline_fp32/000000000076_0.png
baseline_fp32,000000000076,1,"a painting of a cup with a smoke coming out of it at night, dark lighting",2.9149,off,14595.6,/content/CS2309.CH201/results/notebook/qsbench_imgs/20260617-0336-bb4785/baseline_fp32/000000000076_1.png
baseline_fp32,000000000076,2,"a painting of a cup with a smoke coming out of it in winter, covered in snow",2.9123,off,14595.6,/content/CS2309.CH201/results/notebook/qsbench_imgs/20260617-0336-bb4785/baseline_fp32/000000000076_2.png
baseline_fp32,000000000077,0,a painting of a car in the snow with colorful buildings in the background,2.9416,off,14595.6,/content/CS2309.CH201/results/notebook/qsbench_imgs/20260617-0336-bb4785/baseline_fp32/000000000077_0.png
baseline_fp32,000000000077,1,"a painting of a cabin in the snow with mountains in the background at night, dark lighting",2.8931,off,14595.6,/content/CS2309.CH201/results/notebook/qsbench_imgs/20260617-0336-bb4785/baseline_fp32/000000000077_1.png
baseline_fp32,000000000077,2,"a painting of a cabin in the snow with mountains in the background in winter, covered in snow",2.9149,off,14595.6,/content/CS2309.CH201/results/notebook/qsbench_imgs/20260617-0336-bb4785/baseline_fp32/000000000077_2.png
baseline_fp32,000000000078,0,ocean with stars shining in the pink sky,2.9351,off,14595.6,/content/CS2309.CH201/results/notebook/qsbench_imgs/20260617-0336-bb4785/baseline_fp32/000000000078_0.png
baseline_fp32,000000000078,1,"ocean with clouds in the sky at night, dark lighting",2.9267,off,14595.6,/content/CS2309.CH201/results/notebook/qsbench_imgs/20260617-0336-bb4785/baseline_fp32/000000000078_1.png
baseline_fp32,000000000078,2,"ocean with clouds in the sky in winter, covered in snow",2.9367,off,14595.6,/content/CS2309.CH201/results/notebook/qsbench_imgs/20260617-0336-bb4785/baseline_fp32/000000000078_2.png
baseline_fp32,000000000079,0,a man walking in a city with buildings in the background,2.9315,off,14595.6,/content/CS2309.CH201/results/notebook/qsbench_imgs/20260617-0336-bb4785/baseline_fp32/000000000079_0.png
baseline_fp32,000000000079,1,"a man walking in a town with mountains in the background at night, dark lighting",2.9262,off,14595.6,/content/CS2309.CH201/results/notebook/qsbench_imgs/20260617-0336-bb4785/baseline_fp32/000000000079_1.png
baseline_fp32,000000000079,2,"a man walking in a town with mountains in the background in winter, covered in snow",2.922,off,14595.6,/content/CS2309.CH201/results/notebook/qsbench_imgs/20260617-0336-bb4785/baseline_fp32/000000000079_2.png
baseline_fp32,000000000080,0,a fox is shown smiling in a high polygonal style,2.9407,off,14595.6,/content/CS2309.CH201/results/notebook/qsbench_imgs/20260617-0336-bb4785/baseline_fp32/000000000080_0.png
baseline_fp32,000000000080,1,"a cat is shown in a low polygonal style at night, dark lighting",2.947,off,14595.6,/content/CS2309.CH201/results/notebook/qsbench_imgs/20260617-0336-bb4785/baseline_fp32/000000000080_1.png
baseline_fp32,000000000080,2,"a cat is shown in a low polygonal style in winter, covered in snow",2.9681,off,14595.6,/content/CS2309.CH201/results/notebook/qsbench_imgs/20260617-0336-bb4785/baseline_fp32/000000000080_2.png
baseline_fp32,000000000081,0,flowers on a rock in the forest,2.9596,off,14595.6,/content/CS2309.CH201/results/notebook/qsbench_imgs/20260617-0336-bb4785/baseline_fp32/000000000081_0.png
baseline_fp32,000000000081,1,"mushrooms on a branch in the forest at night, dark lighting",2.9636,off,14595.6,/content/CS2309.CH201/results/notebook/qsbench_imgs/20260617-0336-bb4785/baseline_fp32/000000000081_1.png
baseline_fp32,000000000081,2,"mushrooms on a branch in the forest in winter, covered in snow",2.9588,off,14595.6,/content/CS2309.CH201/results/notebook/qsbench_imgs/20260617-0336-bb4785/baseline_fp32/000000000081_2.png
baseline_fp32,000000000082,0,a cute cat holding a pink ball,2.9441,off,14595.6,/content/CS2309.CH201/results/notebook/qsbench_imgs/20260617-0336-bb4785/baseline_fp32/000000000082_0.png
baseline_fp32,000000000082,1,"a cute dog holding a red heart at night, dark lighting",2.908,off,14595.6,/content/CS2309.CH201/results/notebook/qsbench_imgs/20260617-0336-bb4785/baseline_fp32/000000000082_1.png
baseline_fp32,000000000082,2,"a cute dog holding a red heart in winter, covered in snow",2.9252,off,14595.6,/content/CS2309.CH201/results/notebook/qsbench_imgs/20260617-0336-bb4785/baseline_fp32/000000000082_2.png
baseline_fp32,000000000083,0,a ink droplet hangs from a string of flashing red lights,2.9201,off,14595.6,/content/CS2309.CH201/results/notebook/qsbench_imgs/20260617-0336-bb4785/baseline_fp32/000000000083_0.png
baseline_fp32,000000000083,1,"a water droplet hangs from a string of lights at night, dark lighting",2.8848,off,14595.6,/content/CS2309.CH201/results/notebook/qsbench_imgs/20260617-0336-bb4785/baseline_fp32/000000000083_1.png
baseline_fp32,000000000083,2,"a water droplet hangs from a string of lights in winter, covered in snow",2.9126,off,14595.6,/content/CS2309.CH201/results/notebook/qsbench_imgs/20260617-0336-bb4785/baseline_fp32/000000000083_2.png
baseline_fp32,000000000084,0,two blue and green toy cats are standing on a snow covered surface,2.8996,off,14595.6,/content/CS2309.CH201/results/notebook/qsbench_imgs/20260617-0336-bb4785/baseline_fp32/000000000084_0.png
baseline_fp32,000000000084,1,"two red and white toy gnomes are sitting on a snow covered surface at night, dark lighting",2.9086,off,14595.6,/content/CS2309.CH201/results/notebook/qsbench_imgs/20260617-0336-bb4785/baseline_fp32/000000000084_1.png
baseline_fp32,000000000084,2,"two red and white toy gnomes are sitting on a snow covered surface in winter, covered in snow",2.9431,off,14595.6,/content/CS2309.CH201/results/notebook/qsbench_imgs/20260617-0336-bb4785/baseline_fp32/000000000084_2.png
baseline_fp32,000000000085,0,dog howling at the sun with a outline of a person,2.8867,off,14595.6,/content/CS2309.CH201/results/notebook/qsbench_imgs/20260617-0336-bb4785/baseline_fp32/000000000085_0.png
baseline_fp32,000000000085,1,"wolf howling at the moon with a outline of a wolf at night, dark lighting",2.8768,off,14595.6,/content/CS2309.CH201/results/notebook/qsbench_imgs/20260617-0336-bb4785/baseline_fp32/000000000085_1.png
baseline_fp32,000000000085,2,"wolf howling at the moon with a outline of a wolf in winter, covered in snow",2.8772,off,14595.6,/content/CS2309.CH201/results/notebook/qsbench_imgs/20260617-0336-bb4785/baseline_fp32/000000000085_2.png
baseline_fp32,000000000086,0,the violet cherry tree is blooming in the winter,2.91,off,14595.6,/content/CS2309.CH201/results/notebook/qsbench_imgs/20260617-0336-bb4785/baseline_fp32/000000000086_0.png
baseline_fp32,000000000086,1,"the almond tree is blooming in the spring at night, dark lighting",2.9271,off,14595.6,/content/CS2309.CH201/results/notebook/qsbench_imgs/20260617-0336-bb4785/baseline_fp32/000000000086_1.png
baseline_fp32,000000000086,2,"the almond tree is blooming in the spring in winter, covered in snow",2.8937,off,14595.6,/content/CS2309.CH201/results/notebook/qsbench_imgs/20260617-0336-bb4785/baseline_fp32/000000000086_2.png
baseline_fp32,000000000087,0,a girl rides a dog on a snow field,2.9154,off,14595.6,/content/CS2309.CH201/results/notebook/qsbench_imgs/20260617-0336-bb4785/baseline_fp32/000000000087_0.png
baseline_fp32,000000000087,1,"a jockey rides a horse on a grassy field at night, dark lighting",2.9098,off,14595.6,/content/CS2309.CH201/results/notebook/qsbench_imgs/20260617-0336-bb4785/baseline_fp32/000000000087_1.png
baseline_fp32,000000000087,2,"a jockey rides a horse on a grassy field in winter, covered in snow",2.887,off,14595.6,/content/CS2309.CH201/results/notebook/qsbench_imgs/20260617-0336-bb4785/baseline_fp32/000000000087_2.png
baseline_fp32,000000000088,0,"a plate with rice, apple slices and steak",2.9226,off,14595.6,/content/CS2309.CH201/results/notebook/qsbench_imgs/20260617-0336-bb4785/baseline_fp32/000000000088_0.png
baseline_fp32,000000000088,1,"a plate with rice, lemon slices and fish at night, dark lighting",2.9001,off,14595.6,/content/CS2309.CH201/results/notebook/qsbench_imgs/20260617-0336-bb4785/baseline_fp32/000000000088_1.png
baseline_fp32,000000000088,2,"a plate with rice, lemon slices and fish in winter, covered in snow",2.8929,off,14595.6,/content/CS2309.CH201/results/notebook/qsbench_imgs/20260617-0336-bb4785/baseline_fp32/000000000088_2.png
baseline_fp32,000000000089,0,two purple apples on a tree branch with a pink sky in the background,2.8711,off,14595.6,/content/CS2309.CH201/results/notebook/qsbench_imgs/20260617-0336-bb4785/baseline_fp32/000000000089_0.png
baseline_fp32,000000000089,1,"two red berries on a tree branch with a blue sky in the background at night, dark lighting",2.8728,off,14595.6,/content/CS2309.CH201/results/notebook/qsbench_imgs/20260617-0336-bb4785/baseline_fp32/000000000089_1.png
baseline_fp32,000000000089,2,"two red berries on a tree branch with a blue sky in the background in winter, covered in snow",2.8974,off,14595.6,/content/CS2309.CH201/results/notebook/qsbench_imgs/20260617-0336-bb4785/baseline_fp32/000000000089_2.png
baseline_fp32,000000000090,0,a drawing of a woman with a colorfull hat on her head and a dress on her body,2.8679,off,14595.6,/content/CS2309.CH201/results/notebook/qsbench_imgs/20260617-0336-bb4785/baseline_fp32/000000000090_0.png
baseline_fp32,000000000090,1,"a drawing of a woman with a towel on her head at night, dark lighting",2.8293,off,14595.6,/content/CS2309.CH201/results/notebook/qsbench_imgs/20260617-0336-bb4785/baseline_fp32/000000000090_1.png
baseline_fp32,000000000090,2,"a drawing of a woman with a towel on her head in winter, covered in snow",2.8458,off,14595.6,/content/CS2309.CH201/results/notebook/qsbench_imgs/20260617-0336-bb4785/baseline_fp32/000000000090_2.png
baseline_fp32,000000000091,0,a girl with flowers sitting at a table with noodles and cakes,2.906,off,14595.6,/content/CS2309.CH201/results/notebook/qsbench_imgs/20260617-0336-bb4785/baseline_fp32/000000000091_0.png
baseline_fp32,000000000091,1,"a girl sitting at a table with pizza and drinks at night, dark lighting",2.9188,off,14595.6,/content/CS2309.CH201/results/notebook/qsbench_imgs/20260617-0336-bb4785/baseline_fp32/000000000091_1.png
baseline_fp32,000000000091,2,"a girl sitting at a table with pizza and drinks in winter, covered in snow",2.9059,off,14595.6,/content/CS2309.CH201/results/notebook/qsbench_imgs/20260617-0336-bb4785/baseline_fp32/000000000091_2.png
baseline_fp32,000000000092,0,lilas and cakes on black glass surface,2.8914,off,14595.6,/content/CS2309.CH201/results/notebook/qsbench_imgs/20260617-0336-bb4785/baseline_fp32/000000000092_0.png
baseline_fp32,000000000092,1,"lilas and book on wooden surface at night, dark lighting",2.9017,off,14595.6,/content/CS2309.CH201/results/notebook/qsbench_imgs/20260617-0336-bb4785/baseline_fp32/000000000092_1.png
baseline_fp32,000000000092,2,"lilas and book on wooden surface in winter, covered in snow",2.8981,off,14595.6,/content/CS2309.CH201/results/notebook/qsbench_imgs/20260617-0336-bb4785/baseline_fp32/000000000092_2.png
baseline_fp32,000000000093,0,a garfield cat is sleeping on a sofa,2.9196,off,14595.6,/content/CS2309.CH201/results/notebook/qsbench_imgs/20260617-0336-bb4785/baseline_fp32/000000000093_0.png
baseline_fp32,000000000093,1,"a collie dog is sitting on a bed at night, dark lighting",2.9341,off,14595.6,/content/CS2309.CH201/results/notebook/qsbench_imgs/20260617-0336-bb4785/baseline_fp32/000000000093_1.png
baseline_fp32,000000000093,2,"a collie dog is sitting on a bed in winter, covered in snow",2.91,off,14595.6,/content/CS2309.CH201/results/notebook/qsbench_imgs/20260617-0336-bb4785/baseline_fp32/000000000093_2.png
baseline_fp32,000000000094,0,a cat is sleeping on a blue sweater,2.9409,off,14595.6,/content/CS2309.CH201/results/notebook/qsbench_imgs/20260617-0336-bb4785/baseline_fp32/000000000094_0.png
baseline_fp32,000000000094,1,"a cat is sitting on a red blanket at night, dark lighting",2.8997,off,14595.6,/content/CS2309.CH201/results/notebook/qsbench_imgs/20260617-0336-bb4785/baseline_fp32/000000000094_1.png
baseline_fp32,000000000094,2,"a cat is sitting on a red blanket in winter, covered in snow",2.8954,off,14595.6,/content/CS2309.CH201/results/notebook/qsbench_imgs/20260617-0336-bb4785/baseline_fp32/000000000094_2.png
baseline_fp32,000000000095,0,a painting of a fairy with purple wings holding a white crystal ball,2.9454,off,14595.6,/content/CS2309.CH201/results/notebook/qsbench_imgs/20260617-0336-bb4785/baseline_fp32/000000000095_0.png
baseline_fp32,000000000095,1,"a painting of a fairy with green wings holding a glowing jar at night, dark lighting",2.9482,off,14595.6,/content/CS2309.CH201/results/notebook/qsbench_imgs/20260617-0336-bb4785/baseline_fp32/000000000095_1.png
baseline_fp32,000000000095,2,"a painting of a fairy with green wings holding a glowing jar in winter, covered in snow",2.8968,off,14595.6,/content/CS2309.CH201/results/notebook/qsbench_imgs/20260617-0336-bb4785/baseline_fp32/000000000095_2.png
baseline_fp32,000000000096,0,a colorful and beautiful photo of bride and groom embrace in the church,2.9203,off,14595.6,/content/CS2309.CH201/results/notebook/qsbench_imgs/20260617-0336-bb4785/baseline_fp32/000000000096_0.png
baseline_fp32,000000000096,1,"a white and black photo of bride and groom embrace in the woods at night, dark lighting",2.9203,off,14595.6,/content/CS2309.CH201/results/notebook/qsbench_imgs/20260617-0336-bb4785/baseline_fp32/000000000096_1.png
baseline_fp32,000000000096,2,"a white and black photo of bride and groom embrace in the woods in winter, covered in snow",2.8941,off,14595.6,/content/CS2309.CH201/results/notebook/qsbench_imgs/20260617-0336-bb4785/baseline_fp32/000000000096_2.png
baseline_fp32,000000000097,0,a metal vase of colorful rose flowers on a white table,2.9177,off,14595.6,/content/CS2309.CH201/results/notebook/qsbench_imgs/20260617-0336-bb4785/baseline_fp32/000000000097_0.png
baseline_fp32,000000000097,1,"a vase of colorful flowers on a wooden table at night, dark lighting",2.9296,off,14595.6,/content/CS2309.CH201/results/notebook/qsbench_imgs/20260617-0336-bb4785/baseline_fp32/000000000097_1.png
baseline_fp32,000000000097,2,"a vase of colorful flowers on a wooden table in winter, covered in snow",2.9252,off,14595.6,/content/CS2309.CH201/results/notebook/qsbench_imgs/20260617-0336-bb4785/baseline_fp32/000000000097_2.png
baseline_fp32,000000000098,0,a cat hanging from a wire with grass in the background,2.9542,off,14595.6,/content/CS2309.CH201/results/notebook/qsbench_imgs/20260617-0336-bb4785/baseline_fp32/000000000098_0.png
baseline_fp32,000000000098,1,"a light bulb hanging from a wire with sky in the background at night, dark lighting",2.9341,off,14595.6,/content/CS2309.CH201/results/notebook/qsbench_imgs/20260617-0336-bb4785/baseline_fp32/000000000098_1.png
baseline_fp32,000000000098,2,"a light bulb hanging from a wire with sky in the background in winter, covered in snow",2.9322,off,14595.6,/content/CS2309.CH201/results/notebook/qsbench_imgs/20260617-0336-bb4785/baseline_fp32/000000000098_2.png
baseline_fp32,000000000099,0,a painting of a woman with pink hair holding a teddy bear,2.9575,off,14595.6,/content/CS2309.CH201/results/notebook/qsbench_imgs/20260617-0336-bb4785/baseline_fp32/000000000099_0.png
baseline_fp32,000000000099,1,"a painting of a woman holding a pink flower at night, dark lighting",2.9005,off,14595.6,/content/CS2309.CH201/results/notebook/qsbench_imgs/20260617-0336-bb4785/baseline_fp32/000000000099_1.png
baseline_fp32,000000000099,2,"a painting of a woman holding a pink flower in winter, covered in snow",2.9284,off,14595.6,/content/CS2309.CH201/results/notebook/qsbench_imgs/20260617-0336-bb4785/baseline_fp32/000000000099_2.png
baseline_fp32,000000000100,0,a woman in red holding an umbrella runs through a forest,2.9137,off,14595.6,/content/CS2309.CH201/results/notebook/qsbench_imgs/20260617-0336-bb4785/baseline_fp32/000000000100_0.png
baseline_fp32,000000000100,1,"a woman in black holding an umbrella walks through a field at night, dark lighting",2.9126,off,14595.6,/content/CS2309.CH201/results/notebook/qsbench_imgs/20260617-0336-bb4785/baseline_fp32/000000000100_1.png
baseline_fp32,000000000100,2,"a woman in black holding an umbrella walks through a field in winter, covered in snow",2.9176,off,14595.6,/content/CS2309.CH201/results/notebook/qsbench_imgs/20260617-0336-bb4785/baseline_fp32/000000000100_2.png
baseline_fp32,000000000101,0,blue poppies and bees in winter,2.9292,off,14595.6,/content/CS2309.CH201/results/notebook/qsbench_imgs/20260617-0336-bb4785/baseline_fp32/000000000101_0.png
baseline_fp32,000000000101,1,"poppies at night, dark lighting",2.9065,off,14595.6,/content/CS2309.CH201/results/notebook/qsbench_imgs/20260617-0336-bb4785/baseline_fp32/000000000101_1.png
baseline_fp32,000000000101,2,"poppies in winter, covered in snow",2.9191,off,14595.6,/content/CS2309.CH201/results/notebook/qsbench_imgs/20260617-0336-bb4785/baseline_fp32/000000000101_2.png
baseline_fp32,000000000102,0,a white tulip on the rail,2.9021,off,14595.6,/content/CS2309.CH201/results/notebook/qsbench_imgs/20260617-0336-bb4785/baseline_fp32/000000000102_0.png
baseline_fp32,000000000102,1,"a rose on the rail at night, dark lighting",2.9148,off,14595.6,/content/CS2309.CH201/results/notebook/qsbench_imgs/20260617-0336-bb4785/baseline_fp32/000000000102_1.png
baseline_fp32,000000000102,2,"a rose on the rail in winter, covered in snow",2.9215,off,14595.6,/content/CS2309.CH201/results/notebook/qsbench_imgs/20260617-0336-bb4785/baseline_fp32/000000000102_2.png
baseline_fp32,000000000103,0,an digital painting of stars and moon,2.9414,off,14595.6,/content/CS2309.CH201/results/notebook/qsbench_imgs/20260617-0336-bb4785/baseline_fp32/000000000103_0.png
baseline_fp32,000000000103,1,"an abstract painting of waves and water at night, dark lighting",2.957,off,14595.6,/content/CS2309.CH201/results/notebook/qsbench_imgs/20260617-0336-bb4785/baseline_fp32/000000000103_1.png
baseline_fp32,000000000103,2,"an abstract painting of waves and water in winter, covered in snow",2.9556,off,14595.6,/content/CS2309.CH201/results/notebook/qsbench_imgs/20260617-0336-bb4785/baseline_fp32/000000000103_2.png
baseline_fp32,000000000104,0,a woman with white snakes in her hair,2.9362,off,14595.6,/content/CS2309.CH201/results/notebook/qsbench_imgs/20260617-0336-bb4785/baseline_fp32/000000000104_0.png
baseline_fp32,000000000104,1,"a woman with flowers in her hair at night, dark lighting",2.9553,off,14595.6,/content/CS2309.CH201/results/notebook/qsbench_imgs/20260617-0336-bb4785/baseline_fp32/000000000104_1.png
baseline_fp32,000000000104,2,"a woman with flowers in her hair in winter, covered in snow",2.938,off,14595.6,/content/CS2309.CH201/results/notebook/qsbench_imgs/20260617-0336-bb4785/baseline_fp32/000000000104_2.png
baseline_fp32,000000000105,0,fat orange cat with green eyes,2.9662,off,14595.6,/content/CS2309.CH201/results/notebook/qsbench_imgs/20260617-0336-bb4785/baseline_fp32/000000000105_0.png
baseline_fp32,000000000105,1,"cat with yellow eyes at night, dark lighting",2.9565,off,14595.6,/content/CS2309.CH201/results/notebook/qsbench_imgs/20260617-0336-bb4785/baseline_fp32/000000000105_1.png
baseline_fp32,000000000105,2,"cat with yellow eyes in winter, covered in snow",2.9422,off,14595.6,/content/CS2309.CH201/results/notebook/qsbench_imgs/20260617-0336-bb4785/baseline_fp32/000000000105_2.png
baseline_fp32,000000000106,0,a blue umbrella with rainbow spots on it is sitting on the ground,2.9045,off,14595.6,/content/CS2309.CH201/results/notebook/qsbench_imgs/20260617-0336-bb4785/baseline_fp32/000000000106_0.png
baseline_fp32,000000000106,1,"a red mushroom with white spots on it is sitting on the ground at night, dark lighting",2.9301,off,14595.6,/content/CS2309.CH201/results/notebook/qsbench_imgs/20260617-0336-bb4785/baseline_fp32/000000000106_1.png
baseline_fp32,000000000106,2,"a red mushroom with white spots on it is sitting on the ground in winter, covered in snow",2.9463,off,14595.6,/content/CS2309.CH201/results/notebook/qsbench_imgs/20260617-0336-bb4785/baseline_fp32/000000000106_2.png
baseline_fp32,000000000107,0,a red wodden duck on the branch,2.9707,off,14595.6,/content/CS2309.CH201/results/notebook/qsbench_imgs/20260617-0336-bb4785/baseline_fp32/000000000107_0.png
baseline_fp32,000000000107,1,"a bird on the branch at night, dark lighting",2.9048,off,14595.6,/content/CS2309.CH201/results/notebook/qsbench_imgs/20260617-0336-bb4785/baseline_fp32/000000000107_1.png
baseline_fp32,000000000107,2,"a bird on the branch in winter, covered in snow",2.9192,off,14595.6,/content/CS2309.CH201/results/notebook/qsbench_imgs/20260617-0336-bb4785/baseline_fp32/000000000107_2.png
baseline_fp32,000000000108,0,watercolor painting of a boy standing in a living room,2.9542,off,14595.6,/content/CS2309.CH201/results/notebook/qsbench_imgs/20260617-0336-bb4785/baseline_fp32/000000000108_0.png
baseline_fp32,000000000108,1,"a woman sitting in a living room at night, dark lighting",2.9586,off,14595.6,/content/CS2309.CH201/results/notebook/qsbench_imgs/20260617-0336-bb4785/baseline_fp32/000000000108_1.png
baseline_fp32,000000000108,2,"a woman sitting in a living room in winter, covered in snow",2.9196,off,14595.6,/content/CS2309.CH201/results/notebook/qsbench_imgs/20260617-0336-bb4785/baseline_fp32/000000000108_2.png
baseline_fp32,000000000109,0,a school with a red tile roof and trees in the background,2.9384,off,14595.6,/content/CS2309.CH201/results/notebook/qsbench_imgs/20260617-0336-bb4785/baseline_fp32/000000000109_0.png
baseline_fp32,000000000109,1,"a farm with a thatched roof and trees in the background at night, dark lighting",2.9308,off,14595.6,/content/CS2309.CH201/results/notebook/qsbench_imgs/20260617-0336-bb4785/baseline_fp32/000000000109_1.png
baseline_fp32,000000000109,2,"a farm with a thatched roof and trees in the background in winter, covered in snow",2.9611,off,14595.6,/content/CS2309.CH201/results/notebook/qsbench_imgs/20260617-0336-bb4785/baseline_fp32/000000000109_2.png
baseline_fp32,000000000110,0,a old woman is holding a white cat,2.9208,off,14595.6,/content/CS2309.CH201/results/notebook/qsbench_imgs/20260617-0336-bb4785/baseline_fp32/000000000110_0.png
baseline_fp32,000000000110,1,"a young woman is holding a dog at night, dark lighting",2.9232,off,14595.6,/content/CS2309.CH201/results/notebook/qsbench_imgs/20260617-0336-bb4785/baseline_fp32/000000000110_1.png
baseline_fp32,000000000110,2,"a young woman is holding a dog in winter, covered in snow",2.9263,off,14595.6,/content/CS2309.CH201/results/notebook/qsbench_imgs/20260617-0336-bb4785/baseline_fp32/000000000110_2.png
baseline_fp32,000000000111,0,a dog with blue eyes standing on the ground,2.8931,off,14595.6,/content/CS2309.CH201/results/notebook/qsbench_imgs/20260617-0336-bb4785/baseline_fp32/000000000111_0.png
baseline_fp32,000000000111,1,"a cat with green eyes sitting on the ground at night, dark lighting",2.9592,off,14595.6,/content/CS2309.CH201/results/notebook/qsbench_imgs/20260617-0336-bb4785/baseline_fp32/000000000111_1.png
baseline_fp32,000000000111,2,"a cat with green eyes sitting on the ground in winter, covered in snow",2.9049,off,14595.6,/content/CS2309.CH201/results/notebook/qsbench_imgs/20260617-0336-bb4785/baseline_fp32/000000000111_2.png
baseline_fp32,000000000112,0,a group of pink plush ducks are swimming in a canal,2.9279,off,14595.6,/content/CS2309.CH201/results/notebook/qsbench_imgs/20260617-0336-bb4785/baseline_fp32/000000000112_0.png
baseline_fp32,000000000112,1,"a group of rubber ducks are lined up in a canal at night, dark lighting",2.9176,off,14595.6,/content/CS2309.CH201/results/notebook/qsbench_imgs/20260617-0336-bb4785/baseline_fp32/000000000112_1.png
baseline_fp32,000000000112,2,"a group of rubber ducks are lined up in a canal in winter, covered in snow",2.9752,off,14595.6,/content/CS2309.CH201/results/notebook/qsbench_imgs/20260617-0336-bb4785/baseline_fp32/000000000112_2.png
baseline_fp32,000000000113,0,rabbits holding apples in the grass,2.9548,off,14595.6,/content/CS2309.CH201/results/notebook/qsbench_imgs/20260617-0336-bb4785/baseline_fp32/000000000113_0.png
baseline_fp32,000000000113,1,"dogs running in the grass at night, dark lighting",2.9362,off,14595.6,/content/CS2309.CH201/results/notebook/qsbench_imgs/20260617-0336-bb4785/baseline_fp32/000000000113_1.png
baseline_fp32,000000000113,2,"dogs running in the grass in winter, covered in snow",2.9225,off,14595.6,/content/CS2309.CH201/results/notebook/qsbench_imgs/20260617-0336-bb4785/baseline_fp32/000000000113_2.png
baseline_fp32,000000000114,0,a painting of a man and woman playing on the ground,2.907,off,14595.6,/content/CS2309.CH201/results/notebook/qsbench_imgs/20260617-0336-bb4785/baseline_fp32/000000000114_0.png
baseline_fp32,000000000114,1,"a photo of a man and woman sitting on the ground at night, dark lighting",2.9274,off,14595.6,/content/CS2309.CH201/results/notebook/qsbench_imgs/20260617-0336-bb4785/baseline_fp32/000000000114_1.png
baseline_fp32,000000000114,2,"a photo of a man and woman sitting on the ground in winter, covered in snow",2.9307,off,14595.6,/content/CS2309.CH201/results/notebook/qsbench_imgs/20260617-0336-bb4785/baseline_fp32/000000000114_2.png
baseline_fp32,000000000115,0,two colorful birds flying next to each other,2.927,off,14595.6,/content/CS2309.CH201/results/notebook/qsbench_imgs/20260617-0336-bb4785/baseline_fp32/000000000115_0.png
baseline_fp32,000000000115,1,"two ducks standing next to each other at night, dark lighting",2.9547,off,14595.6,/content/CS2309.CH201/results/notebook/qsbench_imgs/20260617-0336-bb4785/baseline_fp32/000000000115_1.png
baseline_fp32,000000000115,2,"two ducks standing next to each other in winter, covered in snow",2.9349,off,14595.6,/content/CS2309.CH201/results/notebook/qsbench_imgs/20260617-0336-bb4785/baseline_fp32/000000000115_2.png
baseline_fp32,000000000116,0,colorful dinosaur eggs in a glass,2.9256,off,14595.6,/content/CS2309.CH201/results/notebook/qsbench_imgs/20260617-0336-bb4785/baseline_fp32/000000000116_0.png
baseline_fp32,000000000116,1,"easter eggs in a teacup at night, dark lighting",2.9326,off,14595.6,/content/CS2309.CH201/results/notebook/qsbench_imgs/20260617-0336-bb4785/baseline_fp32/000000000116_1.png
baseline_fp32,000000000116,2,"easter eggs in a teacup in winter, covered in snow",2.9267,off,14595.6,/content/CS2309.CH201/results/notebook/qsbench_imgs/20260617-0336-bb4785/baseline_fp32/000000000116_2.png
baseline_fp32,000000000117,0,a blue flower with red bee center in the middle,2.9413,off,14595.6,/content/CS2309.CH201/results/notebook/qsbench_imgs/20260617-0336-bb4785/baseline_fp32/000000000117_0.png
baseline_fp32,000000000117,1,"a pink flower with yellow center in the middle at night, dark lighting",2.9397,off,14595.6,/content/CS2309.CH201/results/notebook/qsbench_imgs/20260617-0336-bb4785/baseline_fp32/000000000117_1.png
baseline_fp32,000000000117,2,"a pink flower with yellow center in the middle in winter, covered in snow",2.9336,off,14595.6,/content/CS2309.CH201/results/notebook/qsbench_imgs/20260617-0336-bb4785/baseline_fp32/000000000117_2.png
baseline_fp32,000000000118,0,a big cat is sitting on a branch in a forest,2.9674,off,14595.6,/content/CS2309.CH201/results/notebook/qsbench_imgs/20260617-0336-bb4785/baseline_fp32/000000000118_0.png
baseline_fp32,000000000118,1,"a small bird is sitting on a branch in a field at night, dark lighting",2.9563,off,14595.6,/content/CS2309.CH201/results/notebook/qsbench_imgs/20260617-0336-bb4785/baseline_fp32/000000000118_1.png
baseline_fp32,000000000118,2,"a small bird is sitting on a branch in a field in winter, covered in snow",2.9489,off,14595.6,/content/CS2309.CH201/results/notebook/qsbench_imgs/20260617-0336-bb4785/baseline_fp32/000000000118_2.png
baseline_fp32,000000000119,0,a woman in white crying on a chair with ghost in the background,2.9385,off,14595.6,/content/CS2309.CH201/results/notebook/qsbench_imgs/20260617-0336-bb4785/baseline_fp32/000000000119_0.png
baseline_fp32,000000000119,1,"a woman in red sitting on a chair with castle in the background at night, dark lighting",2.9314,off,14595.6,/content/CS2309.CH201/results/notebook/qsbench_imgs/20260617-0336-bb4785/baseline_fp32/000000000119_1.png
baseline_fp32,000000000119,2,"a woman in red sitting on a chair with castle in the background in winter, covered in snow",2.9382,off,14595.6,/content/CS2309.CH201/results/notebook/qsbench_imgs/20260617-0336-bb4785/baseline_fp32/000000000119_2.png
baseline_fp32,000000000120,0,woman with pink straight hair and blue eyes,2.9399,off,14595.6,/content/CS2309.CH201/results/notebook/qsbench_imgs/20260617-0336-bb4785/baseline_fp32/000000000120_0.png
baseline_fp32,000000000120,1,"woman with brown hair at night, dark lighting",2.9572,off,14595.6,/content/CS2309.CH201/results/notebook/qsbench_imgs/20260617-0336-bb4785/baseline_fp32/000000000120_1.png
baseline_fp32,000000000120,2,"woman with brown hair in winter, covered in snow",2.9485,off,14595.6,/content/CS2309.CH201/results/notebook/qsbench_imgs/20260617-0336-bb4785/baseline_fp32/000000000120_2.png
baseline_fp32,000000000121,0,oilpainting of pink roses on a branch,2.9323,off,14595.6,/content/CS2309.CH201/results/notebook/qsbench_imgs/20260617-0336-bb4785/baseline_fp32/000000000121_0.png
baseline_fp32,000000000121,1,"watercolor of leaves on a branch at night, dark lighting",2.9475,off,14595.6,/content/CS2309.CH201/results/notebook/qsbench_imgs/20260617-0336-bb4785/baseline_fp32/000000000121_1.png
baseline_fp32,000000000121,2,"watercolor of leaves on a branch in winter, covered in snow",2.9066,off,14595.6,/content/CS2309.CH201/results/notebook/qsbench_imgs/20260617-0336-bb4785/baseline_fp32/000000000121_2.png
baseline_fp32,000000000122,0,a view of the mountains covered in red berries and leaves,2.9049,off,14595.6,/content/CS2309.CH201/results/notebook/qsbench_imgs/20260617-0336-bb4785/baseline_fp32/000000000122_0.png
baseline_fp32,000000000122,1,"a view of the mountains covered in snow at night, dark lighting",2.9377,off,14595.6,/content/CS2309.CH201/results/notebook/qsbench_imgs/20260617-0336-bb4785/baseline_fp32/000000000122_1.png
baseline_fp32,000000000122,2,"a view of the mountains covered in snow in winter, covered in snow",2.9303,off,14595.6,/content/CS2309.CH201/results/notebook/qsbench_imgs/20260617-0336-bb4785/baseline_fp32/000000000122_2.png
baseline_fp32,000000000123,0,red stone buddha statue with diamonds in the temple,2.9307,off,14595.6,/content/CS2309.CH201/results/notebook/qsbench_imgs/20260617-0336-bb4785/baseline_fp32/000000000123_0.png
baseline_fp32,000000000123,1,"gold buddha statue in the temple at night, dark lighting",2.945,off,14595.6,/content/CS2309.CH201/results/notebook/qsbench_imgs/20260617-0336-bb4785/baseline_fp32/000000000123_1.png
baseline_fp32,000000000123,2,"gold buddha statue in the temple in winter, covered in snow",2.9561,off,14595.6,/content/CS2309.CH201/results/notebook/qsbench_imgs/20260617-0336-bb4785/baseline_fp32/000000000123_2.png
baseline_fp32,000000000124,0,the pink sunset and rainbow over the durdle door,2.9429,off,14595.6,/content/CS2309.CH201/results/notebook/qsbench_imgs/20260617-0336-bb4785/baseline_fp32/000000000124_0.png
baseline_fp32,000000000124,1,"the galaxy over the durdle door at night, dark lighting",2.9187,off,14595.6,/content/CS2309.CH201/results/notebook/qsbench_imgs/20260617-0336-bb4785/baseline_fp32/000000000124_1.png
baseline_fp32,000000000124,2,"the galaxy over the durdle door in winter, covered in snow",2.9457,off,14595.6,/content/CS2309.CH201/results/notebook/qsbench_imgs/20260617-0336-bb4785/baseline_fp32/000000000124_2.png
baseline_fp32,000000000125,0,a close up of a blue flower lego on a light background,2.9365,off,14595.6,/content/CS2309.CH201/results/notebook/qsbench_imgs/20260617-0336-bb4785/baseline_fp32/000000000125_0.png
baseline_fp32,000000000125,1,"a close up of a purple flower on a black background at night, dark lighting",2.9245,off,14595.6,/content/CS2309.CH201/results/notebook/qsbench_imgs/20260617-0336-bb4785/baseline_fp32/000000000125_1.png
baseline_fp32,000000000125,2,"a close up of a purple flower on a black background in winter, covered in snow",2.9382,off,14595.6,/content/CS2309.CH201/results/notebook/qsbench_imgs/20260617-0336-bb4785/baseline_fp32/000000000125_2.png
baseline_fp32,000000000126,0,an oil painting of a cat in kitchen,2.9253,off,14595.6,/content/CS2309.CH201/results/notebook/qsbench_imgs/20260617-0336-bb4785/baseline_fp32/000000000126_0.png
baseline_fp32,000000000126,1,"a kitchen at night, dark lighting",2.9552,off,14595.6,/content/CS2309.CH201/results/notebook/qsbench_imgs/20260617-0336-bb4785/baseline_fp32/000000000126_1.png
baseline_fp32,000000000126,2,"a kitchen in winter, covered in snow",2.96,off,14595.6,/content/CS2309.CH201/results/notebook/qsbench_imgs/20260617-0336-bb4785/baseline_fp32/000000000126_2.png
baseline_fp32,000000000127,0,a white boat with boxes is docked on a lake in the sunny day,2.9283,off,14595.6,/content/CS2309.CH201/results/notebook/qsbench_imgs/20260617-0336-bb4785/baseline_fp32/000000000127_0.png
baseline_fp32,000000000127,1,"a boat is docked on a lake in the heavy fog at night, dark lighting",2.9258,off,14595.6,/content/CS2309.CH201/results/notebook/qsbench_imgs/20260617-0336-bb4785/baseline_fp32/000000000127_1.png
baseline_fp32,000000000127,2,"a boat is docked on a lake in the heavy fog in winter, covered in snow",2.9215,off,14595.6,/content/CS2309.CH201/results/notebook/qsbench_imgs/20260617-0336-bb4785/baseline_fp32/000000000127_2.png
baseline_fp32,000000000128,0,watercolor painting of a cat sleeping with pink flowers with a light background,2.9402,off,14595.6,/content/CS2309.CH201/results/notebook/qsbench_imgs/20260617-0336-bb4785/baseline_fp32/000000000128_0.png
baseline_fp32,000000000128,1,"cartoon painting of a fox sleeping with flowers with a gray background at night, dark lighting",2.9341,off,14595.6,/content/CS2309.CH201/results/notebook/qsbench_imgs/20260617-0336-bb4785/baseline_fp32/000000000128_1.png
baseline_fp32,000000000128,2,"cartoon painting of a fox sleeping with flowers with a gray background in winter, covered in snow",2.9364,off,14595.6,/content/CS2309.CH201/results/notebook/qsbench_imgs/20260617-0336-bb4785/baseline_fp32/000000000128_2.png
baseline_fp32,000000000129,0,a woman with blue makeup and a hat,2.9187,off,14595.6,/content/CS2309.CH201/results/notebook/qsbench_imgs/20260617-0336-bb4785/baseline_fp32/000000000129_0.png
baseline_fp32,000000000129,1,"a woman with gold makeup at night, dark lighting",2.8969,off,14595.6,/content/CS2309.CH201/results/notebook/qsbench_imgs/20260617-0336-bb4785/baseline_fp32/000000000129_1.png
baseline_fp32,000000000129,2,"a woman with gold makeup in winter, covered in snow",2.9188,off,14595.6,/content/CS2309.CH201/results/notebook/qsbench_imgs/20260617-0336-bb4785/baseline_fp32/000000000129_2.png
baseline_fp32,000000000130,0,a toy figure of cat sitting on a rock,2.8931,off,14595.6,/content/CS2309.CH201/results/notebook/qsbench_imgs/20260617-0336-bb4785/baseline_fp32/000000000130_0.png
baseline_fp32,000000000130,1,"a toy figure of naruto standing on a table at night, dark lighting",2.8874,off,14595.6,/content/CS2309.CH201/results/notebook/qsbench_imgs/20260617-0336-bb4785/baseline_fp32/000000000130_1.png
baseline_fp32,000000000130,2,"a toy figure of naruto standing on a table in winter, covered in snow",2.8734,off,14595.6,/content/CS2309.CH201/results/notebook/qsbench_imgs/20260617-0336-bb4785/baseline_fp32/000000000130_2.png
baseline_fp32,000000000131,0,a swan swimming in a pool with its wings under the water,2.8981,off,14595.6,/content/CS2309.CH201/results/notebook/qsbench_imgs/20260617-0336-bb4785/baseline_fp32/000000000131_0.png
baseline_fp32,000000000131,1,"a swan swimming in a pond with its head out the water at night, dark lighting",2.8939,off,14595.6,/content/CS2309.CH201/results/notebook/qsbench_imgs/20260617-0336-bb4785/baseline_fp32/000000000131_1.png
baseline_fp32,000000000131,2,"a swan swimming in a pond with its head out the water in winter, covered in snow",2.89,off,14595.6,/content/CS2309.CH201/results/notebook/qsbench_imgs/20260617-0336-bb4785/baseline_fp32/000000000131_2.png
baseline_fp32,000000000132,0,a little girl wearing hat and a gray dress leaning against a wall,2.9083,off,14595.6,/content/CS2309.CH201/results/notebook/qsbench_imgs/20260617-0336-bb4785/baseline_fp32/000000000132_0.png
baseline_fp32,000000000132,1,"a little girl wearing sunglasses and a gray shirt leaning against a wall at night, dark lighting",2.8997,off,14595.6,/content/CS2309.CH201/results/notebook/qsbench_imgs/20260617-0336-bb4785/baseline_fp32/000000000132_1.png
baseline_fp32,000000000132,2,"a little girl wearing sunglasses and a gray shirt leaning against a wall in winter, covered in snow",2.9175,off,14595.6,/content/CS2309.CH201/results/notebook/qsbench_imgs/20260617-0336-bb4785/baseline_fp32/000000000132_2.png
baseline_fp32,000000000133,0,a white dog in the sky with a red background,2.8887,off,14595.6,/content/CS2309.CH201/results/notebook/qsbench_imgs/20260617-0336-bb4785/baseline_fp32/000000000133_0.png
baseline_fp32,000000000133,1,"a lion in the sky with a blue background at night, dark lighting",2.9094,off,14595.6,/content/CS2309.CH201/results/notebook/qsbench_imgs/20260617-0336-bb4785/baseline_fp32/000000000133_1.png
baseline_fp32,000000000133,2,"a lion in the sky with a blue background in winter, covered in snow",2.9021,off,14595.6,/content/CS2309.CH201/results/notebook/qsbench_imgs/20260617-0336-bb4785/baseline_fp32/000000000133_2.png
baseline_fp32,000000000134,0,a red and white chicken flying in the pink sky,2.8978,off,14595.6,/content/CS2309.CH201/results/notebook/qsbench_imgs/20260617-0336-bb4785/baseline_fp32/000000000134_0.png
baseline_fp32,000000000134,1,"a black and white bird flying in the blue sky at night, dark lighting",2.9547,off,14595.6,/content/CS2309.CH201/results/notebook/qsbench_imgs/20260617-0336-bb4785/baseline_fp32/000000000134_1.png
baseline_fp32,000000000134,2,"a black and white bird flying in the blue sky in winter, covered in snow",2.9052,off,14595.6,/content/CS2309.CH201/results/notebook/qsbench_imgs/20260617-0336-bb4785/baseline_fp32/000000000134_2.png
baseline_fp32,000000000135,0,the two old people are sitting on boat with a fish,2.9064,off,14595.6,/content/CS2309.CH201/results/notebook/qsbench_imgs/20260617-0336-bb4785/baseline_fp32/000000000135_0.png
baseline_fp32,000000000135,1,"the two people are standing on rocks with a fish at night, dark lighting",2.9247,off,14595.6,/content/CS2309.CH201/results/notebook/qsbench_imgs/20260617-0336-bb4785/baseline_fp32/000000000135_1.png
baseline_fp32,000000000135,2,"the two people are standing on rocks with a fish in winter, covered in snow",2.961,off,14595.6,/content/CS2309.CH201/results/notebook/qsbench_imgs/20260617-0336-bb4785/baseline_fp32/000000000135_2.png
baseline_fp32,000000000136,0,a blue parrot sitting on a green branch,2.9502,off,14595.6,/content/CS2309.CH201/results/notebook/qsbench_imgs/20260617-0336-bb4785/baseline_fp32/000000000136_0.png
baseline_fp32,000000000136,1,"a yellow bird sitting on a branch at night, dark lighting",2.9469,off,14595.6,/content/CS2309.CH201/results/notebook/qsbench_imgs/20260617-0336-bb4785/baseline_fp32/000000000136_1.png
baseline_fp32,000000000136,2,"a yellow bird sitting on a branch in winter, covered in snow",2.9242,off,14595.6,/content/CS2309.CH201/results/notebook/qsbench_imgs/20260617-0336-bb4785/baseline_fp32/000000000136_2.png
baseline_fp32,000000000137,0,a red pagoda in the heavy rain,2.9448,off,14595.6,/content/CS2309.CH201/results/notebook/qsbench_imgs/20260617-0336-bb4785/baseline_fp32/000000000137_0.png
baseline_fp32,000000000137,1,"a golden pagoda in the snow at night, dark lighting",2.9141,off,14595.6,/content/CS2309.CH201/results/notebook/qsbench_imgs/20260617-0336-bb4785/baseline_fp32/000000000137_1.png
baseline_fp32,000000000137,2,"a golden pagoda in the snow in winter, covered in snow",2.9166,off,14595.6,/content/CS2309.CH201/results/notebook/qsbench_imgs/20260617-0336-bb4785/baseline_fp32/000000000137_2.png
baseline_fp32,000000000138,0,a white cat with a hat,2.9522,off,14595.6,/content/CS2309.CH201/results/notebook/qsbench_imgs/20260617-0336-bb4785/baseline_fp32/000000000138_0.png
baseline_fp32,000000000138,1,"a cat at night, dark lighting",2.9274,off,14595.6,/content/CS2309.CH201/results/notebook/qsbench_imgs/20260617-0336-bb4785/baseline_fp32/000000000138_1.png
baseline_fp32,000000000138,2,"a cat in winter, covered in snow",2.9227,off,14595.6,/content/CS2309.CH201/results/notebook/qsbench_imgs/20260617-0336-bb4785/baseline_fp32/000000000138_2.png
baseline_fp32,000000000139,0,a chicken sitting on a board near water,2.9185,off,14595.6,/content/CS2309.CH201/results/notebook/qsbench_imgs/20260617-0336-bb4785/baseline_fp32/000000000139_0.png
baseline_fp32,000000000139,1,"a duck standing on a rock near water at night, dark lighting",2.9256,off,14595.6,/content/CS2309.CH201/results/notebook/qsbench_imgs/20260617-0336-bb4785/baseline_fp32/000000000139_1.png
baseline_fp32,000000000139,2,"a duck standing on a rock near water in winter, covered in snow",2.919,off,14595.6,/content/CS2309.CH201/results/notebook/qsbench_imgs/20260617-0336-bb4785/baseline_fp32/000000000139_2.png
baseline_fp32,111000000000,0,sharks and flowers in the ocean,2.9001,off,14595.6,/content/CS2309.CH201/results/notebook/qsbench_imgs/20260617-0336-bb4785/baseline_fp32/111000000000_0.png
baseline_fp32,111000000000,1,"fishes and kelp in the ocean at night, dark lighting",2.8932,off,14595.6,/content/CS2309.CH201/results/notebook/qsbench_imgs/20260617-0336-bb4785/baseline_fp32/111000000000_1.png
baseline_fp32,111000000000,2,"fishes and kelp in the ocean in winter, covered in snow",2.895,off,14595.6,/content/CS2309.CH201/results/notebook/qsbench_imgs/20260617-0336-bb4785/baseline_fp32/111000000000_2.png
baseline_fp32,111000000001,0,a tiger wearing a pink scarf,2.8999,off,14595.6,/content/CS2309.CH201/results/notebook/qsbench_imgs/20260617-0336-bb4785/baseline_fp32/111000000001_0.png
baseline_fp32,111000000001,1,"a cat wearing a pink hat at night, dark lighting",2.9146,off,14595.6,/content/CS2309.CH201/results/notebook/qsbench_imgs/20260617-0336-bb4785/baseline_fp32/111000000001_1.png
baseline_fp32,111000000001,2,"a cat wearing a pink hat in winter, covered in snow",2.9133,off,14595.6,/content/CS2309.CH201/results/notebook/qsbench_imgs/20260617-0336-bb4785/baseline_fp32/111000000001_2.png
baseline_fp32,111000000002,0,a cute little marmot with big mouth,2.8889,off,14595.6,/content/CS2309.CH201/results/notebook/qsbench_imgs/20260617-0336-bb4785/baseline_fp32/111000000002_0.png
baseline_fp32,111000000002,1,"a cute little duck with big eyes at night, dark lighting",2.9154,off,14595.6,/content/CS2309.CH201/results/notebook/qsbench_imgs/20260617-0336-bb4785/baseline_fp32/111000000002_1.png
baseline_fp32,111000000002,2,"a cute little duck with big eyes in winter, covered in snow",2.9062,off,14595.6,/content/CS2309.CH201/results/notebook/qsbench_imgs/20260617-0336-bb4785/baseline_fp32/111000000002_2.png
baseline_fp32,111000000003,0,a cute little pig with big ears,2.9033,off,14595.6,/content/CS2309.CH201/results/notebook/qsbench_imgs/20260617-0336-bb4785/baseline_fp32/111000000003_0.png
baseline_fp32,111000000003,1,"a cute little bunny with big eyes at night, dark lighting",2.9354,off,14595.6,/content/CS2309.CH201/results/notebook/qsbench_imgs/20260617-0336-bb4785/baseline_fp32/111000000003_1.png
baseline_fp32,111000000003,2,"a cute little bunny with big eyes in winter, covered in snow",2.9156,off,14595.6,/content/CS2309.CH201/results/notebook/qsbench_imgs/20260617-0336-bb4785/baseline_fp32/111000000003_2.png
baseline_fp32,111000000004,0,a cartoon painting of a cute cat with a circle on its body,2.8854,off,14595.6,/content/CS2309.CH201/results/notebook/qsbench_imgs/20260617-0336-bb4785/baseline_fp32/111000000004_0.png
baseline_fp32,111000000004,1,"a cartoon painting of a cute owl with a heart on its body at night, dark lighting",2.9112,off,14595.6,/content/CS2309.CH201/results/notebook/qsbench_imgs/20260617-0336-bb4785/baseline_fp32/111000000004_1.png
baseline_fp32,111000000004,2,"a cartoon painting of a cute owl with a heart on its body in winter, covered in snow",2.9031,off,14595.6,/content/CS2309.CH201/results/notebook/qsbench_imgs/20260617-0336-bb4785/baseline_fp32/111000000004_2.png
baseline_fp32,111000000005,0,a boy and his monkey in a field,2.9034,off,14595.6,/content/CS2309.CH201/results/notebook/qsbench_imgs/20260617-0336-bb4785/baseline_fp32/111000000005_0.png
baseline_fp32,111000000005,1,"a girl and her dog in a field at night, dark lighting",2.921,off,14595.6,/content/CS2309.CH201/results/notebook/qsbench_imgs/20260617-0336-bb4785/baseline_fp32/111000000005_1.png
baseline_fp32,111000000005,2,"a girl and her dog in a field in winter, covered in snow",2.8877,off,14595.6,/content/CS2309.CH201/results/notebook/qsbench_imgs/20260617-0336-bb4785/baseline_fp32/111000000005_2.png
baseline_fp32,111000000006,0,dog on the table at night,2.8825,off,14595.6,/content/CS2309.CH201/results/notebook/qsbench_imgs/20260617-0336-bb4785/baseline_fp32/111000000006_0.png
baseline_fp32,111000000006,1,"cat on the roof at night at night, dark lighting",2.8583,off,14595.6,/content/CS2309.CH201/results/notebook/qsbench_imgs/20260617-0336-bb4785/baseline_fp32/111000000006_1.png
baseline_fp32,111000000006,2,"cat on the roof at night in winter, covered in snow",2.8825,off,14595.6,/content/CS2309.CH201/results/notebook/qsbench_imgs/20260617-0336-bb4785/baseline_fp32/111000000006_2.png
baseline_fp32,111000000007,0,an illustration of a bear sitting on top of a grass,2.9145,off,14595.6,/content/CS2309.CH201/results/notebook/qsbench_imgs/20260617-0336-bb4785/baseline_fp32/111000000007_0.png
baseline_fp32,111000000007,1,"an illustration of a cat sitting on top of a rock at night, dark lighting",2.9223,off,14595.6,/content/CS2309.CH201/results/notebook/qsbench_imgs/20260617-0336-bb4785/baseline_fp32/111000000007_1.png
baseline_fp32,111000000007,2,"an illustration of a cat sitting on top of a rock in winter, covered in snow",2.9042,off,14595.6,/content/CS2309.CH201/results/notebook/qsbench_imgs/20260617-0336-bb4785/baseline_fp32/111000000007_2.png
baseline_fp32,111000000008,0,a man wearing colorful sunglasses,2.9027,off,14595.6,/content/CS2309.CH201/results/notebook/qsbench_imgs/20260617-0336-bb4785/baseline_fp32/111000000008_0.png
baseline_fp32,111000000008,1,"a monkey wearing colorful goggles at night, dark lighting",2.9201,off,14595.6,/content/CS2309.CH201/results/notebook/qsbench_imgs/20260617-0336-bb4785/baseline_fp32/111000000008_1.png
baseline_fp32,111000000008,2,"a monkey wearing colorful goggles in winter, covered in snow",2.9023,off,14595.6,/content/CS2309.CH201/results/notebook/qsbench_imgs/20260617-0336-bb4785/baseline_fp32/111000000008_2.png
baseline_fp32,111000000009,0,a painting of a pig with red tail,2.8959,off,14595.6,/content/CS2309.CH201/results/notebook/qsbench_imgs/20260617-0336-bb4785/baseline_fp32/111000000009_0.png
baseline_fp32,111000000009,1,"a painting of a rat with red eyes at night, dark lighting",2.9149,off,14595.6,/content/CS2309.CH201/results/notebook/qsbench_imgs/20260617-0336-bb4785/baseline_fp32/111000000009_1.png
baseline_fp32,111000000009,2,"a painting of a rat with red eyes in winter, covered in snow",2.9032,off,14595.6,/content/CS2309.CH201/results/notebook/qsbench_imgs/20260617-0336-bb4785/baseline_fp32/111000000009_2.png
baseline_fp32,112000000000,0,a painting of a man in green shirts,2.9171,off,14595.6,/content/CS2309.CH201/results/notebook/qsbench_imgs/20260617-0336-bb4785/baseline_fp32/112000000000_0.png
baseline_fp32,112000000000,1,"a painting of a woman in green dress at night, dark lighting",2.8777,off,14595.6,/content/CS2309.CH201/results/notebook/qsbench_imgs/20260617-0336-bb4785/baseline_fp32/112000000000_1.png
baseline_fp32,112000000000,2,"a painting of a woman in green dress in winter, covered in snow",2.9171,off,14595.6,/content/CS2309.CH201/results/notebook/qsbench_imgs/20260617-0336-bb4785/baseline_fp32/112000000000_2.png
baseline_fp32,112000000001,0,a beautiful woman with pink coat and hat on head,2.8899,off,14595.6,/content/CS2309.CH201/results/notebook/qsbench_imgs/20260617-0336-bb4785/baseline_fp32/112000000001_0.png
baseline_fp32,112000000001,1,"a beautiful woman with pink dress and garland on head at night, dark lighting",2.9019,off,14595.6,/content/CS2309.CH201/results/notebook/qsbench_imgs/20260617-0336-bb4785/baseline_fp32/112000000001_1.png
baseline_fp32,112000000001,2,"a beautiful woman with pink dress and garland on head in winter, covered in snow",2.9188,off,14595.6,/content/CS2309.CH201/results/notebook/qsbench_imgs/20260617-0336-bb4785/baseline_fp32/112000000001_2.png
baseline_fp32,112000000002,0,cartoon girl driving a taxi,2.8963,off,14595.6,/content/CS2309.CH201/results/notebook/qsbench_imgs/20260617-0336-bb4785/baseline_fp32/112000000002_0.png
baseline_fp32,112000000002,1,"cartoon boy driving a car at night, dark lighting",2.8999,off,14595.6,/content/CS2309.CH201/results/notebook/qsbench_imgs/20260617-0336-bb4785/baseline_fp32/112000000002_1.png
baseline_fp32,112000000002,2,"cartoon boy driving a car in winter, covered in snow",2.9128,off,14595.6,/content/CS2309.CH201/results/notebook/qsbench_imgs/20260617-0336-bb4785/baseline_fp32/112000000002_2.png
baseline_fp32,112000000003,0,a girl with black hair and a white pants is holding a coffee,2.9083,off,14595.6,/content/CS2309.CH201/results/notebook/qsbench_imgs/20260617-0336-bb4785/baseline_fp32/112000000003_0.png
baseline_fp32,112000000003,1,"a girl with black hair and a white shirt is holding a phone at night, dark lighting",2.9206,off,14595.6,/content/CS2309.CH201/results/notebook/qsbench_imgs/20260617-0336-bb4785/baseline_fp32/112000000003_1.png
baseline_fp32,112000000003,2,"a girl with black hair and a white shirt is holding a phone in winter, covered in snow",2.863,off,14595.6,/content/CS2309.CH201/results/notebook/qsbench_imgs/20260617-0336-bb4785/baseline_fp32/112000000003_2.png
baseline_fp32,112000000004,0,a cartoon boy sitting on a box,2.9151,off,14595.6,/content/CS2309.CH201/results/notebook/qsbench_imgs/20260617-0336-bb4785/baseline_fp32/112000000004_0.png
baseline_fp32,112000000004,1,"a cartoon girl sitting on a backpack at night, dark lighting",2.9232,off,14595.6,/content/CS2309.CH201/results/notebook/qsbench_imgs/20260617-0336-bb4785/baseline_fp32/112000000004_1.png
baseline_fp32,112000000004,2,"a cartoon girl sitting on a backpack in winter, covered in snow",2.9349,off,14595.6,/content/CS2309.CH201/results/notebook/qsbench_imgs/20260617-0336-bb4785/baseline_fp32/112000000004_2.png
baseline_fp32,112000000005,0,a man standing under beautiful moon in the snow,2.9203,off,14595.6,/content/CS2309.CH201/results/notebook/qsbench_imgs/20260617-0336-bb4785/baseline_fp32/112000000005_0.png
baseline_fp32,112000000005,1,"a woman standing under street light in the snow at night, dark lighting",2.9071,off,14595.6,/content/CS2309.CH201/results/notebook/qsbench_imgs/20260617-0336-bb4785/baseline_fp32/112000000005_1.png
baseline_fp32,112000000005,2,"a woman standing under street light in the snow in winter, covered in snow",2.9332,off,14595.6,/content/CS2309.CH201/results/notebook/qsbench_imgs/20260617-0336-bb4785/baseline_fp32/112000000005_2.png
baseline_fp32,112000000006,0,a cartoon man sitting at a bench with notebook,2.9076,off,14595.6,/content/CS2309.CH201/results/notebook/qsbench_imgs/20260617-0336-bb4785/baseline_fp32/112000000006_0.png
baseline_fp32,112000000006,1,"a cartoon man sitting at a desk with laptop at night, dark lighting",2.9269,off,14595.6,/content/CS2309.CH201/results/notebook/qsbench_imgs/20260617-0336-bb4785/baseline_fp32/112000000006_1.png
baseline_fp32,112000000006,2,"a cartoon man sitting at a desk with laptop in winter, covered in snow",2.9238,off,14595.6,/content/CS2309.CH201/results/notebook/qsbench_imgs/20260617-0336-bb4785/baseline_fp32/112000000006_2.png
baseline_fp32,112000000007,0,a woman with a scarf and crown in her hair,2.92,off,14595.6,/content/CS2309.CH201/results/notebook/qsbench_imgs/20260617-0336-bb4785/baseline_fp32/112000000007_0.png
baseline_fp32,112000000007,1,"a woman with a mask and flowers in her hair at night, dark lighting",2.9253,off,14595.6,/content/CS2309.CH201/results/notebook/qsbench_imgs/20260617-0336-bb4785/baseline_fp32/112000000007_1.png
baseline_fp32,112000000007,2,"a woman with a mask and flowers in her hair in winter, covered in snow",2.9261,off,14595.6,/content/CS2309.CH201/results/notebook/qsbench_imgs/20260617-0336-bb4785/baseline_fp32/112000000007_2.png
baseline_fp32,112000000008,0,a painting of two man walking on the grass,2.9215,off,14595.6,/content/CS2309.CH201/results/notebook/qsbench_imgs/20260617-0336-bb4785/baseline_fp32/112000000008_0.png
baseline_fp32,112000000008,1,"a painting of two women walking on the beach at night, dark lighting",2.9201,off,14595.6,/content/CS2309.CH201/results/notebook/qsbench_imgs/20260617-0336-bb4785/baseline_fp32/112000000008_1.png
baseline_fp32,112000000008,2,"a painting of two women walking on the beach in winter, covered in snow",2.9224,off,14595.6,/content/CS2309.CH201/results/notebook/qsbench_imgs/20260617-0336-bb4785/baseline_fp32/112000000008_2.png
baseline_fp32,112000000009,0,an demon with swords and a golden light,2.9364,off,14595.6,/content/CS2309.CH201/results/notebook/qsbench_imgs/20260617-0336-bb4785/baseline_fp32/112000000009_0.png
baseline_fp32,112000000009,1,"an angel with wings and a golden light at night, dark lighting",2.9334,off,14595.6,/content/CS2309.CH201/results/notebook/qsbench_imgs/20260617-0336-bb4785/baseline_fp32/112000000009_1.png
baseline_fp32,112000000009,2,"an angel with wings and a golden light in winter, covered in snow",2.936,off,14595.6,/content/CS2309.CH201/results/notebook/qsbench_imgs/20260617-0336-bb4785/baseline_fp32/112000000009_2.png
baseline_fp32,113000000000,0,a gold plated plate filled with candy,2.917,off,14595.6,/content/CS2309.CH201/results/notebook/qsbench_imgs/20260617-0336-bb4785/baseline_fp32/113000000000_0.png
baseline_fp32,113000000000,1,"a gold plated bowl filled with fruit at night, dark lighting",2.9187,off,14595.6,/content/CS2309.CH201/results/notebook/qsbench_imgs/20260617-0336-bb4785/baseline_fp32/113000000000_1.png
baseline_fp32,113000000000,2,"a gold plated bowl filled with fruit in winter, covered in snow",2.8959,off,14595.6,/content/CS2309.CH201/results/notebook/qsbench_imgs/20260617-0336-bb4785/baseline_fp32/113000000000_2.png
baseline_fp32,113000000001,0,a pear on the floor,2.909,off,14595.6,/content/CS2309.CH201/results/notebook/qsbench_imgs/20260617-0336-bb4785/baseline_fp32/113000000001_0.png
baseline_fp32,113000000001,1,"a pepper on the table at night, dark lighting",2.9124,off,14595.6,/content/CS2309.CH201/results/notebook/qsbench_imgs/20260617-0336-bb4785/baseline_fp32/113000000001_1.png
baseline_fp32,113000000001,2,"a pepper on the table in winter, covered in snow",2.9158,off,14595.6,/content/CS2309.CH201/results/notebook/qsbench_imgs/20260617-0336-bb4785/baseline_fp32/113000000001_2.png
baseline_fp32,113000000002,0,a plant sitting on a board near a window,2.9224,off,14595.6,/content/CS2309.CH201/results/notebook/qsbench_imgs/20260617-0336-bb4785/baseline_fp32/113000000002_0.png
baseline_fp32,113000000002,1,"a vase sitting on a table near a window at night, dark lighting",2.9275,off,14595.6,/content/CS2309.CH201/results/notebook/qsbench_imgs/20260617-0336-bb4785/baseline_fp32/113000000002_1.png
baseline_fp32,113000000002,2,"a vase sitting on a table near a window in winter, covered in snow",2.9099,off,14595.6,/content/CS2309.CH201/results/notebook/qsbench_imgs/20260617-0336-bb4785/baseline_fp32/113000000002_2.png
baseline_fp32,113000000003,0,a icecream with a pink and blue stons,2.9334,off,14595.6,/content/CS2309.CH201/results/notebook/qsbench_imgs/20260617-0336-bb4785/baseline_fp32/113000000003_0.png
baseline_fp32,113000000003,1,"a cake with a pink and blue icing at night, dark lighting",2.9364,off,14595.6,/content/CS2309.CH201/results/notebook/qsbench_imgs/20260617-0336-bb4785/baseline_fp32/113000000003_1.png
baseline_fp32,113000000003,2,"a cake with a pink and blue icing in winter, covered in snow",2.9459,off,14595.6,/content/CS2309.CH201/results/notebook/qsbench_imgs/20260617-0336-bb4785/baseline_fp32/113000000003_2.png
baseline_fp32,113000000004,0,a dog and frog in a fish bowl,2.9084,off,14595.6,/content/CS2309.CH201/results/notebook/qsbench_imgs/20260617-0336-bb4785/baseline_fp32/113000000004_0.png
baseline_fp32,113000000004,1,"a cat and fish in a fish bowl at night, dark lighting",2.9184,off,14595.6,/content/CS2309.CH201/results/notebook/qsbench_imgs/20260617-0336-bb4785/baseline_fp32/113000000004_1.png
baseline_fp32,113000000004,2,"a cat and fish in a fish bowl in winter, covered in snow",2.933,off,14595.6,/content/CS2309.CH201/results/notebook/qsbench_imgs/20260617-0336-bb4785/baseline_fp32/113000000004_2.png
baseline_fp32,113000000005,0,a sofa and umbrella,2.8951,off,14595.6,/content/CS2309.CH201/results/notebook/qsbench_imgs/20260617-0336-bb4785/baseline_fp32/113000000005_0.png
baseline_fp32,113000000005,1,"a chair and lamp at night, dark lighting",2.9439,off,14595.6,/content/CS2309.CH201/results/notebook/qsbench_imgs/20260617-0336-bb4785/baseline_fp32/113000000005_1.png
baseline_fp32,113000000005,2,"a chair and lamp in winter, covered in snow",2.9278,off,14595.6,/content/CS2309.CH201/results/notebook/qsbench_imgs/20260617-0336-bb4785/baseline_fp32/113000000005_2.png
baseline_fp32,113000000006,0,a woman's hands is framed in a large painting on a wall,2.94,off,14595.6,/content/CS2309.CH201/results/notebook/qsbench_imgs/20260617-0336-bb4785/baseline_fp32/113000000006_0.png
baseline_fp32,113000000006,1,"a woman's face is framed in a large photo on a wall at night, dark lighting",2.9279,off,14595.6,/content/CS2309.CH201/results/notebook/qsbench_imgs/20260617-0336-bb4785/baseline_fp32/113000000006_1.png
baseline_fp32,113000000006,2,"a woman's face is framed in a large photo on a wall in winter, covered in snow",2.9193,off,14595.6,/content/CS2309.CH201/results/notebook/qsbench_imgs/20260617-0336-bb4785/baseline_fp32/113000000006_2.png
baseline_fp32,113000000007,0,a gold potted flower on a wooden bench,2.9476,off,14595.6,/content/CS2309.CH201/results/notebook/qsbench_imgs/20260617-0336-bb4785/baseline_fp32/113000000007_0.png
baseline_fp32,113000000007,1,"a gold potted plant on a wooden table at night, dark lighting",2.9087,off,14595.6,/content/CS2309.CH201/results/notebook/qsbench_imgs/20260617-0336-bb4785/baseline_fp32/113000000007_1.png
baseline_fp32,113000000007,2,"a gold potted plant on a wooden table in winter, covered in snow",2.9063,off,14595.6,/content/CS2309.CH201/results/notebook/qsbench_imgs/20260617-0336-bb4785/baseline_fp32/113000000007_2.png
baseline_fp32,113000000008,0,a cake and saucer with a teaspoon and a knife,2.9244,off,14595.6,/content/CS2309.CH201/results/notebook/qsbench_imgs/20260617-0336-bb4785/baseline_fp32/113000000008_0.png
baseline_fp32,113000000008,1,"a teacup and saucer with a spoon and a fork at night, dark lighting",2.9361,off,14595.6,/content/CS2309.CH201/results/notebook/qsbench_imgs/20260617-0336-bb4785/baseline_fp32/113000000008_1.png
baseline_fp32,113000000008,2,"a teacup and saucer with a spoon and a fork in winter, covered in snow",2.9091,off,14595.6,/content/CS2309.CH201/results/notebook/qsbench_imgs/20260617-0336-bb4785/baseline_fp32/113000000008_2.png
baseline_fp32,113000000009,0,a vase with roses and apples on a table,2.9293,off,14595.6,/content/CS2309.CH201/results/notebook/qsbench_imgs/20260617-0336-bb4785/baseline_fp32/113000000009_0.png
baseline_fp32,113000000009,1,"a vase with sunflowers and pears on a table at night, dark lighting",2.9419,off,14595.6,/content/CS2309.CH201/results/notebook/qsbench_imgs/20260617-0336-bb4785/baseline_fp32/113000000009_1.png
baseline_fp32,113000000009,2,"a vase with sunflowers and pears on a table in winter, covered in snow",2.9614,off,14595.6,/content/CS2309.CH201/results/notebook/qsbench_imgs/20260617-0336-bb4785/baseline_fp32/113000000009_2.png
baseline_fp32,114000000000,0,"stars, birds, and a sun over the ocean",2.9418,off,14595.6,/content/CS2309.CH201/results/notebook/qsbench_imgs/20260617-0336-bb4785/baseline_fp32/114000000000_0.png
baseline_fp32,114000000000,1,"stars, coulds, and a moon over the ocean at night, dark lighting",2.9399,off,14595.6,/content/CS2309.CH201/results/notebook/qsbench_imgs/20260617-0336-bb4785/baseline_fp32/114000000000_1.png
baseline_fp32,114000000000,2,"stars, coulds, and a moon over the ocean in winter, covered in snow",2.9352,off,14595.6,/content/CS2309.CH201/results/notebook/qsbench_imgs/20260617-0336-bb4785/baseline_fp32/114000000000_2.png
baseline_fp32,114000000001,0,a cartoon rabbit playing tennis on a green field,2.8989,off,14595.6,/content/CS2309.CH201/results/notebook/qsbench_imgs/20260617-0336-bb4785/baseline_fp32/114000000001_0.png
baseline_fp32,114000000001,1,"a cartoon bear playing golf on a green field at night, dark lighting",2.8942,off,14595.6,/content/CS2309.CH201/results/notebook/qsbench_imgs/20260617-0336-bb4785/baseline_fp32/114000000001_1.png
baseline_fp32,114000000001,2,"a cartoon bear playing golf on a green field in winter, covered in snow",2.9212,off,14595.6,/content/CS2309.CH201/results/notebook/qsbench_imgs/20260617-0336-bb4785/baseline_fp32/114000000001_2.png
baseline_fp32,114000000002,0,a painting of a church and clouds in the middle of a lake,2.9071,off,14595.6,/content/CS2309.CH201/results/notebook/qsbench_imgs/20260617-0336-bb4785/baseline_fp32/114000000002_0.png
baseline_fp32,114000000002,1,"a painting of a castle and trees in the middle of a lake at night, dark lighting",2.8903,off,14595.6,/content/CS2309.CH201/results/notebook/qsbench_imgs/20260617-0336-bb4785/baseline_fp32/114000000002_1.png
baseline_fp32,114000000002,2,"a painting of a castle and trees in the middle of a lake in winter, covered in snow",2.9354,off,14595.6,/content/CS2309.CH201/results/notebook/qsbench_imgs/20260617-0336-bb4785/baseline_fp32/114000000002_2.png
baseline_fp32,114000000003,0,a motorcycle with colorful wheels is parked on the street,2.9064,off,14595.6,/content/CS2309.CH201/results/notebook/qsbench_imgs/20260617-0336-bb4785/baseline_fp32/114000000003_0.png
baseline_fp32,114000000003,1,"a car with colorful car cover is parked on the street at night, dark lighting",2.9126,off,14595.6,/content/CS2309.CH201/results/notebook/qsbench_imgs/20260617-0336-bb4785/baseline_fp32/114000000003_1.png
baseline_fp32,114000000003,2,"a car with colorful car cover is parked on the street in winter, covered in snow",2.9195,off,14595.6,/content/CS2309.CH201/results/notebook/qsbench_imgs/20260617-0336-bb4785/baseline_fp32/114000000003_2.png
baseline_fp32,114000000004,0,a blue box with a reflection of ship in the water,2.9326,off,14595.6,/content/CS2309.CH201/results/notebook/qsbench_imgs/20260617-0336-bb4785/baseline_fp32/114000000004_0.png
baseline_fp32,114000000004,1,"a blue pyramid with a reflection of mountains in the water at night, dark lighting",2.9003,off,14595.6,/content/CS2309.CH201/results/notebook/qsbench_imgs/20260617-0336-bb4785/baseline_fp32/114000000004_1.png
baseline_fp32,114000000004,2,"a blue pyramid with a reflection of mountains in the water in winter, covered in snow",2.9275,off,14595.6,/content/CS2309.CH201/results/notebook/qsbench_imgs/20260617-0336-bb4785/baseline_fp32/114000000004_2.png
baseline_fp32,114000000005,0,a monster and cats in the woods,2.887,off,14595.6,/content/CS2309.CH201/results/notebook/qsbench_imgs/20260617-0336-bb4785/baseline_fp32/114000000005_0.png
baseline_fp32,114000000005,1,"a house and people in the woods at night, dark lighting",2.8804,off,14595.6,/content/CS2309.CH201/results/notebook/qsbench_imgs/20260617-0336-bb4785/baseline_fp32/114000000005_1.png
baseline_fp32,114000000005,2,"a house and people in the woods in winter, covered in snow",2.9159,off,14595.6,/content/CS2309.CH201/results/notebook/qsbench_imgs/20260617-0336-bb4785/baseline_fp32/114000000005_2.png
baseline_fp32,114000000006,0,a small castle on an island in the middle of magma,2.8867,off,14595.6,/content/CS2309.CH201/results/notebook/qsbench_imgs/20260617-0336-bb4785/baseline_fp32/114000000006_0.png
baseline_fp32,114000000006,1,"a small cabin on an island in the middle of lake at night, dark lighting",2.8654,off,14595.6,/content/CS2309.CH201/results/notebook/qsbench_imgs/20260617-0336-bb4785/baseline_fp32/114000000006_1.png
baseline_fp32,114000000006,2,"a small cabin on an island in the middle of lake in winter, covered in snow",2.8912,off,14595.6,/content/CS2309.CH201/results/notebook/qsbench_imgs/20260617-0336-bb4785/baseline_fp32/114000000006_2.png
baseline_fp32,114000000007,0,a woman in a coat standing in front of a eagle,2.8902,off,14595.6,/content/CS2309.CH201/results/notebook/qsbench_imgs/20260617-0336-bb4785/baseline_fp32/114000000007_0.png
baseline_fp32,114000000007,1,"a woman in a dress standing in front of a spaceship at night, dark lighting",2.9396,off,14595.6,/content/CS2309.CH201/results/notebook/qsbench_imgs/20260617-0336-bb4785/baseline_fp32/114000000007_1.png
baseline_fp32,114000000007,2,"a woman in a dress standing in front of a spaceship in winter, covered in snow",2.8671,off,14595.6,/content/CS2309.CH201/results/notebook/qsbench_imgs/20260617-0336-bb4785/baseline_fp32/114000000007_2.png
baseline_fp32,114000000008,0,a futuristic city with rocket and cats walking in the street,2.9188,off,14595.6,/content/CS2309.CH201/results/notebook/qsbench_imgs/20260617-0336-bb4785/baseline_fp32/114000000008_0.png
baseline_fp32,114000000008,1,"a futuristic city with cars and people walking in the street at night, dark lighting",2.9195,off,14595.6,/content/CS2309.CH201/results/notebook/qsbench_imgs/20260617-0336-bb4785/baseline_fp32/114000000008_1.png
baseline_fp32,114000000008,2,"a futuristic city with cars and people walking in the street in winter, covered in snow",2.928,off,14595.6,/content/CS2309.CH201/results/notebook/qsbench_imgs/20260617-0336-bb4785/baseline_fp32/114000000008_2.png
baseline_fp32,114000000009,0,the jungle with a star river and flowers,2.9303,off,14595.6,/content/CS2309.CH201/results/notebook/qsbench_imgs/20260617-0336-bb4785/baseline_fp32/114000000009_0.png
baseline_fp32,114000000009,1,"the jungle with a beautiful waterfall and plants at night, dark lighting",2.9404,off,14595.6,/content/CS2309.CH201/results/notebook/qsbench_imgs/20260617-0336-bb4785/baseline_fp32/114000000009_1.png
baseline_fp32,114000000009,2,"the jungle with a beautiful waterfall and plants in winter, covered in snow",2.9389,off,14595.6,/content/CS2309.CH201/results/notebook/qsbench_imgs/20260617-0336-bb4785/baseline_fp32/114000000009_2.png
baseline_fp32,121000000000,0,an orange dog play with a black and white ball in the grass,2.8936,off,14595.6,/content/CS2309.CH201/results/notebook/qsbench_imgs/20260617-0336-bb4785/baseline_fp32/121000000000_0.png
baseline_fp32,121000000000,1,"an orange cat play with a black and white cat in the grass at night, dark lighting",2.9192,off,14595.6,/content/CS2309.CH201/results/notebook/qsbench_imgs/20260617-0336-bb4785/baseline_fp32/121000000000_1.png
baseline_fp32,121000000000,2,"an orange cat play with a black and white cat in the grass in winter, covered in snow",2.9314,off,14595.6,/content/CS2309.CH201/results/notebook/qsbench_imgs/20260617-0336-bb4785/baseline_fp32/121000000000_2.png
baseline_fp32,121000000001,0,a tiger sitting next to a window,2.9222,off,14595.6,/content/CS2309.CH201/results/notebook/qsbench_imgs/20260617-0336-bb4785/baseline_fp32/121000000001_0.png
baseline_fp32,121000000001,1,"a cat sitting next to a mirror at night, dark lighting",2.9328,off,14595.6,/content/CS2309.CH201/results/notebook/qsbench_imgs/20260617-0336-bb4785/baseline_fp32/121000000001_1.png
baseline_fp32,121000000001,2,"a cat sitting next to a mirror in winter, covered in snow",2.9266,off,14595.6,/content/CS2309.CH201/results/notebook/qsbench_imgs/20260617-0336-bb4785/baseline_fp32/121000000001_2.png
baseline_fp32,121000000002,0,a zebra with long tail in a grass field,2.9187,off,14595.6,/content/CS2309.CH201/results/notebook/qsbench_imgs/20260617-0336-bb4785/baseline_fp32/121000000002_0.png
baseline_fp32,121000000002,1,"a horse with long hair in a grass field at night, dark lighting",2.9626,off,14595.6,/content/CS2309.CH201/results/notebook/qsbench_imgs/20260617-0336-bb4785/baseline_fp32/121000000002_1.png
baseline_fp32,121000000002,2,"a horse with long hair in a grass field in winter, covered in snow",2.9624,off,14595.6,/content/CS2309.CH201/results/notebook/qsbench_imgs/20260617-0336-bb4785/baseline_fp32/121000000002_2.png
baseline_fp32,121000000003,0,a white rat is walking on the grass,2.9329,off,14595.6,/content/CS2309.CH201/results/notebook/qsbench_imgs/20260617-0336-bb4785/baseline_fp32/121000000003_0.png
baseline_fp32,121000000003,1,"a white bulldog is walking on the grass at night, dark lighting",2.9406,off,14595.6,/content/CS2309.CH201/results/notebook/qsbench_imgs/20260617-0336-bb4785/baseline_fp32/121000000003_1.png
baseline_fp32,121000000003,2,"a white bulldog is walking on the grass in winter, covered in snow",2.9116,off,14595.6,/content/CS2309.CH201/results/notebook/qsbench_imgs/20260617-0336-bb4785/baseline_fp32/121000000003_2.png
baseline_fp32,121000000004,0,a blue and white butterfly sits on a flower,2.9301,off,14595.6,/content/CS2309.CH201/results/notebook/qsbench_imgs/20260617-0336-bb4785/baseline_fp32/121000000004_0.png
baseline_fp32,121000000004,1,"a blue and white bird sits on a branch at night, dark lighting",2.921,off,14595.6,/content/CS2309.CH201/results/notebook/qsbench_imgs/20260617-0336-bb4785/baseline_fp32/121000000004_1.png
baseline_fp32,121000000004,2,"a blue and white bird sits on a branch in winter, covered in snow",2.9014,off,14595.6,/content/CS2309.CH201/results/notebook/qsbench_imgs/20260617-0336-bb4785/baseline_fp32/121000000004_2.png
baseline_fp32,121000000005,0,a rabbit is sitting on top of a wooden desk,2.9317,off,14595.6,/content/CS2309.CH201/results/notebook/qsbench_imgs/20260617-0336-bb4785/baseline_fp32/121000000005_0.png
baseline_fp32,121000000005,1,"a squirrel is sitting on top of a wooden fence at night, dark lighting",2.9216,off,14595.6,/content/CS2309.CH201/results/notebook/qsbench_imgs/20260617-0336-bb4785/baseline_fp32/121000000005_1.png
baseline_fp32,121000000005,2,"a squirrel is sitting on top of a wooden fence in winter, covered in snow",2.9059,off,14595.6,/content/CS2309.CH201/results/notebook/qsbench_imgs/20260617-0336-bb4785/baseline_fp32/121000000005_2.png
baseline_fp32,121000000006,0,a wolf sitting on the board with a body of water in the background,2.9084,off,14595.6,/content/CS2309.CH201/results/notebook/qsbench_imgs/20260617-0336-bb4785/baseline_fp32/121000000006_0.png
baseline_fp32,121000000006,1,"a dog sitting on the beach with a body of water in the background at night, dark lighting",2.9067,off,14595.6,/content/CS2309.CH201/results/notebook/qsbench_imgs/20260617-0336-bb4785/baseline_fp32/121000000006_1.png
baseline_fp32,121000000006,2,"a dog sitting on the beach with a body of water in the background in winter, covered in snow",2.9151,off,14595.6,/content/CS2309.CH201/results/notebook/qsbench_imgs/20260617-0336-bb4785/baseline_fp32/121000000006_2.png
baseline_fp32,121000000007,0,a fluffy panda with yellow mouth sitting on a wooden floor,2.9079,off,14595.6,/content/CS2309.CH201/results/notebook/qsbench_imgs/20260617-0336-bb4785/baseline_fp32/121000000007_0.png
baseline_fp32,121000000007,1,"a fluffy cat with yellow eyes sitting on a wooden floor at night, dark lighting",2.8966,off,14595.6,/content/CS2309.CH201/results/notebook/qsbench_imgs/20260617-0336-bb4785/baseline_fp32/121000000007_1.png
baseline_fp32,121000000007,2,"a fluffy cat with yellow eyes sitting on a wooden floor in winter, covered in snow",2.9077,off,14595.6,/content/CS2309.CH201/results/notebook/qsbench_imgs/20260617-0336-bb4785/baseline_fp32/121000000007_2.png
baseline_fp32,121000000008,0,a parrot on a flower in the garden,2.8896,off,14595.6,/content/CS2309.CH201/results/notebook/qsbench_imgs/20260617-0336-bb4785/baseline_fp32/121000000008_0.png
baseline_fp32,121000000008,1,"a butterfly on a leaf in the garden at night, dark lighting",2.8961,off,14595.6,/content/CS2309.CH201/results/notebook/qsbench_imgs/20260617-0336-bb4785/baseline_fp32/121000000008_1.png
baseline_fp32,121000000008,2,"a butterfly on a leaf in the garden in winter, covered in snow",2.9289,off,14595.6,/content/CS2309.CH201/results/notebook/qsbench_imgs/20260617-0336-bb4785/baseline_fp32/121000000008_2.png
baseline_fp32,121000000009,0,a owl is standing on top of a diamond,2.8956,off,14595.6,/content/CS2309.CH201/results/notebook/qsbench_imgs/20260617-0336-bb4785/baseline_fp32/121000000009_0.png
baseline_fp32,121000000009,1,"a bird is standing on top of a rock at night, dark lighting",2.8898,off,14595.6,/content/CS2309.CH201/results/notebook/qsbench_imgs/20260617-0336-bb4785/baseline_fp32/121000000009_1.png
baseline_fp32,121000000009,2,"a bird is standing on top of a rock in winter, covered in snow",2.8881,off,14595.6,/content/CS2309.CH201/results/notebook/qsbench_imgs/20260617-0336-bb4785/baseline_fp32/121000000009_2.png
baseline_fp32,122000000000,0,a photo of robots wearing dress dancing together,2.8729,off,14595.6,/content/CS2309.CH201/results/notebook/qsbench_imgs/20260617-0336-bb4785/baseline_fp32/122000000000_0.png
baseline_fp32,122000000000,1,"a photo of couples wearing shirts dancing together at night, dark lighting",2.8779,off,14595.6,/content/CS2309.CH201/results/notebook/qsbench_imgs/20260617-0336-bb4785/baseline_fp32/122000000000_1.png
baseline_fp32,122000000000,2,"a photo of couples wearing shirts dancing together in winter, covered in snow",2.8893,off,14595.6,/content/CS2309.CH201/results/notebook/qsbench_imgs/20260617-0336-bb4785/baseline_fp32/122000000000_2.png
baseline_fp32,122000000001,0,robot on the desk,2.9018,off,14595.6,/content/CS2309.CH201/results/notebook/qsbench_imgs/20260617-0336-bb4785/baseline_fp32/122000000001_0.png
baseline_fp32,122000000001,1,"spiderman on the roof at night, dark lighting",2.8907,off,14595.6,/content/CS2309.CH201/results/notebook/qsbench_imgs/20260617-0336-bb4785/baseline_fp32/122000000001_1.png
baseline_fp32,122000000001,2,"spiderman on the roof in winter, covered in snow",2.889,off,14595.6,/content/CS2309.CH201/results/notebook/qsbench_imgs/20260617-0336-bb4785/baseline_fp32/122000000001_2.png
baseline_fp32,122000000002,0,a woman in a shirt holding a phone,2.8905,off,14595.6,/content/CS2309.CH201/results/notebook/qsbench_imgs/20260617-0336-bb4785/baseline_fp32/122000000002_0.png
baseline_fp32,122000000002,1,"a woman in a coat holding a camera at night, dark lighting",2.8941,off,14595.6,/content/CS2309.CH201/results/notebook/qsbench_imgs/20260617-0336-bb4785/baseline_fp32/122000000002_1.png
baseline_fp32,122000000002,2,"a woman in a coat holding a camera in winter, covered in snow",2.8873,off,14595.6,/content/CS2309.CH201/results/notebook/qsbench_imgs/20260617-0336-bb4785/baseline_fp32/122000000002_2.png
baseline_fp32,122000000003,0,a woman wearing hat sitting in the grass with a ipad,2.9074,off,14595.6,/content/CS2309.CH201/results/notebook/qsbench_imgs/20260617-0336-bb4785/baseline_fp32/122000000003_0.png
baseline_fp32,122000000003,1,"a woman wearing sunglasses sitting in the grass with a book at night, dark lighting",2.9057,off,14595.6,/content/CS2309.CH201/results/notebook/qsbench_imgs/20260617-0336-bb4785/baseline_fp32/122000000003_1.png
baseline_fp32,122000000003,2,"a woman wearing sunglasses sitting in the grass with a book in winter, covered in snow",2.9415,off,14595.6,/content/CS2309.CH201/results/notebook/qsbench_imgs/20260617-0336-bb4785/baseline_fp32/122000000003_2.png
baseline_fp32,122000000004,0,a woman in black coat leaning against a wall,2.9089,off,14595.6,/content/CS2309.CH201/results/notebook/qsbench_imgs/20260617-0336-bb4785/baseline_fp32/122000000004_0.png
baseline_fp32,122000000004,1,"a woman in black dress leaning against a car at night, dark lighting",2.9226,off,14595.6,/content/CS2309.CH201/results/notebook/qsbench_imgs/20260617-0336-bb4785/baseline_fp32/122000000004_1.png
baseline_fp32,122000000004,2,"a woman in black dress leaning against a car in winter, covered in snow",2.9316,off,14595.6,/content/CS2309.CH201/results/notebook/qsbench_imgs/20260617-0336-bb4785/baseline_fp32/122000000004_2.png
baseline_fp32,122000000005,0,a woman sitting on a sofa using her ipad,2.9233,off,14595.6,/content/CS2309.CH201/results/notebook/qsbench_imgs/20260617-0336-bb4785/baseline_fp32/122000000005_0.png
baseline_fp32,122000000005,1,"a woman sitting on a bench using her phone at night, dark lighting",2.9406,off,14595.6,/content/CS2309.CH201/results/notebook/qsbench_imgs/20260617-0336-bb4785/baseline_fp32/122000000005_1.png
baseline_fp32,122000000005,2,"a woman sitting on a bench using her phone in winter, covered in snow",2.9362,off,14595.6,/content/CS2309.CH201/results/notebook/qsbench_imgs/20260617-0336-bb4785/baseline_fp32/122000000005_2.png
baseline_fp32,122000000006,0,an old man playing an electric bass on a street,2.9612,off,14595.6,/content/CS2309.CH201/results/notebook/qsbench_imgs/20260617-0336-bb4785/baseline_fp32/122000000006_0.png
baseline_fp32,122000000006,1,"an old man playing an electric guitar on a street at night, dark lighting",2.938,off,14595.6,/content/CS2309.CH201/results/notebook/qsbench_imgs/20260617-0336-bb4785/baseline_fp32/122000000006_1.png
baseline_fp32,122000000006,2,"an old man playing an electric guitar on a street in winter, covered in snow",2.9284,off,14595.6,/content/CS2309.CH201/results/notebook/qsbench_imgs/20260617-0336-bb4785/baseline_fp32/122000000006_2.png
baseline_fp32,122000000007,0,a girl sitting in a blue rock near a waterfall,2.9283,off,14595.6,/content/CS2309.CH201/results/notebook/qsbench_imgs/20260617-0336-bb4785/baseline_fp32/122000000007_0.png
baseline_fp32,122000000007,1,"a woman sitting in a folding chair near a waterfall at night, dark lighting",2.9641,off,14595.6,/content/CS2309.CH201/results/notebook/qsbench_imgs/20260617-0336-bb4785/baseline_fp32/122000000007_1.png
baseline_fp32,122000000007,2,"a woman sitting in a folding chair near a waterfall in winter, covered in snow",2.9334,off,14595.6,/content/CS2309.CH201/results/notebook/qsbench_imgs/20260617-0336-bb4785/baseline_fp32/122000000007_2.png
baseline_fp32,122000000008,0,a man and a cow,2.9475,off,14595.6,/content/CS2309.CH201/results/notebook/qsbench_imgs/20260617-0336-bb4785/baseline_fp32/122000000008_0.png
baseline_fp32,122000000008,1,"a woman and a horse at night, dark lighting",2.9625,off,14595.6,/content/CS2309.CH201/results/notebook/qsbench_imgs/20260617-0336-bb4785/baseline_fp32/122000000008_1.png
baseline_fp32,122000000008,2,"a woman and a horse in winter, covered in snow",2.9545,off,14595.6,/content/CS2309.CH201/results/notebook/qsbench_imgs/20260617-0336-bb4785/baseline_fp32/122000000008_2.png
baseline_fp32,122000000009,0,"a woman sitting at a bar with a glass of milk, with a mushroom on the table",2.9746,off,14595.6,/content/CS2309.CH201/results/notebook/qsbench_imgs/20260617-0336-bb4785/baseline_fp32/122000000009_0.png
baseline_fp32,122000000009,1,"a woman sitting at a bar with a glass of wine, with a lamp on the table at night, dark lighting",2.9348,off,14595.6,/content/CS2309.CH201/results/notebook/qsbench_imgs/20260617-0336-bb4785/baseline_fp32/122000000009_1.png
baseline_fp32,122000000009,2,"a woman sitting at a bar with a glass of wine, with a lamp on the table in winter, covered in snow",2.9101,off,14595.6,/content/CS2309.CH201/results/notebook/qsbench_imgs/20260617-0336-bb4785/baseline_fp32/122000000009_2.png
improved_fp16_cache,000000000000,0,a slanted rusty mountain motorcycle in front of a fence,1.8863,miss,8445.0,/content/CS2309.CH201/results/notebook/qsbench_imgs/20260617-0336-bb4785/improved_fp16_cache/000000000000_0.png
improved_fp16_cache,000000000000,1,"a slanted mountain bicycle on the road in front of a building at night, dark lighting",1.6035,hit,8445.5,/content/CS2309.CH201/results/notebook/qsbench_imgs/20260617-0336-bb4785/improved_fp16_cache/000000000000_1.png
improved_fp16_cache,000000000000,2,"a slanted mountain bicycle on the road in front of a building in winter, covered in snow",1.609,hit,8445.5,/content/CS2309.CH201/results/notebook/qsbench_imgs/20260617-0336-bb4785/improved_fp16_cache/000000000000_2.png
improved_fp16_cache,000000000001,0,a square cake with strawberry frosting on a plastic plate,1.9854,miss,8445.0,/content/CS2309.CH201/results/notebook/qsbench_imgs/20260617-0336-bb4785/improved_fp16_cache/000000000001_0.png
improved_fp16_cache,000000000001,1,"a round cake with orange frosting on a wooden plate at night, dark lighting",1.6172,hit,8445.5,/content/CS2309.CH201/results/notebook/qsbench_imgs/20260617-0336-bb4785/improved_fp16_cache/000000000001_1.png
improved_fp16_cache,000000000001,2,"a round cake with orange frosting on a wooden plate in winter, covered in snow",1.6435,hit,8445.5,/content/CS2309.CH201/results/notebook/qsbench_imgs/20260617-0336-bb4785/improved_fp16_cache/000000000001_2.png
improved_fp16_cache,000000000002,0,a red dog with flowers in mouth standing on a metal chair,1.9982,miss,8445.0,/content/CS2309.CH201/results/notebook/qsbench_imgs/20260617-0336-bb4785/improved_fp16_cache/000000000002_0.png
improved_fp16_cache,000000000002,1,"a cat sitting on a wooden chair at night, dark lighting",1.6897,hit,8445.5,/content/CS2309.CH201/results/notebook/qsbench_imgs/20260617-0336-bb4785/improved_fp16_cache/000000000002_1.png
improved_fp16_cache,000000000002,2,"a cat sitting on a wooden chair in winter, covered in snow",1.7086,hit,8445.5,/content/CS2309.CH201/results/notebook/qsbench_imgs/20260617-0336-bb4785/improved_fp16_cache/000000000002_2.png
improved_fp16_cache,000000000003,0,"blue light, a black and white dog is playing with a yellow ball",2.1155,miss,8445.0,/content/CS2309.CH201/results/notebook/qsbench_imgs/20260617-0336-bb4785/improved_fp16_cache/000000000003_0.png
improved_fp16_cache,000000000003,1,"blue light, a black and white cat is playing with a flower at night, dark lighting",1.7067,hit,8445.5,/content/CS2309.CH201/results/notebook/qsbench_imgs/20260617-0336-bb4785/improved_fp16_cache/000000000003_1.png
improved_fp16_cache,000000000003,2,"blue light, a black and white cat is playing with a flower in winter, covered in snow",1.7329,hit,8445.5,/content/CS2309.CH201/results/notebook/qsbench_imgs/20260617-0336-bb4785/improved_fp16_cache/000000000003_2.png
improved_fp16_cache,000000000004,0,a silver cat sculpture standing next to a mirror,2.1095,miss,8445.0,/content/CS2309.CH201/results/notebook/qsbench_imgs/20260617-0336-bb4785/improved_fp16_cache/000000000004_0.png
improved_fp16_cache,000000000004,1,"a cat sitting next to a mirror at night, dark lighting",1.7524,hit,8445.5,/content/CS2309.CH201/results/notebook/qsbench_imgs/20260617-0336-bb4785/improved_fp16_cache/000000000004_1.png
improved_fp16_cache,000000000004,2,"a cat sitting next to a mirror in winter, covered in snow",1.7081,hit,8445.5,/content/CS2309.CH201/results/notebook/qsbench_imgs/20260617-0336-bb4785/improved_fp16_cache/000000000004_2.png
improved_fp16_cache,000000000005,0,an white cat and a dog standing on top of a fence,2.0677,miss,8445.0,/content/CS2309.CH201/results/notebook/qsbench_imgs/20260617-0336-bb4785/improved_fp16_cache/000000000005_0.png
improved_fp16_cache,000000000005,1,"an orange cat sitting on top of a fence at night, dark lighting",1.6875,hit,8445.5,/content/CS2309.CH201/results/notebook/qsbench_imgs/20260617-0336-bb4785/improved_fp16_cache/000000000005_1.png
improved_fp16_cache,000000000005,2,"an orange cat sitting on top of a fence in winter, covered in snow",1.6796,hit,8445.5,/content/CS2309.CH201/results/notebook/qsbench_imgs/20260617-0336-bb4785/improved_fp16_cache/000000000005_2.png
improved_fp16_cache,000000000006,0,a yellow cup of milk with drawing of rose putted on the wooden table,1.9855,miss,8445.0,/content/CS2309.CH201/results/notebook/qsbench_imgs/20260617-0336-bb4785/improved_fp16_cache/000000000006_0.png
improved_fp16_cache,000000000006,1,"a cup of coffee with drawing of tulip putted on the wooden table at night, dark lighting",1.616,hit,8445.5,/content/CS2309.CH201/results/notebook/qsbench_imgs/20260617-0336-bb4785/improved_fp16_cache/000000000006_1.png
improved_fp16_cache,000000000006,2,"a cup of coffee with drawing of tulip putted on the wooden table in winter, covered in snow",1.6679,hit,8445.5,/content/CS2309.CH201/results/notebook/qsbench_imgs/20260617-0336-bb4785/improved_fp16_cache/000000000006_2.png
improved_fp16_cache,000000000007,0,a white german shepherd dog sits on the grass with big mouth opened,1.9876,miss,8445.0,/content/CS2309.CH201/results/notebook/qsbench_imgs/20260617-0336-bb4785/improved_fp16_cache/000000000007_0.png
improved_fp16_cache,000000000007,1,"a german shepherd dog stands on the grass with mouth closed at night, dark lighting",1.5884,hit,8445.5,/content/CS2309.CH201/results/notebook/qsbench_imgs/20260617-0336-bb4785/improved_fp16_cache/000000000007_1.png
improved_fp16_cache,000000000007,2,"a german shepherd dog stands on the grass with mouth closed in winter, covered in snow",1.6087,hit,8445.5,/content/CS2309.CH201/results/notebook/qsbench_imgs/20260617-0336-bb4785/improved_fp16_cache/000000000007_2.png
improved_fp16_cache,000000000008,0,a black german shepherd holding a rose standing on the ground in front of fence,1.9285,miss,8445.0,/content/CS2309.CH201/results/notebook/qsbench_imgs/20260617-0336-bb4785/improved_fp16_cache/000000000008_0.png
improved_fp16_cache,000000000008,1,"a golden retriever holding a tulip sitting on the ground in front of fence at night, dark lighting",1.5943,hit,8445.5,/content/CS2309.CH201/results/notebook/qsbench_imgs/20260617-0336-bb4785/improved_fp16_cache/000000000008_1.png
improved_fp16_cache,000000000008,2,"a golden retriever holding a tulip sitting on the ground in front of fence in winter, covered in snow",1.5882,hit,8445.5,/content/CS2309.CH201/results/notebook/qsbench_imgs/20260617-0336-bb4785/improved_fp16_cache/000000000008_2.png
improved_fp16_cache,000000000009,0,Painting of a lion laying down on a blue background,1.8934,miss,8445.0,/content/CS2309.CH201/results/notebook/qsbench_imgs/20260617-0336-bb4785/improved_fp16_cache/000000000009_0.png
improved_fp16_cache,000000000009,1,"a dog is laying down on a white background at night, dark lighting",1.5592,hit,8445.5,/content/CS2309.CH201/results/notebook/qsbench_imgs/20260617-0336-bb4785/improved_fp16_cache/000000000009_1.png
improved_fp16_cache,000000000009,2,"a dog is laying down on a white background in winter, covered in snow",1.5718,hit,8445.5,/content/CS2309.CH201/results/notebook/qsbench_imgs/20260617-0336-bb4785/improved_fp16_cache/000000000009_2.png
improved_fp16_cache,000000000010,0,photo of a white horse and a cat sitting on rocks near the ocean,1.8868,miss,8445.0,/content/CS2309.CH201/results/notebook/qsbench_imgs/20260617-0336-bb4785/improved_fp16_cache/000000000010_0.png
improved_fp16_cache,000000000010,1,"photo of a goat and a cat standing on rocks near the ocean at night, dark lighting",1.5608,hit,8445.5,/content/CS2309.CH201/results/notebook/qsbench_imgs/20260617-0336-bb4785/improved_fp16_cache/000000000010_1.png
improved_fp16_cache,000000000010,2,"photo of a goat and a cat standing on rocks near the ocean in winter, covered in snow",1.5569,hit,8445.5,/content/CS2309.CH201/results/notebook/qsbench_imgs/20260617-0336-bb4785/improved_fp16_cache/000000000010_2.png
improved_fp16_cache,000000000011,0,a brown owl standing on a red flower,1.8789,miss,8445.0,/content/CS2309.CH201/results/notebook/qsbench_imgs/20260617-0336-bb4785/improved_fp16_cache/000000000011_0.png
improved_fp16_cache,000000000011,1,"a colorful bird standing on a branch at night, dark lighting",1.5674,hit,8445.5,/content/CS2309.CH201/results/notebook/qsbench_imgs/20260617-0336-bb4785/improved_fp16_cache/000000000011_1.png
improved_fp16_cache,000000000011,2,"a colorful bird standing on a branch in winter, covered in snow",1.5525,hit,8445.5,/content/CS2309.CH201/results/notebook/qsbench_imgs/20260617-0336-bb4785/improved_fp16_cache/000000000011_2.png
improved_fp16_cache,000000000012,0,Tuna sushi on white metal plate,1.8741,miss,8445.0,/content/CS2309.CH201/results/notebook/qsbench_imgs/20260617-0336-bb4785/improved_fp16_cache/000000000012_0.png
improved_fp16_cache,000000000012,1,"meat balls on white ceramics plate at night, dark lighting",1.5635,hit,8445.5,/content/CS2309.CH201/results/notebook/qsbench_imgs/20260617-0336-bb4785/improved_fp16_cache/000000000012_1.png
improved_fp16_cache,000000000012,2,"meat balls on white ceramics plate in winter, covered in snow",1.5502,hit,8445.5,/content/CS2309.CH201/results/notebook/qsbench_imgs/20260617-0336-bb4785/improved_fp16_cache/000000000012_2.png
improved_fp16_cache,000000000013,0,three white cupcakes on black metal bowl,1.8704,miss,8445.0,/content/CS2309.CH201/results/notebook/qsbench_imgs/20260617-0336-bb4785/improved_fp16_cache/000000000013_0.png
improved_fp16_cache,000000000013,1,"three white dumplings on brown wooden bowl at night, dark lighting",1.5756,hit,8445.5,/content/CS2309.CH201/results/notebook/qsbench_imgs/20260617-0336-bb4785/improved_fp16_cache/000000000013_1.png
improved_fp16_cache,000000000013,2,"three white dumplings on brown wooden bowl in winter, covered in snow",1.5636,hit,8445.5,/content/CS2309.CH201/results/notebook/qsbench_imgs/20260617-0336-bb4785/improved_fp16_cache/000000000013_2.png
improved_fp16_cache,000000000014,0,a man in white shirt with his hands up standing by a house,1.9022,miss,8445.0,/content/CS2309.CH201/results/notebook/qsbench_imgs/20260617-0336-bb4785/improved_fp16_cache/000000000014_0.png
improved_fp16_cache,000000000014,1,"a man in black shirt with his hands hanging down standing by a house at night, dark lighting",1.558,hit,8445.5,/content/CS2309.CH201/results/notebook/qsbench_imgs/20260617-0336-bb4785/improved_fp16_cache/000000000014_1.png
improved_fp16_cache,000000000014,2,"a man in black shirt with his hands hanging down standing by a house in winter, covered in snow",1.5923,hit,8445.5,/content/CS2309.CH201/results/notebook/qsbench_imgs/20260617-0336-bb4785/improved_fp16_cache/000000000014_2.png
improved_fp16_cache,000000000015,0,Blue metal plate with vegatables on it,1.9066,miss,8445.0,/content/CS2309.CH201/results/notebook/qsbench_imgs/20260617-0336-bb4785/improved_fp16_cache/000000000015_0.png
improved_fp16_cache,000000000015,1,"white plate with fruits on it at night, dark lighting",1.5888,hit,8445.5,/content/CS2309.CH201/results/notebook/qsbench_imgs/20260617-0336-bb4785/improved_fp16_cache/000000000015_1.png
improved_fp16_cache,000000000015,2,"white plate with fruits on it in winter, covered in snow",1.5971,hit,8445.5,/content/CS2309.CH201/results/notebook/qsbench_imgs/20260617-0336-bb4785/improved_fp16_cache/000000000015_2.png
improved_fp16_cache,000000000016,0,a white plate with grilled salmon and mushroom on it,1.9054,miss,8445.0,/content/CS2309.CH201/results/notebook/qsbench_imgs/20260617-0336-bb4785/improved_fp16_cache/000000000016_0.png
improved_fp16_cache,000000000016,1,"a plate with grilled steak on it at night, dark lighting",1.6082,hit,8445.5,/content/CS2309.CH201/results/notebook/qsbench_imgs/20260617-0336-bb4785/improved_fp16_cache/000000000016_1.png
improved_fp16_cache,000000000016,2,"a plate with grilled steak on it in winter, covered in snow",1.6143,hit,8445.5,/content/CS2309.CH201/results/notebook/qsbench_imgs/20260617-0336-bb4785/improved_fp16_cache/000000000016_2.png
improved_fp16_cache,000000000017,0,photo of a white Teddy Bear in side view,1.9444,miss,8445.0,/content/CS2309.CH201/results/notebook/qsbench_imgs/20260617-0336-bb4785/improved_fp16_cache/000000000017_0.png
improved_fp16_cache,000000000017,1,"photo of a statue in front view at night, dark lighting",1.6053,hit,8445.5,/content/CS2309.CH201/results/notebook/qsbench_imgs/20260617-0336-bb4785/improved_fp16_cache/000000000017_1.png
improved_fp16_cache,000000000017,2,"photo of a statue in front view in winter, covered in snow",1.6206,hit,8445.5,/content/CS2309.CH201/results/notebook/qsbench_imgs/20260617-0336-bb4785/improved_fp16_cache/000000000017_2.png
improved_fp16_cache,000000000018,0,the statue of angel holding a red flower,1.9588,miss,8445.0,/content/CS2309.CH201/results/notebook/qsbench_imgs/20260617-0336-bb4785/improved_fp16_cache/000000000018_0.png
improved_fp16_cache,000000000018,1,"the statue of liberty holding a torch at night, dark lighting",1.6184,hit,8445.5,/content/CS2309.CH201/results/notebook/qsbench_imgs/20260617-0336-bb4785/improved_fp16_cache/000000000018_1.png
improved_fp16_cache,000000000018,2,"the statue of liberty holding a torch in winter, covered in snow",1.6141,hit,8445.5,/content/CS2309.CH201/results/notebook/qsbench_imgs/20260617-0336-bb4785/improved_fp16_cache/000000000018_2.png
improved_fp16_cache,000000000019,0,white cat on green grass,1.9654,miss,8445.0,/content/CS2309.CH201/results/notebook/qsbench_imgs/20260617-0336-bb4785/improved_fp16_cache/000000000019_0.png
improved_fp16_cache,000000000019,1,"white tiger on brown ground at night, dark lighting",1.6007,hit,8445.5,/content/CS2309.CH201/results/notebook/qsbench_imgs/20260617-0336-bb4785/improved_fp16_cache/000000000019_1.png
improved_fp16_cache,000000000019,2,"white tiger on brown ground in winter, covered in snow",1.6172,hit,8445.5,/content/CS2309.CH201/results/notebook/qsbench_imgs/20260617-0336-bb4785/improved_fp16_cache/000000000019_2.png
improved_fp16_cache,000000000020,0,two toy cats standing on a branch,1.9568,miss,8445.0,/content/CS2309.CH201/results/notebook/qsbench_imgs/20260617-0336-bb4785/improved_fp16_cache/000000000020_0.png
improved_fp16_cache,000000000020,1,"two birds sitting on a branch at night, dark lighting",1.6145,hit,8445.5,/content/CS2309.CH201/results/notebook/qsbench_imgs/20260617-0336-bb4785/improved_fp16_cache/000000000020_1.png
improved_fp16_cache,000000000020,2,"two birds sitting on a branch in winter, covered in snow",1.629,hit,8445.5,/content/CS2309.CH201/results/notebook/qsbench_imgs/20260617-0336-bb4785/improved_fp16_cache/000000000020_2.png
improved_fp16_cache,000000000021,0,"two metal owls sitting on a stick, forest background",1.938,miss,8445.0,/content/CS2309.CH201/results/notebook/qsbench_imgs/20260617-0336-bb4785/improved_fp16_cache/000000000021_0.png
improved_fp16_cache,000000000021,1,"two parrots sitting on a stick, city street background at night, dark lighting",1.6101,hit,8445.5,/content/CS2309.CH201/results/notebook/qsbench_imgs/20260617-0336-bb4785/improved_fp16_cache/000000000021_1.png
improved_fp16_cache,000000000021,2,"two parrots sitting on a stick, city street background in winter, covered in snow",1.6419,hit,8445.5,/content/CS2309.CH201/results/notebook/qsbench_imgs/20260617-0336-bb4785/improved_fp16_cache/000000000021_2.png
improved_fp16_cache,000000000022,0,an pink taxi with colorful flowers on top,1.9444,miss,8445.0,/content/CS2309.CH201/results/notebook/qsbench_imgs/20260617-0336-bb4785/improved_fp16_cache/000000000022_0.png
improved_fp16_cache,000000000022,1,"an orange van with surfboards on top at night, dark lighting",1.6197,hit,8445.5,/content/CS2309.CH201/results/notebook/qsbench_imgs/20260617-0336-bb4785/improved_fp16_cache/000000000022_1.png
improved_fp16_cache,000000000022,2,"an orange van with surfboards on top in winter, covered in snow",1.5901,hit,8445.5,/content/CS2309.CH201/results/notebook/qsbench_imgs/20260617-0336-bb4785/improved_fp16_cache/000000000022_2.png
improved_fp16_cache,000000000023,0,a black cow with white patterns in the field,1.9326,miss,8445.0,/content/CS2309.CH201/results/notebook/qsbench_imgs/20260617-0336-bb4785/improved_fp16_cache/000000000023_0.png
improved_fp16_cache,000000000023,1,"a gray horse in the field at night, dark lighting",1.5919,hit,8445.5,/content/CS2309.CH201/results/notebook/qsbench_imgs/20260617-0336-bb4785/improved_fp16_cache/000000000023_1.png
improved_fp16_cache,000000000023,2,"a gray horse in the field in winter, covered in snow",1.5733,hit,8445.5,/content/CS2309.CH201/results/notebook/qsbench_imgs/20260617-0336-bb4785/improved_fp16_cache/000000000023_2.png
improved_fp16_cache,000000000024,0,a golden dog jumping in the sunset,1.9621,miss,8445.0,/content/CS2309.CH201/results/notebook/qsbench_imgs/20260617-0336-bb4785/improved_fp16_cache/000000000024_0.png
improved_fp16_cache,000000000024,1,"a white horse running in the sunset at night, dark lighting",1.5678,hit,8445.5,/content/CS2309.CH201/results/notebook/qsbench_imgs/20260617-0336-bb4785/improved_fp16_cache/000000000024_1.png
improved_fp16_cache,000000000024,2,"a white horse running in the sunset in winter, covered in snow",1.5676,hit,8445.5,/content/CS2309.CH201/results/notebook/qsbench_imgs/20260617-0336-bb4785/improved_fp16_cache/000000000024_2.png
improved_fp16_cache,000000000025,0,a woman with red hair wearing a coat,1.9107,miss,8445.0,/content/CS2309.CH201/results/notebook/qsbench_imgs/20260617-0336-bb4785/improved_fp16_cache/000000000025_0.png
improved_fp16_cache,000000000025,1,"a woman with blue hair wearing a shirt at night, dark lighting",1.5879,hit,8445.5,/content/CS2309.CH201/results/notebook/qsbench_imgs/20260617-0336-bb4785/improved_fp16_cache/000000000025_1.png
improved_fp16_cache,000000000025,2,"a woman with blue hair wearing a shirt in winter, covered in snow",1.5628,hit,8445.5,/content/CS2309.CH201/results/notebook/qsbench_imgs/20260617-0336-bb4785/improved_fp16_cache/000000000025_2.png
improved_fp16_cache,000000000026,0,a toy cat with a red fur sitting on a branch,1.8893,miss,8445.0,/content/CS2309.CH201/results/notebook/qsbench_imgs/20260617-0336-bb4785/improved_fp16_cache/000000000026_0.png
improved_fp16_cache,000000000026,1,"a yellow bird with a red beak sitting on a branch at night, dark lighting",1.5705,hit,8445.5,/content/CS2309.CH201/results/notebook/qsbench_imgs/20260617-0336-bb4785/improved_fp16_cache/000000000026_1.png
improved_fp16_cache,000000000026,2,"a yellow bird with a red beak sitting on a branch in winter, covered in snow",1.5867,hit,8445.5,/content/CS2309.CH201/results/notebook/qsbench_imgs/20260617-0336-bb4785/improved_fp16_cache/000000000026_2.png
improved_fp16_cache,000000000027,0,a closed eyes dog sitting on green grass,1.895,miss,8445.0,/content/CS2309.CH201/results/notebook/qsbench_imgs/20260617-0336-bb4785/improved_fp16_cache/000000000027_0.png
improved_fp16_cache,000000000027,1,"a opened eyes cat sitting on wooden floor at night, dark lighting",1.6088,hit,8445.5,/content/CS2309.CH201/results/notebook/qsbench_imgs/20260617-0336-bb4785/improved_fp16_cache/000000000027_1.png
improved_fp16_cache,000000000027,2,"a opened eyes cat sitting on wooden floor in winter, covered in snow",1.5921,hit,8445.5,/content/CS2309.CH201/results/notebook/qsbench_imgs/20260617-0336-bb4785/improved_fp16_cache/000000000027_2.png
improved_fp16_cache,000000000028,0,Painting of red flowers on a tree branch with white background,1.9248,miss,8445.0,/content/CS2309.CH201/results/notebook/qsbench_imgs/20260617-0336-bb4785/improved_fp16_cache/000000000028_0.png
improved_fp16_cache,000000000028,1,"white flowers on a tree branch with blue sky background at night, dark lighting",1.6043,hit,8445.5,/content/CS2309.CH201/results/notebook/qsbench_imgs/20260617-0336-bb4785/improved_fp16_cache/000000000028_1.png
improved_fp16_cache,000000000028,2,"white flowers on a tree branch with blue sky background in winter, covered in snow",1.5977,hit,8445.5,/content/CS2309.CH201/results/notebook/qsbench_imgs/20260617-0336-bb4785/improved_fp16_cache/000000000028_2.png
improved_fp16_cache,000000000029,0,a duck sitting on the floor,1.9242,miss,8445.0,/content/CS2309.CH201/results/notebook/qsbench_imgs/20260617-0336-bb4785/improved_fp16_cache/000000000029_0.png
improved_fp16_cache,000000000029,1,"a kitten walking on the grass at night, dark lighting",1.5852,hit,8445.5,/content/CS2309.CH201/results/notebook/qsbench_imgs/20260617-0336-bb4785/improved_fp16_cache/000000000029_1.png
improved_fp16_cache,000000000029,2,"a kitten walking on the grass in winter, covered in snow",1.5879,hit,8445.5,/content/CS2309.CH201/results/notebook/qsbench_imgs/20260617-0336-bb4785/improved_fp16_cache/000000000029_2.png
improved_fp16_cache,000000000030,0,a road in a lush city with black rocks,1.922,miss,8445.0,/content/CS2309.CH201/results/notebook/qsbench_imgs/20260617-0336-bb4785/improved_fp16_cache/000000000030_0.png
improved_fp16_cache,000000000030,1,"a stream in a lush forest with rocks at night, dark lighting",1.6129,hit,8445.5,/content/CS2309.CH201/results/notebook/qsbench_imgs/20260617-0336-bb4785/improved_fp16_cache/000000000030_1.png
improved_fp16_cache,000000000030,2,"a stream in a lush forest with rocks in winter, covered in snow",1.607,hit,8445.5,/content/CS2309.CH201/results/notebook/qsbench_imgs/20260617-0336-bb4785/improved_fp16_cache/000000000030_2.png
improved_fp16_cache,000000000031,0,a blue tulip in the yellow light,1.909,miss,8445.0,/content/CS2309.CH201/results/notebook/qsbench_imgs/20260617-0336-bb4785/improved_fp16_cache/000000000031_0.png
improved_fp16_cache,000000000031,1,"a red rose in the dark at night, dark lighting",1.5938,hit,8445.5,/content/CS2309.CH201/results/notebook/qsbench_imgs/20260617-0336-bb4785/improved_fp16_cache/000000000031_1.png
improved_fp16_cache,000000000031,2,"a red rose in the dark in winter, covered in snow",1.6021,hit,8445.5,/content/CS2309.CH201/results/notebook/qsbench_imgs/20260617-0336-bb4785/improved_fp16_cache/000000000031_2.png
improved_fp16_cache,000000000032,0,a group of red apples hanging from a big tree,1.9374,miss,8445.0,/content/CS2309.CH201/results/notebook/qsbench_imgs/20260617-0336-bb4785/improved_fp16_cache/000000000032_0.png
improved_fp16_cache,000000000032,1,"a group of pink flowers hanging from a tree at night, dark lighting",1.6142,hit,8445.5,/content/CS2309.CH201/results/notebook/qsbench_imgs/20260617-0336-bb4785/improved_fp16_cache/000000000032_1.png
improved_fp16_cache,000000000032,2,"a group of pink flowers hanging from a tree in winter, covered in snow",1.5998,hit,8445.5,/content/CS2309.CH201/results/notebook/qsbench_imgs/20260617-0336-bb4785/improved_fp16_cache/000000000032_2.png
improved_fp16_cache,000000000033,0,a painting of a boy walking his cat in winter,1.9473,miss,8445.0,/content/CS2309.CH201/results/notebook/qsbench_imgs/20260617-0336-bb4785/improved_fp16_cache/000000000033_0.png
improved_fp16_cache,000000000033,1,"a cartoon of a boy walking his dog in autumn at night, dark lighting",1.6288,hit,8445.5,/content/CS2309.CH201/results/notebook/qsbench_imgs/20260617-0336-bb4785/improved_fp16_cache/000000000033_1.png
improved_fp16_cache,000000000033,2,"a cartoon of a boy walking his dog in autumn in winter, covered in snow",1.5767,hit,8445.5,/content/CS2309.CH201/results/notebook/qsbench_imgs/20260617-0336-bb4785/improved_fp16_cache/000000000033_2.png
improved_fp16_cache,000000000034,0,a sketch painting of a mother cat and her babies are standing near the forest,1.9266,miss,8445.0,/content/CS2309.CH201/results/notebook/qsbench_imgs/20260617-0336-bb4785/improved_fp16_cache/000000000034_0.png
improved_fp16_cache,000000000034,1,"a mother duck and her babies are standing near the water at night, dark lighting",1.6112,hit,8445.5,/content/CS2309.CH201/results/notebook/qsbench_imgs/20260617-0336-bb4785/improved_fp16_cache/000000000034_1.png
improved_fp16_cache,000000000034,2,"a mother duck and her babies are standing near the water in winter, covered in snow",1.6271,hit,8445.5,/content/CS2309.CH201/results/notebook/qsbench_imgs/20260617-0336-bb4785/improved_fp16_cache/000000000034_2.png
improved_fp16_cache,000000000035,0,"painting, yellow ball of the world by jimmy kirk",1.9235,miss,8445.0,/content/CS2309.CH201/results/notebook/qsbench_imgs/20260617-0336-bb4785/improved_fp16_cache/000000000035_0.png
improved_fp16_cache,000000000035,1,"photograph, window of the world by jimmy kirk at night, dark lighting",1.5883,hit,8445.5,/content/CS2309.CH201/results/notebook/qsbench_imgs/20260617-0336-bb4785/improved_fp16_cache/000000000035_1.png
improved_fp16_cache,000000000035,2,"photograph, window of the world by jimmy kirk in winter, covered in snow",1.5978,hit,8445.5,/content/CS2309.CH201/results/notebook/qsbench_imgs/20260617-0336-bb4785/improved_fp16_cache/000000000035_2.png
improved_fp16_cache,000000000036,0,red flame in the dark,1.9419,miss,8445.0,/content/CS2309.CH201/results/notebook/qsbench_imgs/20260617-0336-bb4785/improved_fp16_cache/000000000036_0.png
improved_fp16_cache,000000000036,1,"smoke at night, dark lighting",1.602,hit,8445.5,/content/CS2309.CH201/results/notebook/qsbench_imgs/20260617-0336-bb4785/improved_fp16_cache/000000000036_1.png
improved_fp16_cache,000000000036,2,"smoke in winter, covered in snow",1.6206,hit,8445.5,/content/CS2309.CH201/results/notebook/qsbench_imgs/20260617-0336-bb4785/improved_fp16_cache/000000000036_2.png
improved_fp16_cache,000000000037,0,snow mountain landscape with flowers and green grass,1.948,miss,8445.0,/content/CS2309.CH201/results/notebook/qsbench_imgs/20260617-0336-bb4785/improved_fp16_cache/000000000037_0.png
improved_fp16_cache,000000000037,1,"mountain landscape with flowers and withered grass at night, dark lighting",1.5769,hit,8445.5,/content/CS2309.CH201/results/notebook/qsbench_imgs/20260617-0336-bb4785/improved_fp16_cache/000000000037_1.png
improved_fp16_cache,000000000037,2,"mountain landscape with flowers and withered grass in winter, covered in snow",1.5864,hit,8445.5,/content/CS2309.CH201/results/notebook/qsbench_imgs/20260617-0336-bb4785/improved_fp16_cache/000000000037_2.png
improved_fp16_cache,000000000038,0,a little girl with blue eyes and yellow flowers in a blue coat,1.9161,miss,8445.0,/content/CS2309.CH201/results/notebook/qsbench_imgs/20260617-0336-bb4785/improved_fp16_cache/000000000038_0.png
improved_fp16_cache,000000000038,1,"a little girl with green eyes and flowers in a blue dress at night, dark lighting",1.5811,hit,8445.5,/content/CS2309.CH201/results/notebook/qsbench_imgs/20260617-0336-bb4785/improved_fp16_cache/000000000038_1.png
improved_fp16_cache,000000000038,2,"a little girl with green eyes and flowers in a blue dress in winter, covered in snow",1.5847,hit,8445.5,/content/CS2309.CH201/results/notebook/qsbench_imgs/20260617-0336-bb4785/improved_fp16_cache/000000000038_2.png
improved_fp16_cache,000000000039,0,two cats swimming in the sea,1.9632,miss,8445.0,/content/CS2309.CH201/results/notebook/qsbench_imgs/20260617-0336-bb4785/improved_fp16_cache/000000000039_0.png
improved_fp16_cache,000000000039,1,"two ducks in the dirt at night, dark lighting",1.5987,hit,8445.5,/content/CS2309.CH201/results/notebook/qsbench_imgs/20260617-0336-bb4785/improved_fp16_cache/000000000039_1.png
improved_fp16_cache,000000000039,2,"two ducks in the dirt in winter, covered in snow",1.5811,hit,8445.5,/content/CS2309.CH201/results/notebook/qsbench_imgs/20260617-0336-bb4785/improved_fp16_cache/000000000039_2.png
improved_fp16_cache,000000000040,0,a orange cat sitting with cotton scarf putting hands up,1.9424,miss,8445.0,/content/CS2309.CH201/results/notebook/qsbench_imgs/20260617-0336-bb4785/improved_fp16_cache/000000000040_0.png
improved_fp16_cache,000000000040,1,"a cat sitting with beads collar at night, dark lighting",1.6115,hit,8445.5,/content/CS2309.CH201/results/notebook/qsbench_imgs/20260617-0336-bb4785/improved_fp16_cache/000000000040_1.png
improved_fp16_cache,000000000040,2,"a cat sitting with beads collar in winter, covered in snow",1.5987,hit,8445.5,/content/CS2309.CH201/results/notebook/qsbench_imgs/20260617-0336-bb4785/improved_fp16_cache/000000000040_2.png
improved_fp16_cache,000000000041,0,a spacecraft in the blue arctic sky,1.9379,miss,8445.0,/content/CS2309.CH201/results/notebook/qsbench_imgs/20260617-0336-bb4785/improved_fp16_cache/000000000041_0.png
improved_fp16_cache,000000000041,1,"the arctic sky at night, dark lighting",1.5789,hit,8445.5,/content/CS2309.CH201/results/notebook/qsbench_imgs/20260617-0336-bb4785/improved_fp16_cache/000000000041_1.png
improved_fp16_cache,000000000041,2,"the arctic sky in winter, covered in snow",1.5758,hit,8445.5,/content/CS2309.CH201/results/notebook/qsbench_imgs/20260617-0336-bb4785/improved_fp16_cache/000000000041_2.png
improved_fp16_cache,000000000042,0,a white dog is standing on rocks in a bright forest,1.9316,miss,8445.0,/content/CS2309.CH201/results/notebook/qsbench_imgs/20260617-0336-bb4785/improved_fp16_cache/000000000042_0.png
improved_fp16_cache,000000000042,1,"a black wolf is standing on rocks in a dark forest at night, dark lighting",1.5703,hit,8445.5,/content/CS2309.CH201/results/notebook/qsbench_imgs/20260617-0336-bb4785/improved_fp16_cache/000000000042_1.png
improved_fp16_cache,000000000042,2,"a black wolf is standing on rocks in a dark forest in winter, covered in snow",1.5858,hit,8445.5,/content/CS2309.CH201/results/notebook/qsbench_imgs/20260617-0336-bb4785/improved_fp16_cache/000000000042_2.png
improved_fp16_cache,000000000043,0,a small blue cruise ship in the ocean at sunset,1.9345,miss,8445.0,/content/CS2309.CH201/results/notebook/qsbench_imgs/20260617-0336-bb4785/improved_fp16_cache/000000000043_0.png
improved_fp16_cache,000000000043,1,"a large red cargo ship in the ocean at sunset at night, dark lighting",1.6209,hit,8445.5,/content/CS2309.CH201/results/notebook/qsbench_imgs/20260617-0336-bb4785/improved_fp16_cache/000000000043_1.png
improved_fp16_cache,000000000043,2,"a large red cargo ship in the ocean at sunset in winter, covered in snow",1.5794,hit,8445.5,/content/CS2309.CH201/results/notebook/qsbench_imgs/20260617-0336-bb4785/improved_fp16_cache/000000000043_2.png
improved_fp16_cache,000000000044,0,a yellow cat with red scarf sitting in the flowers,1.9137,miss,8445.0,/content/CS2309.CH201/results/notebook/qsbench_imgs/20260617-0336-bb4785/improved_fp16_cache/000000000044_0.png
improved_fp16_cache,000000000044,1,"a cat sitting in the grass at night, dark lighting",1.5956,hit,8445.5,/content/CS2309.CH201/results/notebook/qsbench_imgs/20260617-0336-bb4785/improved_fp16_cache/000000000044_1.png
improved_fp16_cache,000000000044,2,"a cat sitting in the grass in winter, covered in snow",1.6012,hit,8445.5,/content/CS2309.CH201/results/notebook/qsbench_imgs/20260617-0336-bb4785/improved_fp16_cache/000000000044_2.png
improved_fp16_cache,000000000045,0,the christmas card of a santa's angry face with red mustache,1.9033,miss,8445.0,/content/CS2309.CH201/results/notebook/qsbench_imgs/20260617-0336-bb4785/improved_fp16_cache/000000000045_0.png
improved_fp16_cache,000000000045,1,"the christmas illustration of a santa's laughing face at night, dark lighting",1.615,hit,8445.5,/content/CS2309.CH201/results/notebook/qsbench_imgs/20260617-0336-bb4785/improved_fp16_cache/000000000045_1.png
improved_fp16_cache,000000000045,2,"the christmas illustration of a santa's laughing face in winter, covered in snow",1.5989,hit,8445.5,/content/CS2309.CH201/results/notebook/qsbench_imgs/20260617-0336-bb4785/improved_fp16_cache/000000000045_2.png
improved_fp16_cache,000000000046,0,photo of pink stars in the sky,1.9059,miss,8445.0,/content/CS2309.CH201/results/notebook/qsbench_imgs/20260617-0336-bb4785/improved_fp16_cache/000000000046_0.png
improved_fp16_cache,000000000046,1,"painting of clouds in the sky at night, dark lighting",1.6057,hit,8445.5,/content/CS2309.CH201/results/notebook/qsbench_imgs/20260617-0336-bb4785/improved_fp16_cache/000000000046_1.png
improved_fp16_cache,000000000046,2,"painting of clouds in the sky in winter, covered in snow",1.6082,hit,8445.5,/content/CS2309.CH201/results/notebook/qsbench_imgs/20260617-0336-bb4785/improved_fp16_cache/000000000046_2.png
improved_fp16_cache,000000000047,0,shiny blue bus by jill kaufman,1.9329,miss,8445.0,/content/CS2309.CH201/results/notebook/qsbench_imgs/20260617-0336-bb4785/improved_fp16_cache/000000000047_0.png
improved_fp16_cache,000000000047,1,"rusty car by jill kaufman at night, dark lighting",1.6062,hit,8445.5,/content/CS2309.CH201/results/notebook/qsbench_imgs/20260617-0336-bb4785/improved_fp16_cache/000000000047_1.png
improved_fp16_cache,000000000047,2,"rusty car by jill kaufman in winter, covered in snow",1.5837,hit,8445.5,/content/CS2309.CH201/results/notebook/qsbench_imgs/20260617-0336-bb4785/improved_fp16_cache/000000000047_2.png
improved_fp16_cache,000000000048,0,sunset over a field with pink stars and a dark sky,1.9244,miss,8445.0,/content/CS2309.CH201/results/notebook/qsbench_imgs/20260617-0336-bb4785/improved_fp16_cache/000000000048_0.png
improved_fp16_cache,000000000048,1,"sunset over a field with clouds and a bright sky at night, dark lighting",1.6126,hit,8445.5,/content/CS2309.CH201/results/notebook/qsbench_imgs/20260617-0336-bb4785/improved_fp16_cache/000000000048_1.png
improved_fp16_cache,000000000048,2,"sunset over a field with clouds and a bright sky in winter, covered in snow",1.6068,hit,8445.5,/content/CS2309.CH201/results/notebook/qsbench_imgs/20260617-0336-bb4785/improved_fp16_cache/000000000048_2.png
improved_fp16_cache,000000000049,0,yellow metal chair with black dots in a conference room,1.9084,miss,8445.0,/content/CS2309.CH201/results/notebook/qsbench_imgs/20260617-0336-bb4785/improved_fp16_cache/000000000049_0.png
improved_fp16_cache,000000000049,1,"black chair in a conference room at night, dark lighting",1.6179,hit,8445.5,/content/CS2309.CH201/results/notebook/qsbench_imgs/20260617-0336-bb4785/improved_fp16_cache/000000000049_1.png
improved_fp16_cache,000000000049,2,"black chair in a conference room in winter, covered in snow",1.6086,hit,8445.5,/content/CS2309.CH201/results/notebook/qsbench_imgs/20260617-0336-bb4785/improved_fp16_cache/000000000049_2.png
improved_fp16_cache,000000000050,0,a cat jumping on eggs,1.9188,miss,8445.0,/content/CS2309.CH201/results/notebook/qsbench_imgs/20260617-0336-bb4785/improved_fp16_cache/000000000050_0.png
improved_fp16_cache,000000000050,1,"a bird standing on clods at night, dark lighting",1.6037,hit,8445.5,/content/CS2309.CH201/results/notebook/qsbench_imgs/20260617-0336-bb4785/improved_fp16_cache/000000000050_1.png
improved_fp16_cache,000000000050,2,"a bird standing on clods in winter, covered in snow",1.6102,hit,8445.5,/content/CS2309.CH201/results/notebook/qsbench_imgs/20260617-0336-bb4785/improved_fp16_cache/000000000050_2.png
improved_fp16_cache,000000000051,0,a painting of red flowers in a white vase,1.9425,miss,8445.0,/content/CS2309.CH201/results/notebook/qsbench_imgs/20260617-0336-bb4785/improved_fp16_cache/000000000051_0.png
improved_fp16_cache,000000000051,1,"a painting of colorful flowers in a blue vase at night, dark lighting",1.606,hit,8445.5,/content/CS2309.CH201/results/notebook/qsbench_imgs/20260617-0336-bb4785/improved_fp16_cache/000000000051_1.png
improved_fp16_cache,000000000051,2,"a painting of colorful flowers in a blue vase in winter, covered in snow",1.623,hit,8445.5,/content/CS2309.CH201/results/notebook/qsbench_imgs/20260617-0336-bb4785/improved_fp16_cache/000000000051_2.png
improved_fp16_cache,000000000052,0,a logo of X with pink color in a light background,1.9092,miss,8445.0,/content/CS2309.CH201/results/notebook/qsbench_imgs/20260617-0336-bb4785/improved_fp16_cache/000000000052_0.png
improved_fp16_cache,000000000052,1,"a logo of bird shape in a black background at night, dark lighting",1.6123,hit,8445.5,/content/CS2309.CH201/results/notebook/qsbench_imgs/20260617-0336-bb4785/improved_fp16_cache/000000000052_1.png
improved_fp16_cache,000000000052,2,"a logo of bird shape in a black background in winter, covered in snow",1.5877,hit,8445.5,/content/CS2309.CH201/results/notebook/qsbench_imgs/20260617-0336-bb4785/improved_fp16_cache/000000000052_2.png
improved_fp16_cache,000000000053,0,a fluffy cat with a blue leash jumping on the ground,1.9316,miss,8445.0,/content/CS2309.CH201/results/notebook/qsbench_imgs/20260617-0336-bb4785/improved_fp16_cache/000000000053_0.png
improved_fp16_cache,000000000053,1,"a fluffy dog with a blue leash sitting in the grass at night, dark lighting",1.5821,hit,8445.5,/content/CS2309.CH201/results/notebook/qsbench_imgs/20260617-0336-bb4785/improved_fp16_cache/000000000053_1.png
improved_fp16_cache,000000000053,2,"a fluffy dog with a blue leash sitting in the grass in winter, covered in snow",1.6208,hit,8445.5,/content/CS2309.CH201/results/notebook/qsbench_imgs/20260617-0336-bb4785/improved_fp16_cache/000000000053_2.png
improved_fp16_cache,000000000054,0,a red ball and a notebook on a table,1.9462,miss,8445.0,/content/CS2309.CH201/results/notebook/qsbench_imgs/20260617-0336-bb4785/improved_fp16_cache/000000000054_0.png
improved_fp16_cache,000000000054,1,"a camera and a notebook on a bed at night, dark lighting",1.6,hit,8445.5,/content/CS2309.CH201/results/notebook/qsbench_imgs/20260617-0336-bb4785/improved_fp16_cache/000000000054_1.png
improved_fp16_cache,000000000054,2,"a camera and a notebook on a bed in winter, covered in snow",1.6204,hit,8445.5,/content/CS2309.CH201/results/notebook/qsbench_imgs/20260617-0336-bb4785/improved_fp16_cache/000000000054_2.png
improved_fp16_cache,000000000055,0,a white tiger is looking at the camera in the rain,1.9174,miss,8445.0,/content/CS2309.CH201/results/notebook/qsbench_imgs/20260617-0336-bb4785/improved_fp16_cache/000000000055_0.png
improved_fp16_cache,000000000055,1,"a black dog is looking at the camera in the snow at night, dark lighting",1.6072,hit,8445.5,/content/CS2309.CH201/results/notebook/qsbench_imgs/20260617-0336-bb4785/improved_fp16_cache/000000000055_1.png
improved_fp16_cache,000000000055,2,"a black dog is looking at the camera in the snow in winter, covered in snow",1.5974,hit,8445.5,/content/CS2309.CH201/results/notebook/qsbench_imgs/20260617-0336-bb4785/improved_fp16_cache/000000000055_2.png
improved_fp16_cache,000000000056,0,a lion puppy with black fur wrapped in a blue coat,1.9285,miss,8445.0,/content/CS2309.CH201/results/notebook/qsbench_imgs/20260617-0336-bb4785/improved_fp16_cache/000000000056_0.png
improved_fp16_cache,000000000056,1,"a meerkat puppy wrapped in a blue towel at night, dark lighting",1.5875,hit,8445.5,/content/CS2309.CH201/results/notebook/qsbench_imgs/20260617-0336-bb4785/improved_fp16_cache/000000000056_1.png
improved_fp16_cache,000000000056,2,"a meerkat puppy wrapped in a blue towel in winter, covered in snow",1.5993,hit,8445.5,/content/CS2309.CH201/results/notebook/qsbench_imgs/20260617-0336-bb4785/improved_fp16_cache/000000000056_2.png
improved_fp16_cache,000000000057,0,a photo of an owl jumping on a rock,1.9057,miss,8445.0,/content/CS2309.CH201/results/notebook/qsbench_imgs/20260617-0336-bb4785/improved_fp16_cache/000000000057_0.png
improved_fp16_cache,000000000057,1,"an owl sitting on a branch at night, dark lighting",1.6128,hit,8445.5,/content/CS2309.CH201/results/notebook/qsbench_imgs/20260617-0336-bb4785/improved_fp16_cache/000000000057_1.png
improved_fp16_cache,000000000057,2,"an owl sitting on a branch in winter, covered in snow",1.597,hit,8445.5,/content/CS2309.CH201/results/notebook/qsbench_imgs/20260617-0336-bb4785/improved_fp16_cache/000000000057_2.png
improved_fp16_cache,000000000058,0,yellow roses in blue vase,1.9495,miss,8445.0,/content/CS2309.CH201/results/notebook/qsbench_imgs/20260617-0336-bb4785/improved_fp16_cache/000000000058_0.png
improved_fp16_cache,000000000058,1,"purple tulips in vase at night, dark lighting",1.5777,hit,8445.5,/content/CS2309.CH201/results/notebook/qsbench_imgs/20260617-0336-bb4785/improved_fp16_cache/000000000058_1.png
improved_fp16_cache,000000000058,2,"purple tulips in vase in winter, covered in snow",1.5879,hit,8445.5,/content/CS2309.CH201/results/notebook/qsbench_imgs/20260617-0336-bb4785/improved_fp16_cache/000000000058_2.png
improved_fp16_cache,000000000059,0,a cartoon cat face backward is jumping,1.9391,miss,8445.0,/content/CS2309.CH201/results/notebook/qsbench_imgs/20260617-0336-bb4785/improved_fp16_cache/000000000059_0.png
improved_fp16_cache,000000000059,1,"a cartoon goat at night, dark lighting",1.586,hit,8445.5,/content/CS2309.CH201/results/notebook/qsbench_imgs/20260617-0336-bb4785/improved_fp16_cache/000000000059_1.png
improved_fp16_cache,000000000059,2,"a cartoon goat in winter, covered in snow",1.6283,hit,8445.5,/content/CS2309.CH201/results/notebook/qsbench_imgs/20260617-0336-bb4785/improved_fp16_cache/000000000059_2.png
improved_fp16_cache,000000000060,0,a red pear sitting on top of a glass table,1.9389,miss,8445.0,/content/CS2309.CH201/results/notebook/qsbench_imgs/20260617-0336-bb4785/improved_fp16_cache/000000000060_0.png
improved_fp16_cache,000000000060,1,"a yellow apple sitting on top of a wooden table at night, dark lighting",1.6074,hit,8445.5,/content/CS2309.CH201/results/notebook/qsbench_imgs/20260617-0336-bb4785/improved_fp16_cache/000000000060_1.png
improved_fp16_cache,000000000060,2,"a yellow apple sitting on top of a wooden table in winter, covered in snow",1.5978,hit,8445.5,/content/CS2309.CH201/results/notebook/qsbench_imgs/20260617-0336-bb4785/improved_fp16_cache/000000000060_2.png
improved_fp16_cache,000000000061,0,a mid winter road with rocks lined with trees and flowers,1.9259,miss,8445.0,/content/CS2309.CH201/results/notebook/qsbench_imgs/20260617-0336-bb4785/improved_fp16_cache/000000000061_0.png
improved_fp16_cache,000000000061,1,"a mid autumn road lined with trees and leaves at night, dark lighting",1.587,hit,8445.5,/content/CS2309.CH201/results/notebook/qsbench_imgs/20260617-0336-bb4785/improved_fp16_cache/000000000061_1.png
improved_fp16_cache,000000000061,2,"a mid autumn road lined with trees and leaves in winter, covered in snow",1.5731,hit,8445.5,/content/CS2309.CH201/results/notebook/qsbench_imgs/20260617-0336-bb4785/improved_fp16_cache/000000000061_2.png
improved_fp16_cache,000000000062,0,a cat is sleeping in a pile of colorful stones,1.9505,miss,8445.0,/content/CS2309.CH201/results/notebook/qsbench_imgs/20260617-0336-bb4785/improved_fp16_cache/000000000062_0.png
improved_fp16_cache,000000000062,1,"a rabbit is sitting in a pile of colorful eggs at night, dark lighting",1.6316,hit,8445.5,/content/CS2309.CH201/results/notebook/qsbench_imgs/20260617-0336-bb4785/improved_fp16_cache/000000000062_1.png
improved_fp16_cache,000000000062,2,"a rabbit is sitting in a pile of colorful eggs in winter, covered in snow",1.572,hit,8445.5,/content/CS2309.CH201/results/notebook/qsbench_imgs/20260617-0336-bb4785/improved_fp16_cache/000000000062_2.png
improved_fp16_cache,000000000063,0,a white vase with some wilted vegatables in it,1.9406,miss,8445.0,/content/CS2309.CH201/results/notebook/qsbench_imgs/20260617-0336-bb4785/improved_fp16_cache/000000000063_0.png
improved_fp16_cache,000000000063,1,"a vase with some blooming flowers in it at night, dark lighting",1.5836,hit,8445.5,/content/CS2309.CH201/results/notebook/qsbench_imgs/20260617-0336-bb4785/improved_fp16_cache/000000000063_1.png
improved_fp16_cache,000000000063,2,"a vase with some blooming flowers in it in winter, covered in snow",1.6178,hit,8445.5,/content/CS2309.CH201/results/notebook/qsbench_imgs/20260617-0336-bb4785/improved_fp16_cache/000000000063_2.png
improved_fp16_cache,000000000064,0,a woman riding a lion in front of a glowing red flame,1.928,miss,8445.0,/content/CS2309.CH201/results/notebook/qsbench_imgs/20260617-0336-bb4785/improved_fp16_cache/000000000064_0.png
improved_fp16_cache,000000000064,1,"a woman in front of a glowing yellow light at night, dark lighting",1.6151,hit,8445.5,/content/CS2309.CH201/results/notebook/qsbench_imgs/20260617-0336-bb4785/improved_fp16_cache/000000000064_1.png
improved_fp16_cache,000000000064,2,"a woman in front of a glowing yellow light in winter, covered in snow",1.5848,hit,8445.5,/content/CS2309.CH201/results/notebook/qsbench_imgs/20260617-0336-bb4785/improved_fp16_cache/000000000064_2.png
improved_fp16_cache,000000000065,0,a blue bird is standing on a stone,1.9328,miss,8445.0,/content/CS2309.CH201/results/notebook/qsbench_imgs/20260617-0336-bb4785/improved_fp16_cache/000000000065_0.png
improved_fp16_cache,000000000065,1,"a bird is sitting on a branch with moss at night, dark lighting",1.5784,hit,8445.5,/content/CS2309.CH201/results/notebook/qsbench_imgs/20260617-0336-bb4785/improved_fp16_cache/000000000065_1.png
improved_fp16_cache,000000000065,2,"a bird is sitting on a branch with moss in winter, covered in snow",1.5886,hit,8445.5,/content/CS2309.CH201/results/notebook/qsbench_imgs/20260617-0336-bb4785/improved_fp16_cache/000000000065_2.png
improved_fp16_cache,000000000066,0,painting of a german shepherd standing on the ground,1.9245,miss,8445.0,/content/CS2309.CH201/results/notebook/qsbench_imgs/20260617-0336-bb4785/improved_fp16_cache/000000000066_0.png
improved_fp16_cache,000000000066,1,"a dalmatian dog laying on the ground at night, dark lighting",1.585,hit,8445.5,/content/CS2309.CH201/results/notebook/qsbench_imgs/20260617-0336-bb4785/improved_fp16_cache/000000000066_1.png
improved_fp16_cache,000000000066,2,"a dalmatian dog laying on the ground in winter, covered in snow",1.6148,hit,8445.5,/content/CS2309.CH201/results/notebook/qsbench_imgs/20260617-0336-bb4785/improved_fp16_cache/000000000066_2.png
improved_fp16_cache,000000000067,0,a woman in a white shirt crying in the rain,1.938,miss,8445.0,/content/CS2309.CH201/results/notebook/qsbench_imgs/20260617-0336-bb4785/improved_fp16_cache/000000000067_0.png
improved_fp16_cache,000000000067,1,"a woman in a jacket standing in the rain at night, dark lighting",1.5934,hit,8445.5,/content/CS2309.CH201/results/notebook/qsbench_imgs/20260617-0336-bb4785/improved_fp16_cache/000000000067_1.png
improved_fp16_cache,000000000067,2,"a woman in a jacket standing in the rain in winter, covered in snow",1.5823,hit,8445.5,/content/CS2309.CH201/results/notebook/qsbench_imgs/20260617-0336-bb4785/improved_fp16_cache/000000000067_2.png
improved_fp16_cache,000000000068,0,painting of white unicorns standing in the woods,1.9202,miss,8445.0,/content/CS2309.CH201/results/notebook/qsbench_imgs/20260617-0336-bb4785/improved_fp16_cache/000000000068_0.png
improved_fp16_cache,000000000068,1,"photo of horses running in the woods at night, dark lighting",1.593,hit,8445.5,/content/CS2309.CH201/results/notebook/qsbench_imgs/20260617-0336-bb4785/improved_fp16_cache/000000000068_1.png
improved_fp16_cache,000000000068,2,"photo of horses running in the woods in winter, covered in snow",1.5977,hit,8445.5,/content/CS2309.CH201/results/notebook/qsbench_imgs/20260617-0336-bb4785/improved_fp16_cache/000000000068_2.png
improved_fp16_cache,000000000069,0,forest with snow and bus,1.9441,miss,8445.0,/content/CS2309.CH201/results/notebook/qsbench_imgs/20260617-0336-bb4785/improved_fp16_cache/000000000069_0.png
improved_fp16_cache,000000000069,1,"sea and house at night, dark lighting",1.5997,hit,8445.5,/content/CS2309.CH201/results/notebook/qsbench_imgs/20260617-0336-bb4785/improved_fp16_cache/000000000069_1.png
improved_fp16_cache,000000000069,2,"sea and house in winter, covered in snow",1.6195,hit,8445.5,/content/CS2309.CH201/results/notebook/qsbench_imgs/20260617-0336-bb4785/improved_fp16_cache/000000000069_2.png
improved_fp16_cache,000000000070,0,"a sunny day of the park of dresden, germany, europe",1.9179,miss,8445.0,/content/CS2309.CH201/results/notebook/qsbench_imgs/20260617-0336-bb4785/improved_fp16_cache/000000000070_0.png
improved_fp16_cache,000000000070,1,"the city of dresden, germany, europe at night, dark lighting",1.5892,hit,8445.5,/content/CS2309.CH201/results/notebook/qsbench_imgs/20260617-0336-bb4785/improved_fp16_cache/000000000070_1.png
improved_fp16_cache,000000000070,2,"the city of dresden, germany, europe in winter, covered in snow",1.6114,hit,8445.5,/content/CS2309.CH201/results/notebook/qsbench_imgs/20260617-0336-bb4785/improved_fp16_cache/000000000070_2.png
improved_fp16_cache,000000000071,0,an orange with two hands on it in a dark background,1.9039,miss,8445.0,/content/CS2309.CH201/results/notebook/qsbench_imgs/20260617-0336-bb4785/improved_fp16_cache/000000000071_0.png
improved_fp16_cache,000000000071,1,"an apple with two faces on it in a white background at night, dark lighting",1.5928,hit,8445.5,/content/CS2309.CH201/results/notebook/qsbench_imgs/20260617-0336-bb4785/improved_fp16_cache/000000000071_1.png
improved_fp16_cache,000000000071,2,"an apple with two faces on it in a white background in winter, covered in snow",1.6016,hit,8445.5,/content/CS2309.CH201/results/notebook/qsbench_imgs/20260617-0336-bb4785/improved_fp16_cache/000000000071_2.png
improved_fp16_cache,000000000072,0,wooden green vases,1.932,miss,8445.0,/content/CS2309.CH201/results/notebook/qsbench_imgs/20260617-0336-bb4785/improved_fp16_cache/000000000072_0.png
improved_fp16_cache,000000000072,1,"colorful cups at night, dark lighting",1.6,hit,8445.5,/content/CS2309.CH201/results/notebook/qsbench_imgs/20260617-0336-bb4785/improved_fp16_cache/000000000072_1.png
improved_fp16_cache,000000000072,2,"colorful cups in winter, covered in snow",1.589,hit,8445.5,/content/CS2309.CH201/results/notebook/qsbench_imgs/20260617-0336-bb4785/improved_fp16_cache/000000000072_2.png
improved_fp16_cache,000000000073,0,a autumn field with buildings and a pink sky,1.9469,miss,8445.0,/content/CS2309.CH201/results/notebook/qsbench_imgs/20260617-0336-bb4785/improved_fp16_cache/000000000073_0.png
improved_fp16_cache,000000000073,1,"a spring field with trees and a blue sky at night, dark lighting",1.6031,hit,8445.5,/content/CS2309.CH201/results/notebook/qsbench_imgs/20260617-0336-bb4785/improved_fp16_cache/000000000073_1.png
improved_fp16_cache,000000000073,2,"a spring field with trees and a blue sky in winter, covered in snow",1.6123,hit,8445.5,/content/CS2309.CH201/results/notebook/qsbench_imgs/20260617-0336-bb4785/improved_fp16_cache/000000000073_2.png
improved_fp16_cache,000000000074,0,a building is covered in leaves and snow,1.9369,miss,8445.0,/content/CS2309.CH201/results/notebook/qsbench_imgs/20260617-0336-bb4785/improved_fp16_cache/000000000074_0.png
improved_fp16_cache,000000000074,1,"a mountain is covered in clouds and snow at night, dark lighting",1.6049,hit,8445.5,/content/CS2309.CH201/results/notebook/qsbench_imgs/20260617-0336-bb4785/improved_fp16_cache/000000000074_1.png
improved_fp16_cache,000000000074,2,"a mountain is covered in clouds and snow in winter, covered in snow",1.5936,hit,8445.5,/content/CS2309.CH201/results/notebook/qsbench_imgs/20260617-0336-bb4785/improved_fp16_cache/000000000074_2.png
improved_fp16_cache,000000000075,0,a woman with cats and dogs playing around her face,1.9252,miss,8445.0,/content/CS2309.CH201/results/notebook/qsbench_imgs/20260617-0336-bb4785/improved_fp16_cache/000000000075_0.png
improved_fp16_cache,000000000075,1,"a woman with flowers around her face at night, dark lighting",1.6231,hit,8445.5,/content/CS2309.CH201/results/notebook/qsbench_imgs/20260617-0336-bb4785/improved_fp16_cache/000000000075_1.png
improved_fp16_cache,000000000075,2,"a woman with flowers around her face in winter, covered in snow",1.5887,hit,8445.5,/content/CS2309.CH201/results/notebook/qsbench_imgs/20260617-0336-bb4785/improved_fp16_cache/000000000075_2.png
improved_fp16_cache,000000000076,0,a painting of a golden vase with a flower coming out of it,1.9245,miss,8445.0,/content/CS2309.CH201/results/notebook/qsbench_imgs/20260617-0336-bb4785/improved_fp16_cache/000000000076_0.png
improved_fp16_cache,000000000076,1,"a painting of a cup with a smoke coming out of it at night, dark lighting",1.5928,hit,8445.5,/content/CS2309.CH201/results/notebook/qsbench_imgs/20260617-0336-bb4785/improved_fp16_cache/000000000076_1.png
improved_fp16_cache,000000000076,2,"a painting of a cup with a smoke coming out of it in winter, covered in snow",1.5841,hit,8445.5,/content/CS2309.CH201/results/notebook/qsbench_imgs/20260617-0336-bb4785/improved_fp16_cache/000000000076_2.png
improved_fp16_cache,000000000077,0,a painting of a car in the snow with colorful buildings in the background,1.9303,miss,8445.0,/content/CS2309.CH201/results/notebook/qsbench_imgs/20260617-0336-bb4785/improved_fp16_cache/000000000077_0.png
improved_fp16_cache,000000000077,1,"a painting of a cabin in the snow with mountains in the background at night, dark lighting",1.5972,hit,8445.5,/content/CS2309.CH201/results/notebook/qsbench_imgs/20260617-0336-bb4785/improved_fp16_cache/000000000077_1.png
improved_fp16_cache,000000000077,2,"a painting of a cabin in the snow with mountains in the background in winter, covered in snow",1.6168,hit,8445.5,/content/CS2309.CH201/results/notebook/qsbench_imgs/20260617-0336-bb4785/improved_fp16_cache/000000000077_2.png
improved_fp16_cache,000000000078,0,ocean with stars shining in the pink sky,1.9253,miss,8445.0,/content/CS2309.CH201/results/notebook/qsbench_imgs/20260617-0336-bb4785/improved_fp16_cache/000000000078_0.png
improved_fp16_cache,000000000078,1,"ocean with clouds in the sky at night, dark lighting",1.6009,hit,8445.5,/content/CS2309.CH201/results/notebook/qsbench_imgs/20260617-0336-bb4785/improved_fp16_cache/000000000078_1.png
improved_fp16_cache,000000000078,2,"ocean with clouds in the sky in winter, covered in snow",1.6073,hit,8445.5,/content/CS2309.CH201/results/notebook/qsbench_imgs/20260617-0336-bb4785/improved_fp16_cache/000000000078_2.png
improved_fp16_cache,000000000079,0,a man walking in a city with buildings in the background,1.9261,miss,8445.0,/content/CS2309.CH201/results/notebook/qsbench_imgs/20260617-0336-bb4785/improved_fp16_cache/000000000079_0.png
improved_fp16_cache,000000000079,1,"a man walking in a town with mountains in the background at night, dark lighting",1.6173,hit,8445.5,/content/CS2309.CH201/results/notebook/qsbench_imgs/20260617-0336-bb4785/improved_fp16_cache/000000000079_1.png
improved_fp16_cache,000000000079,2,"a man walking in a town with mountains in the background in winter, covered in snow",1.5839,hit,8445.5,/content/CS2309.CH201/results/notebook/qsbench_imgs/20260617-0336-bb4785/improved_fp16_cache/000000000079_2.png
improved_fp16_cache,000000000080,0,a fox is shown smiling in a high polygonal style,1.9382,miss,8445.0,/content/CS2309.CH201/results/notebook/qsbench_imgs/20260617-0336-bb4785/improved_fp16_cache/000000000080_0.png
improved_fp16_cache,000000000080,1,"a cat is shown in a low polygonal style at night, dark lighting",1.6144,hit,8445.5,/content/CS2309.CH201/results/notebook/qsbench_imgs/20260617-0336-bb4785/improved_fp16_cache/000000000080_1.png
improved_fp16_cache,000000000080,2,"a cat is shown in a low polygonal style in winter, covered in snow",1.584,hit,8445.5,/content/CS2309.CH201/results/notebook/qsbench_imgs/20260617-0336-bb4785/improved_fp16_cache/000000000080_2.png
improved_fp16_cache,000000000081,0,flowers on a rock in the forest,1.9171,miss,8445.0,/content/CS2309.CH201/results/notebook/qsbench_imgs/20260617-0336-bb4785/improved_fp16_cache/000000000081_0.png
improved_fp16_cache,000000000081,1,"mushrooms on a branch in the forest at night, dark lighting",1.6156,hit,8445.5,/content/CS2309.CH201/results/notebook/qsbench_imgs/20260617-0336-bb4785/improved_fp16_cache/000000000081_1.png
improved_fp16_cache,000000000081,2,"mushrooms on a branch in the forest in winter, covered in snow",1.5998,hit,8445.5,/content/CS2309.CH201/results/notebook/qsbench_imgs/20260617-0336-bb4785/improved_fp16_cache/000000000081_2.png
improved_fp16_cache,000000000082,0,a cute cat holding a pink ball,1.9326,miss,8445.0,/content/CS2309.CH201/results/notebook/qsbench_imgs/20260617-0336-bb4785/improved_fp16_cache/000000000082_0.png
improved_fp16_cache,000000000082,1,"a cute dog holding a red heart at night, dark lighting",1.6196,hit,8445.5,/content/CS2309.CH201/results/notebook/qsbench_imgs/20260617-0336-bb4785/improved_fp16_cache/000000000082_1.png
improved_fp16_cache,000000000082,2,"a cute dog holding a red heart in winter, covered in snow",1.6004,hit,8445.5,/content/CS2309.CH201/results/notebook/qsbench_imgs/20260617-0336-bb4785/improved_fp16_cache/000000000082_2.png
improved_fp16_cache,000000000083,0,a ink droplet hangs from a string of flashing red lights,1.9527,miss,8445.0,/content/CS2309.CH201/results/notebook/qsbench_imgs/20260617-0336-bb4785/improved_fp16_cache/000000000083_0.png
improved_fp16_cache,000000000083,1,"a water droplet hangs from a string of lights at night, dark lighting",1.5962,hit,8445.5,/content/CS2309.CH201/results/notebook/qsbench_imgs/20260617-0336-bb4785/improved_fp16_cache/000000000083_1.png
improved_fp16_cache,000000000083,2,"a water droplet hangs from a string of lights in winter, covered in snow",1.6158,hit,8445.5,/content/CS2309.CH201/results/notebook/qsbench_imgs/20260617-0336-bb4785/improved_fp16_cache/000000000083_2.png
improved_fp16_cache,000000000084,0,two blue and green toy cats are standing on a snow covered surface,1.9315,miss,8445.0,/content/CS2309.CH201/results/notebook/qsbench_imgs/20260617-0336-bb4785/improved_fp16_cache/000000000084_0.png
improved_fp16_cache,000000000084,1,"two red and white toy gnomes are sitting on a snow covered surface at night, dark lighting",1.6179,hit,8445.5,/content/CS2309.CH201/results/notebook/qsbench_imgs/20260617-0336-bb4785/improved_fp16_cache/000000000084_1.png
improved_fp16_cache,000000000084,2,"two red and white toy gnomes are sitting on a snow covered surface in winter, covered in snow",1.6168,hit,8445.5,/content/CS2309.CH201/results/notebook/qsbench_imgs/20260617-0336-bb4785/improved_fp16_cache/000000000084_2.png
improved_fp16_cache,000000000085,0,dog howling at the sun with a outline of a person,1.9045,miss,8445.0,/content/CS2309.CH201/results/notebook/qsbench_imgs/20260617-0336-bb4785/improved_fp16_cache/000000000085_0.png
improved_fp16_cache,000000000085,1,"wolf howling at the moon with a outline of a wolf at night, dark lighting",1.6118,hit,8445.5,/content/CS2309.CH201/results/notebook/qsbench_imgs/20260617-0336-bb4785/improved_fp16_cache/000000000085_1.png
improved_fp16_cache,000000000085,2,"wolf howling at the moon with a outline of a wolf in winter, covered in snow",1.612,hit,8445.5,/content/CS2309.CH201/results/notebook/qsbench_imgs/20260617-0336-bb4785/improved_fp16_cache/000000000085_2.png
improved_fp16_cache,000000000086,0,the violet cherry tree is blooming in the winter,1.9342,miss,8445.0,/content/CS2309.CH201/results/notebook/qsbench_imgs/20260617-0336-bb4785/improved_fp16_cache/000000000086_0.png
improved_fp16_cache,000000000086,1,"the almond tree is blooming in the spring at night, dark lighting",1.5917,hit,8445.5,/content/CS2309.CH201/results/notebook/qsbench_imgs/20260617-0336-bb4785/improved_fp16_cache/000000000086_1.png
improved_fp16_cache,000000000086,2,"the almond tree is blooming in the spring in winter, covered in snow",1.6165,hit,8445.5,/content/CS2309.CH201/results/notebook/qsbench_imgs/20260617-0336-bb4785/improved_fp16_cache/000000000086_2.png
improved_fp16_cache,000000000087,0,a girl rides a dog on a snow field,1.9257,miss,8445.0,/content/CS2309.CH201/results/notebook/qsbench_imgs/20260617-0336-bb4785/improved_fp16_cache/000000000087_0.png
improved_fp16_cache,000000000087,1,"a jockey rides a horse on a grassy field at night, dark lighting",1.6273,hit,8445.5,/content/CS2309.CH201/results/notebook/qsbench_imgs/20260617-0336-bb4785/improved_fp16_cache/000000000087_1.png
improved_fp16_cache,000000000087,2,"a jockey rides a horse on a grassy field in winter, covered in snow",1.6135,hit,8445.5,/content/CS2309.CH201/results/notebook/qsbench_imgs/20260617-0336-bb4785/improved_fp16_cache/000000000087_2.png
improved_fp16_cache,000000000088,0,"a plate with rice, apple slices and steak",1.9547,miss,8445.0,/content/CS2309.CH201/results/notebook/qsbench_imgs/20260617-0336-bb4785/improved_fp16_cache/000000000088_0.png
improved_fp16_cache,000000000088,1,"a plate with rice, lemon slices and fish at night, dark lighting",1.611,hit,8445.5,/content/CS2309.CH201/results/notebook/qsbench_imgs/20260617-0336-bb4785/improved_fp16_cache/000000000088_1.png
improved_fp16_cache,000000000088,2,"a plate with rice, lemon slices and fish in winter, covered in snow",1.5946,hit,8445.5,/content/CS2309.CH201/results/notebook/qsbench_imgs/20260617-0336-bb4785/improved_fp16_cache/000000000088_2.png
improved_fp16_cache,000000000089,0,two purple apples on a tree branch with a pink sky in the background,1.9169,miss,8445.0,/content/CS2309.CH201/results/notebook/qsbench_imgs/20260617-0336-bb4785/improved_fp16_cache/000000000089_0.png
improved_fp16_cache,000000000089,1,"two red berries on a tree branch with a blue sky in the background at night, dark lighting",1.5879,hit,8445.5,/content/CS2309.CH201/results/notebook/qsbench_imgs/20260617-0336-bb4785/improved_fp16_cache/000000000089_1.png
improved_fp16_cache,000000000089,2,"two red berries on a tree branch with a blue sky in the background in winter, covered in snow",1.588,hit,8445.5,/content/CS2309.CH201/results/notebook/qsbench_imgs/20260617-0336-bb4785/improved_fp16_cache/000000000089_2.png
improved_fp16_cache,000000000090,0,a drawing of a woman with a colorfull hat on her head and a dress on her body,1.8834,miss,8445.0,/content/CS2309.CH201/results/notebook/qsbench_imgs/20260617-0336-bb4785/improved_fp16_cache/000000000090_0.png
improved_fp16_cache,000000000090,1,"a drawing of a woman with a towel on her head at night, dark lighting",1.5841,hit,8445.5,/content/CS2309.CH201/results/notebook/qsbench_imgs/20260617-0336-bb4785/improved_fp16_cache/000000000090_1.png
improved_fp16_cache,000000000090,2,"a drawing of a woman with a towel on her head in winter, covered in snow",1.607,hit,8445.5,/content/CS2309.CH201/results/notebook/qsbench_imgs/20260617-0336-bb4785/improved_fp16_cache/000000000090_2.png
improved_fp16_cache,000000000091,0,a girl with flowers sitting at a table with noodles and cakes,1.9239,miss,8445.0,/content/CS2309.CH201/results/notebook/qsbench_imgs/20260617-0336-bb4785/improved_fp16_cache/000000000091_0.png
improved_fp16_cache,000000000091,1,"a girl sitting at a table with pizza and drinks at night, dark lighting",1.6025,hit,8445.5,/content/CS2309.CH201/results/notebook/qsbench_imgs/20260617-0336-bb4785/improved_fp16_cache/000000000091_1.png
improved_fp16_cache,000000000091,2,"a girl sitting at a table with pizza and drinks in winter, covered in snow",1.598,hit,8445.5,/content/CS2309.CH201/results/notebook/qsbench_imgs/20260617-0336-bb4785/improved_fp16_cache/000000000091_2.png
improved_fp16_cache,000000000092,0,lilas and cakes on black glass surface,1.9422,miss,8445.0,/content/CS2309.CH201/results/notebook/qsbench_imgs/20260617-0336-bb4785/improved_fp16_cache/000000000092_0.png
improved_fp16_cache,000000000092,1,"lilas and book on wooden surface at night, dark lighting",1.5851,hit,8445.5,/content/CS2309.CH201/results/notebook/qsbench_imgs/20260617-0336-bb4785/improved_fp16_cache/000000000092_1.png
improved_fp16_cache,000000000092,2,"lilas and book on wooden surface in winter, covered in snow",1.6115,hit,8445.5,/content/CS2309.CH201/results/notebook/qsbench_imgs/20260617-0336-bb4785/improved_fp16_cache/000000000092_2.png
improved_fp16_cache,000000000093,0,a garfield cat is sleeping on a sofa,1.9066,miss,8445.0,/content/CS2309.CH201/results/notebook/qsbench_imgs/20260617-0336-bb4785/improved_fp16_cache/000000000093_0.png
improved_fp16_cache,000000000093,1,"a collie dog is sitting on a bed at night, dark lighting",1.5906,hit,8445.5,/content/CS2309.CH201/results/notebook/qsbench_imgs/20260617-0336-bb4785/improved_fp16_cache/000000000093_1.png
improved_fp16_cache,000000000093,2,"a collie dog is sitting on a bed in winter, covered in snow",1.621,hit,8445.5,/content/CS2309.CH201/results/notebook/qsbench_imgs/20260617-0336-bb4785/improved_fp16_cache/000000000093_2.png
improved_fp16_cache,000000000094,0,a cat is sleeping on a blue sweater,1.9731,miss,8445.0,/content/CS2309.CH201/results/notebook/qsbench_imgs/20260617-0336-bb4785/improved_fp16_cache/000000000094_0.png
improved_fp16_cache,000000000094,1,"a cat is sitting on a red blanket at night, dark lighting",1.593,hit,8445.5,/content/CS2309.CH201/results/notebook/qsbench_imgs/20260617-0336-bb4785/improved_fp16_cache/000000000094_1.png
improved_fp16_cache,000000000094,2,"a cat is sitting on a red blanket in winter, covered in snow",1.5885,hit,8445.5,/content/CS2309.CH201/results/notebook/qsbench_imgs/20260617-0336-bb4785/improved_fp16_cache/000000000094_2.png
improved_fp16_cache,000000000095,0,a painting of a fairy with purple wings holding a white crystal ball,1.9227,miss,8445.0,/content/CS2309.CH201/results/notebook/qsbench_imgs/20260617-0336-bb4785/improved_fp16_cache/000000000095_0.png
improved_fp16_cache,000000000095,1,"a painting of a fairy with green wings holding a glowing jar at night, dark lighting",1.59,hit,8445.5,/content/CS2309.CH201/results/notebook/qsbench_imgs/20260617-0336-bb4785/improved_fp16_cache/000000000095_1.png
improved_fp16_cache,000000000095,2,"a painting of a fairy with green wings holding a glowing jar in winter, covered in snow",1.6152,hit,8445.5,/content/CS2309.CH201/results/notebook/qsbench_imgs/20260617-0336-bb4785/improved_fp16_cache/000000000095_2.png
improved_fp16_cache,000000000096,0,a colorful and beautiful photo of bride and groom embrace in the church,1.9506,miss,8445.0,/content/CS2309.CH201/results/notebook/qsbench_imgs/20260617-0336-bb4785/improved_fp16_cache/000000000096_0.png
improved_fp16_cache,000000000096,1,"a white and black photo of bride and groom embrace in the woods at night, dark lighting",1.6111,hit,8445.5,/content/CS2309.CH201/results/notebook/qsbench_imgs/20260617-0336-bb4785/improved_fp16_cache/000000000096_1.png
improved_fp16_cache,000000000096,2,"a white and black photo of bride and groom embrace in the woods in winter, covered in snow",1.6101,hit,8445.5,/content/CS2309.CH201/results/notebook/qsbench_imgs/20260617-0336-bb4785/improved_fp16_cache/000000000096_2.png
improved_fp16_cache,000000000097,0,a metal vase of colorful rose flowers on a white table,1.9365,miss,8445.0,/content/CS2309.CH201/results/notebook/qsbench_imgs/20260617-0336-bb4785/improved_fp16_cache/000000000097_0.png
improved_fp16_cache,000000000097,1,"a vase of colorful flowers on a wooden table at night, dark lighting",1.6128,hit,8445.5,/content/CS2309.CH201/results/notebook/qsbench_imgs/20260617-0336-bb4785/improved_fp16_cache/000000000097_1.png
improved_fp16_cache,000000000097,2,"a vase of colorful flowers on a wooden table in winter, covered in snow",1.6101,hit,8445.5,/content/CS2309.CH201/results/notebook/qsbench_imgs/20260617-0336-bb4785/improved_fp16_cache/000000000097_2.png
improved_fp16_cache,000000000098,0,a cat hanging from a wire with grass in the background,1.9303,miss,8445.0,/content/CS2309.CH201/results/notebook/qsbench_imgs/20260617-0336-bb4785/improved_fp16_cache/000000000098_0.png
improved_fp16_cache,000000000098,1,"a light bulb hanging from a wire with sky in the background at night, dark lighting",1.6218,hit,8445.5,/content/CS2309.CH201/results/notebook/qsbench_imgs/20260617-0336-bb4785/improved_fp16_cache/000000000098_1.png
improved_fp16_cache,000000000098,2,"a light bulb hanging from a wire with sky in the background in winter, covered in snow",1.6061,hit,8445.5,/content/CS2309.CH201/results/notebook/qsbench_imgs/20260617-0336-bb4785/improved_fp16_cache/000000000098_2.png
improved_fp16_cache,000000000099,0,a painting of a woman with pink hair holding a teddy bear,1.9196,miss,8445.0,/content/CS2309.CH201/results/notebook/qsbench_imgs/20260617-0336-bb4785/improved_fp16_cache/000000000099_0.png
improved_fp16_cache,000000000099,1,"a painting of a woman holding a pink flower at night, dark lighting",1.6154,hit,8445.5,/content/CS2309.CH201/results/notebook/qsbench_imgs/20260617-0336-bb4785/improved_fp16_cache/000000000099_1.png
improved_fp16_cache,000000000099,2,"a painting of a woman holding a pink flower in winter, covered in snow",1.6372,hit,8445.5,/content/CS2309.CH201/results/notebook/qsbench_imgs/20260617-0336-bb4785/improved_fp16_cache/000000000099_2.png
improved_fp16_cache,000000000100,0,a woman in red holding an umbrella runs through a forest,1.9249,miss,8445.0,/content/CS2309.CH201/results/notebook/qsbench_imgs/20260617-0336-bb4785/improved_fp16_cache/000000000100_0.png
improved_fp16_cache,000000000100,1,"a woman in black holding an umbrella walks through a field at night, dark lighting",1.5992,hit,8445.5,/content/CS2309.CH201/results/notebook/qsbench_imgs/20260617-0336-bb4785/improved_fp16_cache/000000000100_1.png
improved_fp16_cache,000000000100,2,"a woman in black holding an umbrella walks through a field in winter, covered in snow",1.5794,hit,8445.5,/content/CS2309.CH201/results/notebook/qsbench_imgs/20260617-0336-bb4785/improved_fp16_cache/000000000100_2.png
improved_fp16_cache,000000000101,0,blue poppies and bees in winter,1.9478,miss,8445.0,/content/CS2309.CH201/results/notebook/qsbench_imgs/20260617-0336-bb4785/improved_fp16_cache/000000000101_0.png
improved_fp16_cache,000000000101,1,"poppies at night, dark lighting",1.5999,hit,8445.5,/content/CS2309.CH201/results/notebook/qsbench_imgs/20260617-0336-bb4785/improved_fp16_cache/000000000101_1.png
improved_fp16_cache,000000000101,2,"poppies in winter, covered in snow",1.6069,hit,8445.5,/content/CS2309.CH201/results/notebook/qsbench_imgs/20260617-0336-bb4785/improved_fp16_cache/000000000101_2.png
improved_fp16_cache,000000000102,0,a white tulip on the rail,1.9361,miss,8445.0,/content/CS2309.CH201/results/notebook/qsbench_imgs/20260617-0336-bb4785/improved_fp16_cache/000000000102_0.png
improved_fp16_cache,000000000102,1,"a rose on the rail at night, dark lighting",1.5946,hit,8445.5,/content/CS2309.CH201/results/notebook/qsbench_imgs/20260617-0336-bb4785/improved_fp16_cache/000000000102_1.png
improved_fp16_cache,000000000102,2,"a rose on the rail in winter, covered in snow",1.6226,hit,8445.5,/content/CS2309.CH201/results/notebook/qsbench_imgs/20260617-0336-bb4785/improved_fp16_cache/000000000102_2.png
improved_fp16_cache,000000000103,0,an digital painting of stars and moon,1.9328,miss,8445.0,/content/CS2309.CH201/results/notebook/qsbench_imgs/20260617-0336-bb4785/improved_fp16_cache/000000000103_0.png
improved_fp16_cache,000000000103,1,"an abstract painting of waves and water at night, dark lighting",1.622,hit,8445.5,/content/CS2309.CH201/results/notebook/qsbench_imgs/20260617-0336-bb4785/improved_fp16_cache/000000000103_1.png
improved_fp16_cache,000000000103,2,"an abstract painting of waves and water in winter, covered in snow",1.6115,hit,8445.5,/content/CS2309.CH201/results/notebook/qsbench_imgs/20260617-0336-bb4785/improved_fp16_cache/000000000103_2.png
improved_fp16_cache,000000000104,0,a woman with white snakes in her hair,1.9557,miss,8445.0,/content/CS2309.CH201/results/notebook/qsbench_imgs/20260617-0336-bb4785/improved_fp16_cache/000000000104_0.png
improved_fp16_cache,000000000104,1,"a woman with flowers in her hair at night, dark lighting",1.597,hit,8445.5,/content/CS2309.CH201/results/notebook/qsbench_imgs/20260617-0336-bb4785/improved_fp16_cache/000000000104_1.png
improved_fp16_cache,000000000104,2,"a woman with flowers in her hair in winter, covered in snow",1.6179,hit,8445.5,/content/CS2309.CH201/results/notebook/qsbench_imgs/20260617-0336-bb4785/improved_fp16_cache/000000000104_2.png
improved_fp16_cache,000000000105,0,fat orange cat with green eyes,1.9438,miss,8445.0,/content/CS2309.CH201/results/notebook/qsbench_imgs/20260617-0336-bb4785/improved_fp16_cache/000000000105_0.png
improved_fp16_cache,000000000105,1,"cat with yellow eyes at night, dark lighting",1.5907,hit,8445.5,/content/CS2309.CH201/results/notebook/qsbench_imgs/20260617-0336-bb4785/improved_fp16_cache/000000000105_1.png
improved_fp16_cache,000000000105,2,"cat with yellow eyes in winter, covered in snow",1.5964,hit,8445.5,/content/CS2309.CH201/results/notebook/qsbench_imgs/20260617-0336-bb4785/improved_fp16_cache/000000000105_2.png
improved_fp16_cache,000000000106,0,a blue umbrella with rainbow spots on it is sitting on the ground,1.924,miss,8445.0,/content/CS2309.CH201/results/notebook/qsbench_imgs/20260617-0336-bb4785/improved_fp16_cache/000000000106_0.png
improved_fp16_cache,000000000106,1,"a red mushroom with white spots on it is sitting on the ground at night, dark lighting",1.5992,hit,8445.5,/content/CS2309.CH201/results/notebook/qsbench_imgs/20260617-0336-bb4785/improved_fp16_cache/000000000106_1.png
improved_fp16_cache,000000000106,2,"a red mushroom with white spots on it is sitting on the ground in winter, covered in snow",1.6117,hit,8445.5,/content/CS2309.CH201/results/notebook/qsbench_imgs/20260617-0336-bb4785/improved_fp16_cache/000000000106_2.png
improved_fp16_cache,000000000107,0,a red wodden duck on the branch,1.9445,miss,8445.0,/content/CS2309.CH201/results/notebook/qsbench_imgs/20260617-0336-bb4785/improved_fp16_cache/000000000107_0.png
improved_fp16_cache,000000000107,1,"a bird on the branch at night, dark lighting",1.6089,hit,8445.5,/content/CS2309.CH201/results/notebook/qsbench_imgs/20260617-0336-bb4785/improved_fp16_cache/000000000107_1.png
improved_fp16_cache,000000000107,2,"a bird on the branch in winter, covered in snow",1.5997,hit,8445.5,/content/CS2309.CH201/results/notebook/qsbench_imgs/20260617-0336-bb4785/improved_fp16_cache/000000000107_2.png
improved_fp16_cache,000000000108,0,watercolor painting of a boy standing in a living room,1.9434,miss,8445.0,/content/CS2309.CH201/results/notebook/qsbench_imgs/20260617-0336-bb4785/improved_fp16_cache/000000000108_0.png
improved_fp16_cache,000000000108,1,"a woman sitting in a living room at night, dark lighting",1.5784,hit,8445.5,/content/CS2309.CH201/results/notebook/qsbench_imgs/20260617-0336-bb4785/improved_fp16_cache/000000000108_1.png
improved_fp16_cache,000000000108,2,"a woman sitting in a living room in winter, covered in snow",1.6097,hit,8445.5,/content/CS2309.CH201/results/notebook/qsbench_imgs/20260617-0336-bb4785/improved_fp16_cache/000000000108_2.png
improved_fp16_cache,000000000109,0,a school with a red tile roof and trees in the background,1.9381,miss,8445.0,/content/CS2309.CH201/results/notebook/qsbench_imgs/20260617-0336-bb4785/improved_fp16_cache/000000000109_0.png
improved_fp16_cache,000000000109,1,"a farm with a thatched roof and trees in the background at night, dark lighting",1.6231,hit,8445.5,/content/CS2309.CH201/results/notebook/qsbench_imgs/20260617-0336-bb4785/improved_fp16_cache/000000000109_1.png
improved_fp16_cache,000000000109,2,"a farm with a thatched roof and trees in the background in winter, covered in snow",1.5898,hit,8445.5,/content/CS2309.CH201/results/notebook/qsbench_imgs/20260617-0336-bb4785/improved_fp16_cache/000000000109_2.png
improved_fp16_cache,000000000110,0,a old woman is holding a white cat,1.922,miss,8445.0,/content/CS2309.CH201/results/notebook/qsbench_imgs/20260617-0336-bb4785/improved_fp16_cache/000000000110_0.png
improved_fp16_cache,000000000110,1,"a young woman is holding a dog at night, dark lighting",1.6148,hit,8445.5,/content/CS2309.CH201/results/notebook/qsbench_imgs/20260617-0336-bb4785/improved_fp16_cache/000000000110_1.png
improved_fp16_cache,000000000110,2,"a young woman is holding a dog in winter, covered in snow",1.6002,hit,8445.5,/content/CS2309.CH201/results/notebook/qsbench_imgs/20260617-0336-bb4785/improved_fp16_cache/000000000110_2.png
improved_fp16_cache,000000000111,0,a dog with blue eyes standing on the ground,1.9452,miss,8445.0,/content/CS2309.CH201/results/notebook/qsbench_imgs/20260617-0336-bb4785/improved_fp16_cache/000000000111_0.png
improved_fp16_cache,000000000111,1,"a cat with green eyes sitting on the ground at night, dark lighting",1.5956,hit,8445.5,/content/CS2309.CH201/results/notebook/qsbench_imgs/20260617-0336-bb4785/improved_fp16_cache/000000000111_1.png
improved_fp16_cache,000000000111,2,"a cat with green eyes sitting on the ground in winter, covered in snow",1.5854,hit,8445.5,/content/CS2309.CH201/results/notebook/qsbench_imgs/20260617-0336-bb4785/improved_fp16_cache/000000000111_2.png
improved_fp16_cache,000000000112,0,a group of pink plush ducks are swimming in a canal,1.9446,miss,8445.0,/content/CS2309.CH201/results/notebook/qsbench_imgs/20260617-0336-bb4785/improved_fp16_cache/000000000112_0.png
improved_fp16_cache,000000000112,1,"a group of rubber ducks are lined up in a canal at night, dark lighting",1.6078,hit,8445.5,/content/CS2309.CH201/results/notebook/qsbench_imgs/20260617-0336-bb4785/improved_fp16_cache/000000000112_1.png
improved_fp16_cache,000000000112,2,"a group of rubber ducks are lined up in a canal in winter, covered in snow",1.6174,hit,8445.5,/content/CS2309.CH201/results/notebook/qsbench_imgs/20260617-0336-bb4785/improved_fp16_cache/000000000112_2.png
improved_fp16_cache,000000000113,0,rabbits holding apples in the grass,1.9597,miss,8445.0,/content/CS2309.CH201/results/notebook/qsbench_imgs/20260617-0336-bb4785/improved_fp16_cache/000000000113_0.png
improved_fp16_cache,000000000113,1,"dogs running in the grass at night, dark lighting",1.6308,hit,8445.5,/content/CS2309.CH201/results/notebook/qsbench_imgs/20260617-0336-bb4785/improved_fp16_cache/000000000113_1.png
improved_fp16_cache,000000000113,2,"dogs running in the grass in winter, covered in snow",1.6029,hit,8445.5,/content/CS2309.CH201/results/notebook/qsbench_imgs/20260617-0336-bb4785/improved_fp16_cache/000000000113_2.png
improved_fp16_cache,000000000114,0,a painting of a man and woman playing on the ground,1.9454,miss,8445.0,/content/CS2309.CH201/results/notebook/qsbench_imgs/20260617-0336-bb4785/improved_fp16_cache/000000000114_0.png
improved_fp16_cache,000000000114,1,"a photo of a man and woman sitting on the ground at night, dark lighting",1.5823,hit,8445.5,/content/CS2309.CH201/results/notebook/qsbench_imgs/20260617-0336-bb4785/improved_fp16_cache/000000000114_1.png
improved_fp16_cache,000000000114,2,"a photo of a man and woman sitting on the ground in winter, covered in snow",1.6032,hit,8445.5,/content/CS2309.CH201/results/notebook/qsbench_imgs/20260617-0336-bb4785/improved_fp16_cache/000000000114_2.png
improved_fp16_cache,000000000115,0,two colorful birds flying next to each other,1.9283,miss,8445.0,/content/CS2309.CH201/results/notebook/qsbench_imgs/20260617-0336-bb4785/improved_fp16_cache/000000000115_0.png
improved_fp16_cache,000000000115,1,"two ducks standing next to each other at night, dark lighting",1.6197,hit,8445.5,/content/CS2309.CH201/results/notebook/qsbench_imgs/20260617-0336-bb4785/improved_fp16_cache/000000000115_1.png
improved_fp16_cache,000000000115,2,"two ducks standing next to each other in winter, covered in snow",1.5986,hit,8445.5,/content/CS2309.CH201/results/notebook/qsbench_imgs/20260617-0336-bb4785/improved_fp16_cache/000000000115_2.png
improved_fp16_cache,000000000116,0,colorful dinosaur eggs in a glass,1.9305,miss,8445.0,/content/CS2309.CH201/results/notebook/qsbench_imgs/20260617-0336-bb4785/improved_fp16_cache/000000000116_0.png
improved_fp16_cache,000000000116,1,"easter eggs in a teacup at night, dark lighting",1.6246,hit,8445.5,/content/CS2309.CH201/results/notebook/qsbench_imgs/20260617-0336-bb4785/improved_fp16_cache/000000000116_1.png
improved_fp16_cache,000000000116,2,"easter eggs in a teacup in winter, covered in snow",1.6149,hit,8445.5,/content/CS2309.CH201/results/notebook/qsbench_imgs/20260617-0336-bb4785/improved_fp16_cache/000000000116_2.png
improved_fp16_cache,000000000117,0,a blue flower with red bee center in the middle,1.9651,miss,8445.0,/content/CS2309.CH201/results/notebook/qsbench_imgs/20260617-0336-bb4785/improved_fp16_cache/000000000117_0.png
improved_fp16_cache,000000000117,1,"a pink flower with yellow center in the middle at night, dark lighting",1.6265,hit,8445.5,/content/CS2309.CH201/results/notebook/qsbench_imgs/20260617-0336-bb4785/improved_fp16_cache/000000000117_1.png
improved_fp16_cache,000000000117,2,"a pink flower with yellow center in the middle in winter, covered in snow",1.6317,hit,8445.5,/content/CS2309.CH201/results/notebook/qsbench_imgs/20260617-0336-bb4785/improved_fp16_cache/000000000117_2.png
improved_fp16_cache,000000000118,0,a big cat is sitting on a branch in a forest,1.9164,miss,8445.0,/content/CS2309.CH201/results/notebook/qsbench_imgs/20260617-0336-bb4785/improved_fp16_cache/000000000118_0.png
improved_fp16_cache,000000000118,1,"a small bird is sitting on a branch in a field at night, dark lighting",1.5912,hit,8445.5,/content/CS2309.CH201/results/notebook/qsbench_imgs/20260617-0336-bb4785/improved_fp16_cache/000000000118_1.png
improved_fp16_cache,000000000118,2,"a small bird is sitting on a branch in a field in winter, covered in snow",1.6097,hit,8445.5,/content/CS2309.CH201/results/notebook/qsbench_imgs/20260617-0336-bb4785/improved_fp16_cache/000000000118_2.png
improved_fp16_cache,000000000119,0,a woman in white crying on a chair with ghost in the background,1.948,miss,8445.0,/content/CS2309.CH201/results/notebook/qsbench_imgs/20260617-0336-bb4785/improved_fp16_cache/000000000119_0.png
improved_fp16_cache,000000000119,1,"a woman in red sitting on a chair with castle in the background at night, dark lighting",1.5917,hit,8445.5,/content/CS2309.CH201/results/notebook/qsbench_imgs/20260617-0336-bb4785/improved_fp16_cache/000000000119_1.png
improved_fp16_cache,000000000119,2,"a woman in red sitting on a chair with castle in the background in winter, covered in snow",1.6094,hit,8445.5,/content/CS2309.CH201/results/notebook/qsbench_imgs/20260617-0336-bb4785/improved_fp16_cache/000000000119_2.png
improved_fp16_cache,000000000120,0,woman with pink straight hair and blue eyes,1.9416,miss,8445.0,/content/CS2309.CH201/results/notebook/qsbench_imgs/20260617-0336-bb4785/improved_fp16_cache/000000000120_0.png
improved_fp16_cache,000000000120,1,"woman with brown hair at night, dark lighting",1.5947,hit,8445.5,/content/CS2309.CH201/results/notebook/qsbench_imgs/20260617-0336-bb4785/improved_fp16_cache/000000000120_1.png
improved_fp16_cache,000000000120,2,"woman with brown hair in winter, covered in snow",1.5751,hit,8445.5,/content/CS2309.CH201/results/notebook/qsbench_imgs/20260617-0336-bb4785/improved_fp16_cache/000000000120_2.png
improved_fp16_cache,000000000121,0,oilpainting of pink roses on a branch,1.93,miss,8445.0,/content/CS2309.CH201/results/notebook/qsbench_imgs/20260617-0336-bb4785/improved_fp16_cache/000000000121_0.png
improved_fp16_cache,000000000121,1,"watercolor of leaves on a branch at night, dark lighting",1.5788,hit,8445.5,/content/CS2309.CH201/results/notebook/qsbench_imgs/20260617-0336-bb4785/improved_fp16_cache/000000000121_1.png
improved_fp16_cache,000000000121,2,"watercolor of leaves on a branch in winter, covered in snow",1.5866,hit,8445.5,/content/CS2309.CH201/results/notebook/qsbench_imgs/20260617-0336-bb4785/improved_fp16_cache/000000000121_2.png
improved_fp16_cache,000000000122,0,a view of the mountains covered in red berries and leaves,1.9565,miss,8445.0,/content/CS2309.CH201/results/notebook/qsbench_imgs/20260617-0336-bb4785/improved_fp16_cache/000000000122_0.png
improved_fp16_cache,000000000122,1,"a view of the mountains covered in snow at night, dark lighting",1.5931,hit,8445.5,/content/CS2309.CH201/results/notebook/qsbench_imgs/20260617-0336-bb4785/improved_fp16_cache/000000000122_1.png
improved_fp16_cache,000000000122,2,"a view of the mountains covered in snow in winter, covered in snow",1.5976,hit,8445.5,/content/CS2309.CH201/results/notebook/qsbench_imgs/20260617-0336-bb4785/improved_fp16_cache/000000000122_2.png
improved_fp16_cache,000000000123,0,red stone buddha statue with diamonds in the temple,1.9455,miss,8445.0,/content/CS2309.CH201/results/notebook/qsbench_imgs/20260617-0336-bb4785/improved_fp16_cache/000000000123_0.png
improved_fp16_cache,000000000123,1,"gold buddha statue in the temple at night, dark lighting",1.5912,hit,8445.5,/content/CS2309.CH201/results/notebook/qsbench_imgs/20260617-0336-bb4785/improved_fp16_cache/000000000123_1.png
improved_fp16_cache,000000000123,2,"gold buddha statue in the temple in winter, covered in snow",1.5949,hit,8445.5,/content/CS2309.CH201/results/notebook/qsbench_imgs/20260617-0336-bb4785/improved_fp16_cache/000000000123_2.png
improved_fp16_cache,000000000124,0,the pink sunset and rainbow over the durdle door,1.9273,miss,8445.0,/content/CS2309.CH201/results/notebook/qsbench_imgs/20260617-0336-bb4785/improved_fp16_cache/000000000124_0.png
improved_fp16_cache,000000000124,1,"the galaxy over the durdle door at night, dark lighting",1.6057,hit,8445.5,/content/CS2309.CH201/results/notebook/qsbench_imgs/20260617-0336-bb4785/improved_fp16_cache/000000000124_1.png
improved_fp16_cache,000000000124,2,"the galaxy over the durdle door in winter, covered in snow",1.591,hit,8445.5,/content/CS2309.CH201/results/notebook/qsbench_imgs/20260617-0336-bb4785/improved_fp16_cache/000000000124_2.png
improved_fp16_cache,000000000125,0,a close up of a blue flower lego on a light background,1.9165,miss,8445.0,/content/CS2309.CH201/results/notebook/qsbench_imgs/20260617-0336-bb4785/improved_fp16_cache/000000000125_0.png
improved_fp16_cache,000000000125,1,"a close up of a purple flower on a black background at night, dark lighting",1.6003,hit,8445.5,/content/CS2309.CH201/results/notebook/qsbench_imgs/20260617-0336-bb4785/improved_fp16_cache/000000000125_1.png
improved_fp16_cache,000000000125,2,"a close up of a purple flower on a black background in winter, covered in snow",1.6061,hit,8445.5,/content/CS2309.CH201/results/notebook/qsbench_imgs/20260617-0336-bb4785/improved_fp16_cache/000000000125_2.png
improved_fp16_cache,000000000126,0,an oil painting of a cat in kitchen,1.9361,miss,8445.0,/content/CS2309.CH201/results/notebook/qsbench_imgs/20260617-0336-bb4785/improved_fp16_cache/000000000126_0.png
improved_fp16_cache,000000000126,1,"a kitchen at night, dark lighting",1.5779,hit,8445.5,/content/CS2309.CH201/results/notebook/qsbench_imgs/20260617-0336-bb4785/improved_fp16_cache/000000000126_1.png
improved_fp16_cache,000000000126,2,"a kitchen in winter, covered in snow",1.5878,hit,8445.5,/content/CS2309.CH201/results/notebook/qsbench_imgs/20260617-0336-bb4785/improved_fp16_cache/000000000126_2.png
improved_fp16_cache,000000000127,0,a white boat with boxes is docked on a lake in the sunny day,1.9337,miss,8445.0,/content/CS2309.CH201/results/notebook/qsbench_imgs/20260617-0336-bb4785/improved_fp16_cache/000000000127_0.png
improved_fp16_cache,000000000127,1,"a boat is docked on a lake in the heavy fog at night, dark lighting",1.6141,hit,8445.5,/content/CS2309.CH201/results/notebook/qsbench_imgs/20260617-0336-bb4785/improved_fp16_cache/000000000127_1.png
improved_fp16_cache,000000000127,2,"a boat is docked on a lake in the heavy fog in winter, covered in snow",1.59,hit,8445.5,/content/CS2309.CH201/results/notebook/qsbench_imgs/20260617-0336-bb4785/improved_fp16_cache/000000000127_2.png
improved_fp16_cache,000000000128,0,watercolor painting of a cat sleeping with pink flowers with a light background,1.9539,miss,8445.0,/content/CS2309.CH201/results/notebook/qsbench_imgs/20260617-0336-bb4785/improved_fp16_cache/000000000128_0.png
improved_fp16_cache,000000000128,1,"cartoon painting of a fox sleeping with flowers with a gray background at night, dark lighting",1.5884,hit,8445.5,/content/CS2309.CH201/results/notebook/qsbench_imgs/20260617-0336-bb4785/improved_fp16_cache/000000000128_1.png
improved_fp16_cache,000000000128,2,"cartoon painting of a fox sleeping with flowers with a gray background in winter, covered in snow",1.5884,hit,8445.5,/content/CS2309.CH201/results/notebook/qsbench_imgs/20260617-0336-bb4785/improved_fp16_cache/000000000128_2.png
improved_fp16_cache,000000000129,0,a woman with blue makeup and a hat,1.9592,miss,8445.0,/content/CS2309.CH201/results/notebook/qsbench_imgs/20260617-0336-bb4785/improved_fp16_cache/000000000129_0.png
improved_fp16_cache,000000000129,1,"a woman with gold makeup at night, dark lighting",1.5906,hit,8445.5,/content/CS2309.CH201/results/notebook/qsbench_imgs/20260617-0336-bb4785/improved_fp16_cache/000000000129_1.png
improved_fp16_cache,000000000129,2,"a woman with gold makeup in winter, covered in snow",1.6171,hit,8445.5,/content/CS2309.CH201/results/notebook/qsbench_imgs/20260617-0336-bb4785/improved_fp16_cache/000000000129_2.png
improved_fp16_cache,000000000130,0,a toy figure of cat sitting on a rock,1.9224,miss,8445.0,/content/CS2309.CH201/results/notebook/qsbench_imgs/20260617-0336-bb4785/improved_fp16_cache/000000000130_0.png
improved_fp16_cache,000000000130,1,"a toy figure of naruto standing on a table at night, dark lighting",1.6247,hit,8445.5,/content/CS2309.CH201/results/notebook/qsbench_imgs/20260617-0336-bb4785/improved_fp16_cache/000000000130_1.png
improved_fp16_cache,000000000130,2,"a toy figure of naruto standing on a table in winter, covered in snow",1.589,hit,8445.5,/content/CS2309.CH201/results/notebook/qsbench_imgs/20260617-0336-bb4785/improved_fp16_cache/000000000130_2.png
improved_fp16_cache,000000000131,0,a swan swimming in a pool with its wings under the water,1.9268,miss,8445.0,/content/CS2309.CH201/results/notebook/qsbench_imgs/20260617-0336-bb4785/improved_fp16_cache/000000000131_0.png
improved_fp16_cache,000000000131,1,"a swan swimming in a pond with its head out the water at night, dark lighting",1.5943,hit,8445.5,/content/CS2309.CH201/results/notebook/qsbench_imgs/20260617-0336-bb4785/improved_fp16_cache/000000000131_1.png
improved_fp16_cache,000000000131,2,"a swan swimming in a pond with its head out the water in winter, covered in snow",1.616,hit,8445.5,/content/CS2309.CH201/results/notebook/qsbench_imgs/20260617-0336-bb4785/improved_fp16_cache/000000000131_2.png
improved_fp16_cache,000000000132,0,a little girl wearing hat and a gray dress leaning against a wall,1.9485,miss,8445.0,/content/CS2309.CH201/results/notebook/qsbench_imgs/20260617-0336-bb4785/improved_fp16_cache/000000000132_0.png
improved_fp16_cache,000000000132,1,"a little girl wearing sunglasses and a gray shirt leaning against a wall at night, dark lighting",1.6342,hit,8445.5,/content/CS2309.CH201/results/notebook/qsbench_imgs/20260617-0336-bb4785/improved_fp16_cache/000000000132_1.png
improved_fp16_cache,000000000132,2,"a little girl wearing sunglasses and a gray shirt leaning against a wall in winter, covered in snow",1.6271,hit,8445.5,/content/CS2309.CH201/results/notebook/qsbench_imgs/20260617-0336-bb4785/improved_fp16_cache/000000000132_2.png
improved_fp16_cache,000000000133,0,a white dog in the sky with a red background,1.9437,miss,8445.0,/content/CS2309.CH201/results/notebook/qsbench_imgs/20260617-0336-bb4785/improved_fp16_cache/000000000133_0.png
improved_fp16_cache,000000000133,1,"a lion in the sky with a blue background at night, dark lighting",1.6199,hit,8445.5,/content/CS2309.CH201/results/notebook/qsbench_imgs/20260617-0336-bb4785/improved_fp16_cache/000000000133_1.png
improved_fp16_cache,000000000133,2,"a lion in the sky with a blue background in winter, covered in snow",1.6228,hit,8445.5,/content/CS2309.CH201/results/notebook/qsbench_imgs/20260617-0336-bb4785/improved_fp16_cache/000000000133_2.png
improved_fp16_cache,000000000134,0,a red and white chicken flying in the pink sky,1.9528,miss,8445.0,/content/CS2309.CH201/results/notebook/qsbench_imgs/20260617-0336-bb4785/improved_fp16_cache/000000000134_0.png
improved_fp16_cache,000000000134,1,"a black and white bird flying in the blue sky at night, dark lighting",1.6257,hit,8445.5,/content/CS2309.CH201/results/notebook/qsbench_imgs/20260617-0336-bb4785/improved_fp16_cache/000000000134_1.png
improved_fp16_cache,000000000134,2,"a black and white bird flying in the blue sky in winter, covered in snow",1.6086,hit,8445.5,/content/CS2309.CH201/results/notebook/qsbench_imgs/20260617-0336-bb4785/improved_fp16_cache/000000000134_2.png
improved_fp16_cache,000000000135,0,the two old people are sitting on boat with a fish,1.9205,miss,8445.0,/content/CS2309.CH201/results/notebook/qsbench_imgs/20260617-0336-bb4785/improved_fp16_cache/000000000135_0.png
improved_fp16_cache,000000000135,1,"the two people are standing on rocks with a fish at night, dark lighting",1.6201,hit,8445.5,/content/CS2309.CH201/results/notebook/qsbench_imgs/20260617-0336-bb4785/improved_fp16_cache/000000000135_1.png
improved_fp16_cache,000000000135,2,"the two people are standing on rocks with a fish in winter, covered in snow",1.6024,hit,8445.5,/content/CS2309.CH201/results/notebook/qsbench_imgs/20260617-0336-bb4785/improved_fp16_cache/000000000135_2.png
improved_fp16_cache,000000000136,0,a blue parrot sitting on a green branch,1.9108,miss,8445.0,/content/CS2309.CH201/results/notebook/qsbench_imgs/20260617-0336-bb4785/improved_fp16_cache/000000000136_0.png
improved_fp16_cache,000000000136,1,"a yellow bird sitting on a branch at night, dark lighting",1.6075,hit,8445.5,/content/CS2309.CH201/results/notebook/qsbench_imgs/20260617-0336-bb4785/improved_fp16_cache/000000000136_1.png
improved_fp16_cache,000000000136,2,"a yellow bird sitting on a branch in winter, covered in snow",1.6293,hit,8445.5,/content/CS2309.CH201/results/notebook/qsbench_imgs/20260617-0336-bb4785/improved_fp16_cache/000000000136_2.png
improved_fp16_cache,000000000137,0,a red pagoda in the heavy rain,1.9471,miss,8445.0,/content/CS2309.CH201/results/notebook/qsbench_imgs/20260617-0336-bb4785/improved_fp16_cache/000000000137_0.png
improved_fp16_cache,000000000137,1,"a golden pagoda in the snow at night, dark lighting",1.639,hit,8445.5,/content/CS2309.CH201/results/notebook/qsbench_imgs/20260617-0336-bb4785/improved_fp16_cache/000000000137_1.png
improved_fp16_cache,000000000137,2,"a golden pagoda in the snow in winter, covered in snow",1.6134,hit,8445.5,/content/CS2309.CH201/results/notebook/qsbench_imgs/20260617-0336-bb4785/improved_fp16_cache/000000000137_2.png
improved_fp16_cache,000000000138,0,a white cat with a hat,1.9,miss,8445.0,/content/CS2309.CH201/results/notebook/qsbench_imgs/20260617-0336-bb4785/improved_fp16_cache/000000000138_0.png
improved_fp16_cache,000000000138,1,"a cat at night, dark lighting",1.615,hit,8445.5,/content/CS2309.CH201/results/notebook/qsbench_imgs/20260617-0336-bb4785/improved_fp16_cache/000000000138_1.png
improved_fp16_cache,000000000138,2,"a cat in winter, covered in snow",1.6075,hit,8445.5,/content/CS2309.CH201/results/notebook/qsbench_imgs/20260617-0336-bb4785/improved_fp16_cache/000000000138_2.png
improved_fp16_cache,000000000139,0,a chicken sitting on a board near water,1.9286,miss,8445.0,/content/CS2309.CH201/results/notebook/qsbench_imgs/20260617-0336-bb4785/improved_fp16_cache/000000000139_0.png
improved_fp16_cache,000000000139,1,"a duck standing on a rock near water at night, dark lighting",1.5883,hit,8445.5,/content/CS2309.CH201/results/notebook/qsbench_imgs/20260617-0336-bb4785/improved_fp16_cache/000000000139_1.png
improved_fp16_cache,000000000139,2,"a duck standing on a rock near water in winter, covered in snow",1.5926,hit,8445.5,/content/CS2309.CH201/results/notebook/qsbench_imgs/20260617-0336-bb4785/improved_fp16_cache/000000000139_2.png
improved_fp16_cache,111000000000,0,sharks and flowers in the ocean,1.9289,miss,8445.0,/content/CS2309.CH201/results/notebook/qsbench_imgs/20260617-0336-bb4785/improved_fp16_cache/111000000000_0.png
improved_fp16_cache,111000000000,1,"fishes and kelp in the ocean at night, dark lighting",1.6089,hit,8445.5,/content/CS2309.CH201/results/notebook/qsbench_imgs/20260617-0336-bb4785/improved_fp16_cache/111000000000_1.png
improved_fp16_cache,111000000000,2,"fishes and kelp in the ocean in winter, covered in snow",1.6101,hit,8445.5,/content/CS2309.CH201/results/notebook/qsbench_imgs/20260617-0336-bb4785/improved_fp16_cache/111000000000_2.png
improved_fp16_cache,111000000001,0,a tiger wearing a pink scarf,1.9303,miss,8445.0,/content/CS2309.CH201/results/notebook/qsbench_imgs/20260617-0336-bb4785/improved_fp16_cache/111000000001_0.png
improved_fp16_cache,111000000001,1,"a cat wearing a pink hat at night, dark lighting",1.5886,hit,8445.5,/content/CS2309.CH201/results/notebook/qsbench_imgs/20260617-0336-bb4785/improved_fp16_cache/111000000001_1.png
improved_fp16_cache,111000000001,2,"a cat wearing a pink hat in winter, covered in snow",1.5903,hit,8445.5,/content/CS2309.CH201/results/notebook/qsbench_imgs/20260617-0336-bb4785/improved_fp16_cache/111000000001_2.png
improved_fp16_cache,111000000002,0,a cute little marmot with big mouth,1.9429,miss,8445.0,/content/CS2309.CH201/results/notebook/qsbench_imgs/20260617-0336-bb4785/improved_fp16_cache/111000000002_0.png
improved_fp16_cache,111000000002,1,"a cute little duck with big eyes at night, dark lighting",1.621,hit,8445.5,/content/CS2309.CH201/results/notebook/qsbench_imgs/20260617-0336-bb4785/improved_fp16_cache/111000000002_1.png
improved_fp16_cache,111000000002,2,"a cute little duck with big eyes in winter, covered in snow",1.5946,hit,8445.5,/content/CS2309.CH201/results/notebook/qsbench_imgs/20260617-0336-bb4785/improved_fp16_cache/111000000002_2.png
improved_fp16_cache,111000000003,0,a cute little pig with big ears,1.96,miss,8445.0,/content/CS2309.CH201/results/notebook/qsbench_imgs/20260617-0336-bb4785/improved_fp16_cache/111000000003_0.png
improved_fp16_cache,111000000003,1,"a cute little bunny with big eyes at night, dark lighting",1.6142,hit,8445.5,/content/CS2309.CH201/results/notebook/qsbench_imgs/20260617-0336-bb4785/improved_fp16_cache/111000000003_1.png
improved_fp16_cache,111000000003,2,"a cute little bunny with big eyes in winter, covered in snow",1.6001,hit,8445.5,/content/CS2309.CH201/results/notebook/qsbench_imgs/20260617-0336-bb4785/improved_fp16_cache/111000000003_2.png
improved_fp16_cache,111000000004,0,a cartoon painting of a cute cat with a circle on its body,1.9275,miss,8445.0,/content/CS2309.CH201/results/notebook/qsbench_imgs/20260617-0336-bb4785/improved_fp16_cache/111000000004_0.png
improved_fp16_cache,111000000004,1,"a cartoon painting of a cute owl with a heart on its body at night, dark lighting",1.5877,hit,8445.5,/content/CS2309.CH201/results/notebook/qsbench_imgs/20260617-0336-bb4785/improved_fp16_cache/111000000004_1.png
improved_fp16_cache,111000000004,2,"a cartoon painting of a cute owl with a heart on its body in winter, covered in snow",1.6003,hit,8445.5,/content/CS2309.CH201/results/notebook/qsbench_imgs/20260617-0336-bb4785/improved_fp16_cache/111000000004_2.png
improved_fp16_cache,111000000005,0,a boy and his monkey in a field,1.9276,miss,8445.0,/content/CS2309.CH201/results/notebook/qsbench_imgs/20260617-0336-bb4785/improved_fp16_cache/111000000005_0.png
improved_fp16_cache,111000000005,1,"a girl and her dog in a field at night, dark lighting",1.6066,hit,8445.5,/content/CS2309.CH201/results/notebook/qsbench_imgs/20260617-0336-bb4785/improved_fp16_cache/111000000005_1.png
improved_fp16_cache,111000000005,2,"a girl and her dog in a field in winter, covered in snow",1.6075,hit,8445.5,/content/CS2309.CH201/results/notebook/qsbench_imgs/20260617-0336-bb4785/improved_fp16_cache/111000000005_2.png
improved_fp16_cache,111000000006,0,dog on the table at night,1.9104,miss,8445.0,/content/CS2309.CH201/results/notebook/qsbench_imgs/20260617-0336-bb4785/improved_fp16_cache/111000000006_0.png
improved_fp16_cache,111000000006,1,"cat on the roof at night at night, dark lighting",1.5697,hit,8445.5,/content/CS2309.CH201/results/notebook/qsbench_imgs/20260617-0336-bb4785/improved_fp16_cache/111000000006_1.png
improved_fp16_cache,111000000006,2,"cat on the roof at night in winter, covered in snow",1.5928,hit,8445.5,/content/CS2309.CH201/results/notebook/qsbench_imgs/20260617-0336-bb4785/improved_fp16_cache/111000000006_2.png
improved_fp16_cache,111000000007,0,an illustration of a bear sitting on top of a grass,1.9443,miss,8445.0,/content/CS2309.CH201/results/notebook/qsbench_imgs/20260617-0336-bb4785/improved_fp16_cache/111000000007_0.png
improved_fp16_cache,111000000007,1,"an illustration of a cat sitting on top of a rock at night, dark lighting",1.6014,hit,8445.5,/content/CS2309.CH201/results/notebook/qsbench_imgs/20260617-0336-bb4785/improved_fp16_cache/111000000007_1.png
improved_fp16_cache,111000000007,2,"an illustration of a cat sitting on top of a rock in winter, covered in snow",1.5951,hit,8445.5,/content/CS2309.CH201/results/notebook/qsbench_imgs/20260617-0336-bb4785/improved_fp16_cache/111000000007_2.png
improved_fp16_cache,111000000008,0,a man wearing colorful sunglasses,1.9079,miss,8445.0,/content/CS2309.CH201/results/notebook/qsbench_imgs/20260617-0336-bb4785/improved_fp16_cache/111000000008_0.png
improved_fp16_cache,111000000008,1,"a monkey wearing colorful goggles at night, dark lighting",1.6334,hit,8445.5,/content/CS2309.CH201/results/notebook/qsbench_imgs/20260617-0336-bb4785/improved_fp16_cache/111000000008_1.png
improved_fp16_cache,111000000008,2,"a monkey wearing colorful goggles in winter, covered in snow",1.6094,hit,8445.5,/content/CS2309.CH201/results/notebook/qsbench_imgs/20260617-0336-bb4785/improved_fp16_cache/111000000008_2.png
improved_fp16_cache,111000000009,0,a painting of a pig with red tail,1.9174,miss,8445.0,/content/CS2309.CH201/results/notebook/qsbench_imgs/20260617-0336-bb4785/improved_fp16_cache/111000000009_0.png
improved_fp16_cache,111000000009,1,"a painting of a rat with red eyes at night, dark lighting",1.6144,hit,8445.5,/content/CS2309.CH201/results/notebook/qsbench_imgs/20260617-0336-bb4785/improved_fp16_cache/111000000009_1.png
improved_fp16_cache,111000000009,2,"a painting of a rat with red eyes in winter, covered in snow",1.5983,hit,8445.5,/content/CS2309.CH201/results/notebook/qsbench_imgs/20260617-0336-bb4785/improved_fp16_cache/111000000009_2.png
improved_fp16_cache,112000000000,0,a painting of a man in green shirts,1.9442,miss,8445.0,/content/CS2309.CH201/results/notebook/qsbench_imgs/20260617-0336-bb4785/improved_fp16_cache/112000000000_0.png
improved_fp16_cache,112000000000,1,"a painting of a woman in green dress at night, dark lighting",1.6101,hit,8445.5,/content/CS2309.CH201/results/notebook/qsbench_imgs/20260617-0336-bb4785/improved_fp16_cache/112000000000_1.png
improved_fp16_cache,112000000000,2,"a painting of a woman in green dress in winter, covered in snow",1.5932,hit,8445.5,/content/CS2309.CH201/results/notebook/qsbench_imgs/20260617-0336-bb4785/improved_fp16_cache/112000000000_2.png
improved_fp16_cache,112000000001,0,a beautiful woman with pink coat and hat on head,1.9539,miss,8445.0,/content/CS2309.CH201/results/notebook/qsbench_imgs/20260617-0336-bb4785/improved_fp16_cache/112000000001_0.png
improved_fp16_cache,112000000001,1,"a beautiful woman with pink dress and garland on head at night, dark lighting",1.6308,hit,8445.5,/content/CS2309.CH201/results/notebook/qsbench_imgs/20260617-0336-bb4785/improved_fp16_cache/112000000001_1.png
improved_fp16_cache,112000000001,2,"a beautiful woman with pink dress and garland on head in winter, covered in snow",1.6073,hit,8445.5,/content/CS2309.CH201/results/notebook/qsbench_imgs/20260617-0336-bb4785/improved_fp16_cache/112000000001_2.png
improved_fp16_cache,112000000002,0,cartoon girl driving a taxi,1.9227,miss,8445.0,/content/CS2309.CH201/results/notebook/qsbench_imgs/20260617-0336-bb4785/improved_fp16_cache/112000000002_0.png
improved_fp16_cache,112000000002,1,"cartoon boy driving a car at night, dark lighting",1.5699,hit,8445.5,/content/CS2309.CH201/results/notebook/qsbench_imgs/20260617-0336-bb4785/improved_fp16_cache/112000000002_1.png
improved_fp16_cache,112000000002,2,"cartoon boy driving a car in winter, covered in snow",1.6009,hit,8445.5,/content/CS2309.CH201/results/notebook/qsbench_imgs/20260617-0336-bb4785/improved_fp16_cache/112000000002_2.png
improved_fp16_cache,112000000003,0,a girl with black hair and a white pants is holding a coffee,1.8992,miss,8445.0,/content/CS2309.CH201/results/notebook/qsbench_imgs/20260617-0336-bb4785/improved_fp16_cache/112000000003_0.png
improved_fp16_cache,112000000003,1,"a girl with black hair and a white shirt is holding a phone at night, dark lighting",1.6381,hit,8445.5,/content/CS2309.CH201/results/notebook/qsbench_imgs/20260617-0336-bb4785/improved_fp16_cache/112000000003_1.png
improved_fp16_cache,112000000003,2,"a girl with black hair and a white shirt is holding a phone in winter, covered in snow",1.6546,hit,8445.5,/content/CS2309.CH201/results/notebook/qsbench_imgs/20260617-0336-bb4785/improved_fp16_cache/112000000003_2.png
improved_fp16_cache,112000000004,0,a cartoon boy sitting on a box,1.9688,miss,8445.0,/content/CS2309.CH201/results/notebook/qsbench_imgs/20260617-0336-bb4785/improved_fp16_cache/112000000004_0.png
improved_fp16_cache,112000000004,1,"a cartoon girl sitting on a backpack at night, dark lighting",1.6206,hit,8445.5,/content/CS2309.CH201/results/notebook/qsbench_imgs/20260617-0336-bb4785/improved_fp16_cache/112000000004_1.png
improved_fp16_cache,112000000004,2,"a cartoon girl sitting on a backpack in winter, covered in snow",1.614,hit,8445.5,/content/CS2309.CH201/results/notebook/qsbench_imgs/20260617-0336-bb4785/improved_fp16_cache/112000000004_2.png
improved_fp16_cache,112000000005,0,a man standing under beautiful moon in the snow,1.9371,miss,8445.0,/content/CS2309.CH201/results/notebook/qsbench_imgs/20260617-0336-bb4785/improved_fp16_cache/112000000005_0.png
improved_fp16_cache,112000000005,1,"a woman standing under street light in the snow at night, dark lighting",1.6087,hit,8445.5,/content/CS2309.CH201/results/notebook/qsbench_imgs/20260617-0336-bb4785/improved_fp16_cache/112000000005_1.png
improved_fp16_cache,112000000005,2,"a woman standing under street light in the snow in winter, covered in snow",1.6356,hit,8445.5,/content/CS2309.CH201/results/notebook/qsbench_imgs/20260617-0336-bb4785/improved_fp16_cache/112000000005_2.png
improved_fp16_cache,112000000006,0,a cartoon man sitting at a bench with notebook,1.9046,miss,8445.0,/content/CS2309.CH201/results/notebook/qsbench_imgs/20260617-0336-bb4785/improved_fp16_cache/112000000006_0.png
improved_fp16_cache,112000000006,1,"a cartoon man sitting at a desk with laptop at night, dark lighting",1.5973,hit,8445.5,/content/CS2309.CH201/results/notebook/qsbench_imgs/20260617-0336-bb4785/improved_fp16_cache/112000000006_1.png
improved_fp16_cache,112000000006,2,"a cartoon man sitting at a desk with laptop in winter, covered in snow",1.5805,hit,8445.5,/content/CS2309.CH201/results/notebook/qsbench_imgs/20260617-0336-bb4785/improved_fp16_cache/112000000006_2.png
improved_fp16_cache,112000000007,0,a woman with a scarf and crown in her hair,1.922,miss,8445.0,/content/CS2309.CH201/results/notebook/qsbench_imgs/20260617-0336-bb4785/improved_fp16_cache/112000000007_0.png
improved_fp16_cache,112000000007,1,"a woman with a mask and flowers in her hair at night, dark lighting",1.5878,hit,8445.5,/content/CS2309.CH201/results/notebook/qsbench_imgs/20260617-0336-bb4785/improved_fp16_cache/112000000007_1.png
improved_fp16_cache,112000000007,2,"a woman with a mask and flowers in her hair in winter, covered in snow",1.6,hit,8445.5,/content/CS2309.CH201/results/notebook/qsbench_imgs/20260617-0336-bb4785/improved_fp16_cache/112000000007_2.png
improved_fp16_cache,112000000008,0,a painting of two man walking on the grass,1.95,miss,8445.0,/content/CS2309.CH201/results/notebook/qsbench_imgs/20260617-0336-bb4785/improved_fp16_cache/112000000008_0.png
improved_fp16_cache,112000000008,1,"a painting of two women walking on the beach at night, dark lighting",1.5835,hit,8445.5,/content/CS2309.CH201/results/notebook/qsbench_imgs/20260617-0336-bb4785/improved_fp16_cache/112000000008_1.png
improved_fp16_cache,112000000008,2,"a painting of two women walking on the beach in winter, covered in snow",1.5832,hit,8445.5,/content/CS2309.CH201/results/notebook/qsbench_imgs/20260617-0336-bb4785/improved_fp16_cache/112000000008_2.png
improved_fp16_cache,112000000009,0,an demon with swords and a golden light,1.9482,miss,8445.0,/content/CS2309.CH201/results/notebook/qsbench_imgs/20260617-0336-bb4785/improved_fp16_cache/112000000009_0.png
improved_fp16_cache,112000000009,1,"an angel with wings and a golden light at night, dark lighting",1.6065,hit,8445.5,/content/CS2309.CH201/results/notebook/qsbench_imgs/20260617-0336-bb4785/improved_fp16_cache/112000000009_1.png
improved_fp16_cache,112000000009,2,"an angel with wings and a golden light in winter, covered in snow",1.5876,hit,8445.5,/content/CS2309.CH201/results/notebook/qsbench_imgs/20260617-0336-bb4785/improved_fp16_cache/112000000009_2.png
improved_fp16_cache,113000000000,0,a gold plated plate filled with candy,1.9313,miss,8445.0,/content/CS2309.CH201/results/notebook/qsbench_imgs/20260617-0336-bb4785/improved_fp16_cache/113000000000_0.png
improved_fp16_cache,113000000000,1,"a gold plated bowl filled with fruit at night, dark lighting",1.6045,hit,8445.5,/content/CS2309.CH201/results/notebook/qsbench_imgs/20260617-0336-bb4785/improved_fp16_cache/113000000000_1.png
improved_fp16_cache,113000000000,2,"a gold plated bowl filled with fruit in winter, covered in snow",1.5961,hit,8445.5,/content/CS2309.CH201/results/notebook/qsbench_imgs/20260617-0336-bb4785/improved_fp16_cache/113000000000_2.png
improved_fp16_cache,113000000001,0,a pear on the floor,1.9299,miss,8445.0,/content/CS2309.CH201/results/notebook/qsbench_imgs/20260617-0336-bb4785/improved_fp16_cache/113000000001_0.png
improved_fp16_cache,113000000001,1,"a pepper on the table at night, dark lighting",1.5854,hit,8445.5,/content/CS2309.CH201/results/notebook/qsbench_imgs/20260617-0336-bb4785/improved_fp16_cache/113000000001_1.png
improved_fp16_cache,113000000001,2,"a pepper on the table in winter, covered in snow",1.5886,hit,8445.5,/content/CS2309.CH201/results/notebook/qsbench_imgs/20260617-0336-bb4785/improved_fp16_cache/113000000001_2.png
improved_fp16_cache,113000000002,0,a plant sitting on a board near a window,1.9241,miss,8445.0,/content/CS2309.CH201/results/notebook/qsbench_imgs/20260617-0336-bb4785/improved_fp16_cache/113000000002_0.png
improved_fp16_cache,113000000002,1,"a vase sitting on a table near a window at night, dark lighting",1.5857,hit,8445.5,/content/CS2309.CH201/results/notebook/qsbench_imgs/20260617-0336-bb4785/improved_fp16_cache/113000000002_1.png
improved_fp16_cache,113000000002,2,"a vase sitting on a table near a window in winter, covered in snow",1.6049,hit,8445.5,/content/CS2309.CH201/results/notebook/qsbench_imgs/20260617-0336-bb4785/improved_fp16_cache/113000000002_2.png
improved_fp16_cache,113000000003,0,a icecream with a pink and blue stons,1.9078,miss,8445.0,/content/CS2309.CH201/results/notebook/qsbench_imgs/20260617-0336-bb4785/improved_fp16_cache/113000000003_0.png
improved_fp16_cache,113000000003,1,"a cake with a pink and blue icing at night, dark lighting",1.5928,hit,8445.5,/content/CS2309.CH201/results/notebook/qsbench_imgs/20260617-0336-bb4785/improved_fp16_cache/113000000003_1.png
improved_fp16_cache,113000000003,2,"a cake with a pink and blue icing in winter, covered in snow",1.5967,hit,8445.5,/content/CS2309.CH201/results/notebook/qsbench_imgs/20260617-0336-bb4785/improved_fp16_cache/113000000003_2.png
improved_fp16_cache,113000000004,0,a dog and frog in a fish bowl,1.9162,miss,8445.0,/content/CS2309.CH201/results/notebook/qsbench_imgs/20260617-0336-bb4785/improved_fp16_cache/113000000004_0.png
improved_fp16_cache,113000000004,1,"a cat and fish in a fish bowl at night, dark lighting",1.6123,hit,8445.5,/content/CS2309.CH201/results/notebook/qsbench_imgs/20260617-0336-bb4785/improved_fp16_cache/113000000004_1.png
improved_fp16_cache,113000000004,2,"a cat and fish in a fish bowl in winter, covered in snow",1.5878,hit,8445.5,/content/CS2309.CH201/results/notebook/qsbench_imgs/20260617-0336-bb4785/improved_fp16_cache/113000000004_2.png
improved_fp16_cache,113000000005,0,a sofa and umbrella,1.9038,miss,8445.0,/content/CS2309.CH201/results/notebook/qsbench_imgs/20260617-0336-bb4785/improved_fp16_cache/113000000005_0.png
improved_fp16_cache,113000000005,1,"a chair and lamp at night, dark lighting",1.5737,hit,8445.5,/content/CS2309.CH201/results/notebook/qsbench_imgs/20260617-0336-bb4785/improved_fp16_cache/113000000005_1.png
improved_fp16_cache,113000000005,2,"a chair and lamp in winter, covered in snow",1.5918,hit,8445.5,/content/CS2309.CH201/results/notebook/qsbench_imgs/20260617-0336-bb4785/improved_fp16_cache/113000000005_2.png
improved_fp16_cache,113000000006,0,a woman's hands is framed in a large painting on a wall,1.9,miss,8445.0,/content/CS2309.CH201/results/notebook/qsbench_imgs/20260617-0336-bb4785/improved_fp16_cache/113000000006_0.png
improved_fp16_cache,113000000006,1,"a woman's face is framed in a large photo on a wall at night, dark lighting",1.6051,hit,8445.5,/content/CS2309.CH201/results/notebook/qsbench_imgs/20260617-0336-bb4785/improved_fp16_cache/113000000006_1.png
improved_fp16_cache,113000000006,2,"a woman's face is framed in a large photo on a wall in winter, covered in snow",1.567,hit,8445.5,/content/CS2309.CH201/results/notebook/qsbench_imgs/20260617-0336-bb4785/improved_fp16_cache/113000000006_2.png
improved_fp16_cache,113000000007,0,a gold potted flower on a wooden bench,1.9101,miss,8445.0,/content/CS2309.CH201/results/notebook/qsbench_imgs/20260617-0336-bb4785/improved_fp16_cache/113000000007_0.png
improved_fp16_cache,113000000007,1,"a gold potted plant on a wooden table at night, dark lighting",1.5885,hit,8445.5,/content/CS2309.CH201/results/notebook/qsbench_imgs/20260617-0336-bb4785/improved_fp16_cache/113000000007_1.png
improved_fp16_cache,113000000007,2,"a gold potted plant on a wooden table in winter, covered in snow",1.6015,hit,8445.5,/content/CS2309.CH201/results/notebook/qsbench_imgs/20260617-0336-bb4785/improved_fp16_cache/113000000007_2.png
improved_fp16_cache,113000000008,0,a cake and saucer with a teaspoon and a knife,1.9218,miss,8445.0,/content/CS2309.CH201/results/notebook/qsbench_imgs/20260617-0336-bb4785/improved_fp16_cache/113000000008_0.png
improved_fp16_cache,113000000008,1,"a teacup and saucer with a spoon and a fork at night, dark lighting",1.615,hit,8445.5,/content/CS2309.CH201/results/notebook/qsbench_imgs/20260617-0336-bb4785/improved_fp16_cache/113000000008_1.png
improved_fp16_cache,113000000008,2,"a teacup and saucer with a spoon and a fork in winter, covered in snow",1.5873,hit,8445.5,/content/CS2309.CH201/results/notebook/qsbench_imgs/20260617-0336-bb4785/improved_fp16_cache/113000000008_2.png
improved_fp16_cache,113000000009,0,a vase with roses and apples on a table,1.9173,miss,8445.0,/content/CS2309.CH201/results/notebook/qsbench_imgs/20260617-0336-bb4785/improved_fp16_cache/113000000009_0.png
improved_fp16_cache,113000000009,1,"a vase with sunflowers and pears on a table at night, dark lighting",1.6348,hit,8445.5,/content/CS2309.CH201/results/notebook/qsbench_imgs/20260617-0336-bb4785/improved_fp16_cache/113000000009_1.png
improved_fp16_cache,113000000009,2,"a vase with sunflowers and pears on a table in winter, covered in snow",1.6213,hit,8445.5,/content/CS2309.CH201/results/notebook/qsbench_imgs/20260617-0336-bb4785/improved_fp16_cache/113000000009_2.png
improved_fp16_cache,114000000000,0,"stars, birds, and a sun over the ocean",1.8998,miss,8445.0,/content/CS2309.CH201/results/notebook/qsbench_imgs/20260617-0336-bb4785/improved_fp16_cache/114000000000_0.png
improved_fp16_cache,114000000000,1,"stars, coulds, and a moon over the ocean at night, dark lighting",1.5965,hit,8445.5,/content/CS2309.CH201/results/notebook/qsbench_imgs/20260617-0336-bb4785/improved_fp16_cache/114000000000_1.png
improved_fp16_cache,114000000000,2,"stars, coulds, and a moon over the ocean in winter, covered in snow",1.6094,hit,8445.5,/content/CS2309.CH201/results/notebook/qsbench_imgs/20260617-0336-bb4785/improved_fp16_cache/114000000000_2.png
improved_fp16_cache,114000000001,0,a cartoon rabbit playing tennis on a green field,1.9147,miss,8445.0,/content/CS2309.CH201/results/notebook/qsbench_imgs/20260617-0336-bb4785/improved_fp16_cache/114000000001_0.png
improved_fp16_cache,114000000001,1,"a cartoon bear playing golf on a green field at night, dark lighting",1.5988,hit,8445.5,/content/CS2309.CH201/results/notebook/qsbench_imgs/20260617-0336-bb4785/improved_fp16_cache/114000000001_1.png
improved_fp16_cache,114000000001,2,"a cartoon bear playing golf on a green field in winter, covered in snow",1.573,hit,8445.5,/content/CS2309.CH201/results/notebook/qsbench_imgs/20260617-0336-bb4785/improved_fp16_cache/114000000001_2.png
improved_fp16_cache,114000000002,0,a painting of a church and clouds in the middle of a lake,1.9184,miss,8445.0,/content/CS2309.CH201/results/notebook/qsbench_imgs/20260617-0336-bb4785/improved_fp16_cache/114000000002_0.png
improved_fp16_cache,114000000002,1,"a painting of a castle and trees in the middle of a lake at night, dark lighting",1.5827,hit,8445.5,/content/CS2309.CH201/results/notebook/qsbench_imgs/20260617-0336-bb4785/improved_fp16_cache/114000000002_1.png
improved_fp16_cache,114000000002,2,"a painting of a castle and trees in the middle of a lake in winter, covered in snow",1.6096,hit,8445.5,/content/CS2309.CH201/results/notebook/qsbench_imgs/20260617-0336-bb4785/improved_fp16_cache/114000000002_2.png
improved_fp16_cache,114000000003,0,a motorcycle with colorful wheels is parked on the street,1.9332,miss,8445.0,/content/CS2309.CH201/results/notebook/qsbench_imgs/20260617-0336-bb4785/improved_fp16_cache/114000000003_0.png
improved_fp16_cache,114000000003,1,"a car with colorful car cover is parked on the street at night, dark lighting",1.6243,hit,8445.5,/content/CS2309.CH201/results/notebook/qsbench_imgs/20260617-0336-bb4785/improved_fp16_cache/114000000003_1.png
improved_fp16_cache,114000000003,2,"a car with colorful car cover is parked on the street in winter, covered in snow",1.5837,hit,8445.5,/content/CS2309.CH201/results/notebook/qsbench_imgs/20260617-0336-bb4785/improved_fp16_cache/114000000003_2.png
improved_fp16_cache,114000000004,0,a blue box with a reflection of ship in the water,1.9331,miss,8445.0,/content/CS2309.CH201/results/notebook/qsbench_imgs/20260617-0336-bb4785/improved_fp16_cache/114000000004_0.png
improved_fp16_cache,114000000004,1,"a blue pyramid with a reflection of mountains in the water at night, dark lighting",1.5938,hit,8445.5,/content/CS2309.CH201/results/notebook/qsbench_imgs/20260617-0336-bb4785/improved_fp16_cache/114000000004_1.png
improved_fp16_cache,114000000004,2,"a blue pyramid with a reflection of mountains in the water in winter, covered in snow",1.6255,hit,8445.5,/content/CS2309.CH201/results/notebook/qsbench_imgs/20260617-0336-bb4785/improved_fp16_cache/114000000004_2.png
improved_fp16_cache,114000000005,0,a monster and cats in the woods,1.9929,miss,8445.0,/content/CS2309.CH201/results/notebook/qsbench_imgs/20260617-0336-bb4785/improved_fp16_cache/114000000005_0.png
improved_fp16_cache,114000000005,1,"a house and people in the woods at night, dark lighting",1.581,hit,8445.5,/content/CS2309.CH201/results/notebook/qsbench_imgs/20260617-0336-bb4785/improved_fp16_cache/114000000005_1.png
improved_fp16_cache,114000000005,2,"a house and people in the woods in winter, covered in snow",1.5921,hit,8445.5,/content/CS2309.CH201/results/notebook/qsbench_imgs/20260617-0336-bb4785/improved_fp16_cache/114000000005_2.png
improved_fp16_cache,114000000006,0,a small castle on an island in the middle of magma,1.9703,miss,8445.0,/content/CS2309.CH201/results/notebook/qsbench_imgs/20260617-0336-bb4785/improved_fp16_cache/114000000006_0.png
improved_fp16_cache,114000000006,1,"a small cabin on an island in the middle of lake at night, dark lighting",1.5879,hit,8445.5,/content/CS2309.CH201/results/notebook/qsbench_imgs/20260617-0336-bb4785/improved_fp16_cache/114000000006_1.png
improved_fp16_cache,114000000006,2,"a small cabin on an island in the middle of lake in winter, covered in snow",1.5998,hit,8445.5,/content/CS2309.CH201/results/notebook/qsbench_imgs/20260617-0336-bb4785/improved_fp16_cache/114000000006_2.png
improved_fp16_cache,114000000007,0,a woman in a coat standing in front of a eagle,1.9417,miss,8445.0,/content/CS2309.CH201/results/notebook/qsbench_imgs/20260617-0336-bb4785/improved_fp16_cache/114000000007_0.png
improved_fp16_cache,114000000007,1,"a woman in a dress standing in front of a spaceship at night, dark lighting",1.6153,hit,8445.5,/content/CS2309.CH201/results/notebook/qsbench_imgs/20260617-0336-bb4785/improved_fp16_cache/114000000007_1.png
improved_fp16_cache,114000000007,2,"a woman in a dress standing in front of a spaceship in winter, covered in snow",1.6322,hit,8445.5,/content/CS2309.CH201/results/notebook/qsbench_imgs/20260617-0336-bb4785/improved_fp16_cache/114000000007_2.png
improved_fp16_cache,114000000008,0,a futuristic city with rocket and cats walking in the street,1.9412,miss,8445.0,/content/CS2309.CH201/results/notebook/qsbench_imgs/20260617-0336-bb4785/improved_fp16_cache/114000000008_0.png
improved_fp16_cache,114000000008,1,"a futuristic city with cars and people walking in the street at night, dark lighting",1.6384,hit,8445.5,/content/CS2309.CH201/results/notebook/qsbench_imgs/20260617-0336-bb4785/improved_fp16_cache/114000000008_1.png
improved_fp16_cache,114000000008,2,"a futuristic city with cars and people walking in the street in winter, covered in snow",1.6343,hit,8445.5,/content/CS2309.CH201/results/notebook/qsbench_imgs/20260617-0336-bb4785/improved_fp16_cache/114000000008_2.png
improved_fp16_cache,114000000009,0,the jungle with a star river and flowers,1.9694,miss,8445.0,/content/CS2309.CH201/results/notebook/qsbench_imgs/20260617-0336-bb4785/improved_fp16_cache/114000000009_0.png
improved_fp16_cache,114000000009,1,"the jungle with a beautiful waterfall and plants at night, dark lighting",1.624,hit,8445.5,/content/CS2309.CH201/results/notebook/qsbench_imgs/20260617-0336-bb4785/improved_fp16_cache/114000000009_1.png
improved_fp16_cache,114000000009,2,"the jungle with a beautiful waterfall and plants in winter, covered in snow",1.6023,hit,8445.5,/content/CS2309.CH201/results/notebook/qsbench_imgs/20260617-0336-bb4785/improved_fp16_cache/114000000009_2.png
improved_fp16_cache,121000000000,0,an orange dog play with a black and white ball in the grass,1.9314,miss,8445.0,/content/CS2309.CH201/results/notebook/qsbench_imgs/20260617-0336-bb4785/improved_fp16_cache/121000000000_0.png
improved_fp16_cache,121000000000,1,"an orange cat play with a black and white cat in the grass at night, dark lighting",1.5882,hit,8445.5,/content/CS2309.CH201/results/notebook/qsbench_imgs/20260617-0336-bb4785/improved_fp16_cache/121000000000_1.png
improved_fp16_cache,121000000000,2,"an orange cat play with a black and white cat in the grass in winter, covered in snow",1.6109,hit,8445.5,/content/CS2309.CH201/results/notebook/qsbench_imgs/20260617-0336-bb4785/improved_fp16_cache/121000000000_2.png
improved_fp16_cache,121000000001,0,a tiger sitting next to a window,1.965,miss,8445.0,/content/CS2309.CH201/results/notebook/qsbench_imgs/20260617-0336-bb4785/improved_fp16_cache/121000000001_0.png
improved_fp16_cache,121000000001,1,"a cat sitting next to a mirror at night, dark lighting",1.6132,hit,8445.5,/content/CS2309.CH201/results/notebook/qsbench_imgs/20260617-0336-bb4785/improved_fp16_cache/121000000001_1.png
improved_fp16_cache,121000000001,2,"a cat sitting next to a mirror in winter, covered in snow",1.5888,hit,8445.5,/content/CS2309.CH201/results/notebook/qsbench_imgs/20260617-0336-bb4785/improved_fp16_cache/121000000001_2.png
improved_fp16_cache,121000000002,0,a zebra with long tail in a grass field,1.9314,miss,8445.0,/content/CS2309.CH201/results/notebook/qsbench_imgs/20260617-0336-bb4785/improved_fp16_cache/121000000002_0.png
improved_fp16_cache,121000000002,1,"a horse with long hair in a grass field at night, dark lighting",1.6209,hit,8445.5,/content/CS2309.CH201/results/notebook/qsbench_imgs/20260617-0336-bb4785/improved_fp16_cache/121000000002_1.png
improved_fp16_cache,121000000002,2,"a horse with long hair in a grass field in winter, covered in snow",1.5966,hit,8445.5,/content/CS2309.CH201/results/notebook/qsbench_imgs/20260617-0336-bb4785/improved_fp16_cache/121000000002_2.png
improved_fp16_cache,121000000003,0,a white rat is walking on the grass,1.9452,miss,8445.0,/content/CS2309.CH201/results/notebook/qsbench_imgs/20260617-0336-bb4785/improved_fp16_cache/121000000003_0.png
improved_fp16_cache,121000000003,1,"a white bulldog is walking on the grass at night, dark lighting",1.6196,hit,8445.5,/content/CS2309.CH201/results/notebook/qsbench_imgs/20260617-0336-bb4785/improved_fp16_cache/121000000003_1.png
improved_fp16_cache,121000000003,2,"a white bulldog is walking on the grass in winter, covered in snow",1.6077,hit,8445.5,/content/CS2309.CH201/results/notebook/qsbench_imgs/20260617-0336-bb4785/improved_fp16_cache/121000000003_2.png
improved_fp16_cache,121000000004,0,a blue and white butterfly sits on a flower,1.921,miss,8445.0,/content/CS2309.CH201/results/notebook/qsbench_imgs/20260617-0336-bb4785/improved_fp16_cache/121000000004_0.png
improved_fp16_cache,121000000004,1,"a blue and white bird sits on a branch at night, dark lighting",1.6035,hit,8445.5,/content/CS2309.CH201/results/notebook/qsbench_imgs/20260617-0336-bb4785/improved_fp16_cache/121000000004_1.png
improved_fp16_cache,121000000004,2,"a blue and white bird sits on a branch in winter, covered in snow",1.5868,hit,8445.5,/content/CS2309.CH201/results/notebook/qsbench_imgs/20260617-0336-bb4785/improved_fp16_cache/121000000004_2.png
improved_fp16_cache,121000000005,0,a rabbit is sitting on top of a wooden desk,1.9534,miss,8445.0,/content/CS2309.CH201/results/notebook/qsbench_imgs/20260617-0336-bb4785/improved_fp16_cache/121000000005_0.png
improved_fp16_cache,121000000005,1,"a squirrel is sitting on top of a wooden fence at night, dark lighting",1.6144,hit,8445.5,/content/CS2309.CH201/results/notebook/qsbench_imgs/20260617-0336-bb4785/improved_fp16_cache/121000000005_1.png
improved_fp16_cache,121000000005,2,"a squirrel is sitting on top of a wooden fence in winter, covered in snow",1.6046,hit,8445.5,/content/CS2309.CH201/results/notebook/qsbench_imgs/20260617-0336-bb4785/improved_fp16_cache/121000000005_2.png
improved_fp16_cache,121000000006,0,a wolf sitting on the board with a body of water in the background,1.9177,miss,8445.0,/content/CS2309.CH201/results/notebook/qsbench_imgs/20260617-0336-bb4785/improved_fp16_cache/121000000006_0.png
improved_fp16_cache,121000000006,1,"a dog sitting on the beach with a body of water in the background at night, dark lighting",1.6401,hit,8445.5,/content/CS2309.CH201/results/notebook/qsbench_imgs/20260617-0336-bb4785/improved_fp16_cache/121000000006_1.png
improved_fp16_cache,121000000006,2,"a dog sitting on the beach with a body of water in the background in winter, covered in snow",1.5956,hit,8445.5,/content/CS2309.CH201/results/notebook/qsbench_imgs/20260617-0336-bb4785/improved_fp16_cache/121000000006_2.png
improved_fp16_cache,121000000007,0,a fluffy panda with yellow mouth sitting on a wooden floor,1.9486,miss,8445.0,/content/CS2309.CH201/results/notebook/qsbench_imgs/20260617-0336-bb4785/improved_fp16_cache/121000000007_0.png
improved_fp16_cache,121000000007,1,"a fluffy cat with yellow eyes sitting on a wooden floor at night, dark lighting",1.6199,hit,8445.5,/content/CS2309.CH201/results/notebook/qsbench_imgs/20260617-0336-bb4785/improved_fp16_cache/121000000007_1.png
improved_fp16_cache,121000000007,2,"a fluffy cat with yellow eyes sitting on a wooden floor in winter, covered in snow",1.6372,hit,8445.5,/content/CS2309.CH201/results/notebook/qsbench_imgs/20260617-0336-bb4785/improved_fp16_cache/121000000007_2.png
improved_fp16_cache,121000000008,0,a parrot on a flower in the garden,1.9235,miss,8445.0,/content/CS2309.CH201/results/notebook/qsbench_imgs/20260617-0336-bb4785/improved_fp16_cache/121000000008_0.png
improved_fp16_cache,121000000008,1,"a butterfly on a leaf in the garden at night, dark lighting",1.606,hit,8445.5,/content/CS2309.CH201/results/notebook/qsbench_imgs/20260617-0336-bb4785/improved_fp16_cache/121000000008_1.png
improved_fp16_cache,121000000008,2,"a butterfly on a leaf in the garden in winter, covered in snow",1.6261,hit,8445.5,/content/CS2309.CH201/results/notebook/qsbench_imgs/20260617-0336-bb4785/improved_fp16_cache/121000000008_2.png
improved_fp16_cache,121000000009,0,a owl is standing on top of a diamond,1.9174,miss,8445.0,/content/CS2309.CH201/results/notebook/qsbench_imgs/20260617-0336-bb4785/improved_fp16_cache/121000000009_0.png
improved_fp16_cache,121000000009,1,"a bird is standing on top of a rock at night, dark lighting",1.6209,hit,8445.5,/content/CS2309.CH201/results/notebook/qsbench_imgs/20260617-0336-bb4785/improved_fp16_cache/121000000009_1.png
improved_fp16_cache,121000000009,2,"a bird is standing on top of a rock in winter, covered in snow",1.6,hit,8445.5,/content/CS2309.CH201/results/notebook/qsbench_imgs/20260617-0336-bb4785/improved_fp16_cache/121000000009_2.png
improved_fp16_cache,122000000000,0,a photo of robots wearing dress dancing together,1.9526,miss,8445.0,/content/CS2309.CH201/results/notebook/qsbench_imgs/20260617-0336-bb4785/improved_fp16_cache/122000000000_0.png
improved_fp16_cache,122000000000,1,"a photo of couples wearing shirts dancing together at night, dark lighting",1.613,hit,8445.5,/content/CS2309.CH201/results/notebook/qsbench_imgs/20260617-0336-bb4785/improved_fp16_cache/122000000000_1.png
improved_fp16_cache,122000000000,2,"a photo of couples wearing shirts dancing together in winter, covered in snow",1.6044,hit,8445.5,/content/CS2309.CH201/results/notebook/qsbench_imgs/20260617-0336-bb4785/improved_fp16_cache/122000000000_2.png
improved_fp16_cache,122000000001,0,robot on the desk,1.9153,miss,8445.0,/content/CS2309.CH201/results/notebook/qsbench_imgs/20260617-0336-bb4785/improved_fp16_cache/122000000001_0.png
improved_fp16_cache,122000000001,1,"spiderman on the roof at night, dark lighting",1.6427,hit,8445.5,/content/CS2309.CH201/results/notebook/qsbench_imgs/20260617-0336-bb4785/improved_fp16_cache/122000000001_1.png
improved_fp16_cache,122000000001,2,"spiderman on the roof in winter, covered in snow",1.6239,hit,8445.5,/content/CS2309.CH201/results/notebook/qsbench_imgs/20260617-0336-bb4785/improved_fp16_cache/122000000001_2.png
improved_fp16_cache,122000000002,0,a woman in a shirt holding a phone,1.9359,miss,8445.0,/content/CS2309.CH201/results/notebook/qsbench_imgs/20260617-0336-bb4785/improved_fp16_cache/122000000002_0.png
improved_fp16_cache,122000000002,1,"a woman in a coat holding a camera at night, dark lighting",1.6069,hit,8445.5,/content/CS2309.CH201/results/notebook/qsbench_imgs/20260617-0336-bb4785/improved_fp16_cache/122000000002_1.png
improved_fp16_cache,122000000002,2,"a woman in a coat holding a camera in winter, covered in snow",1.6059,hit,8445.5,/content/CS2309.CH201/results/notebook/qsbench_imgs/20260617-0336-bb4785/improved_fp16_cache/122000000002_2.png
improved_fp16_cache,122000000003,0,a woman wearing hat sitting in the grass with a ipad,1.962,miss,8445.0,/content/CS2309.CH201/results/notebook/qsbench_imgs/20260617-0336-bb4785/improved_fp16_cache/122000000003_0.png
improved_fp16_cache,122000000003,1,"a woman wearing sunglasses sitting in the grass with a book at night, dark lighting",1.6147,hit,8445.5,/content/CS2309.CH201/results/notebook/qsbench_imgs/20260617-0336-bb4785/improved_fp16_cache/122000000003_1.png
improved_fp16_cache,122000000003,2,"a woman wearing sunglasses sitting in the grass with a book in winter, covered in snow",1.6109,hit,8445.5,/content/CS2309.CH201/results/notebook/qsbench_imgs/20260617-0336-bb4785/improved_fp16_cache/122000000003_2.png
improved_fp16_cache,122000000004,0,a woman in black coat leaning against a wall,1.9242,miss,8445.0,/content/CS2309.CH201/results/notebook/qsbench_imgs/20260617-0336-bb4785/improved_fp16_cache/122000000004_0.png
improved_fp16_cache,122000000004,1,"a woman in black dress leaning against a car at night, dark lighting",1.6192,hit,8445.5,/content/CS2309.CH201/results/notebook/qsbench_imgs/20260617-0336-bb4785/improved_fp16_cache/122000000004_1.png
improved_fp16_cache,122000000004,2,"a woman in black dress leaning against a car in winter, covered in snow",1.6099,hit,8445.5,/content/CS2309.CH201/results/notebook/qsbench_imgs/20260617-0336-bb4785/improved_fp16_cache/122000000004_2.png
improved_fp16_cache,122000000005,0,a woman sitting on a sofa using her ipad,1.9395,miss,8445.0,/content/CS2309.CH201/results/notebook/qsbench_imgs/20260617-0336-bb4785/improved_fp16_cache/122000000005_0.png
improved_fp16_cache,122000000005,1,"a woman sitting on a bench using her phone at night, dark lighting",1.5932,hit,8445.5,/content/CS2309.CH201/results/notebook/qsbench_imgs/20260617-0336-bb4785/improved_fp16_cache/122000000005_1.png
improved_fp16_cache,122000000005,2,"a woman sitting on a bench using her phone in winter, covered in snow",1.5967,hit,8445.5,/content/CS2309.CH201/results/notebook/qsbench_imgs/20260617-0336-bb4785/improved_fp16_cache/122000000005_2.png
improved_fp16_cache,122000000006,0,an old man playing an electric bass on a street,1.9527,miss,8445.0,/content/CS2309.CH201/results/notebook/qsbench_imgs/20260617-0336-bb4785/improved_fp16_cache/122000000006_0.png
improved_fp16_cache,122000000006,1,"an old man playing an electric guitar on a street at night, dark lighting",1.6098,hit,8445.5,/content/CS2309.CH201/results/notebook/qsbench_imgs/20260617-0336-bb4785/improved_fp16_cache/122000000006_1.png
improved_fp16_cache,122000000006,2,"an old man playing an electric guitar on a street in winter, covered in snow",1.6015,hit,8445.5,/content/CS2309.CH201/results/notebook/qsbench_imgs/20260617-0336-bb4785/improved_fp16_cache/122000000006_2.png
improved_fp16_cache,122000000007,0,a girl sitting in a blue rock near a waterfall,1.9252,miss,8445.0,/content/CS2309.CH201/results/notebook/qsbench_imgs/20260617-0336-bb4785/improved_fp16_cache/122000000007_0.png
improved_fp16_cache,122000000007,1,"a woman sitting in a folding chair near a waterfall at night, dark lighting",1.5957,hit,8445.5,/content/CS2309.CH201/results/notebook/qsbench_imgs/20260617-0336-bb4785/improved_fp16_cache/122000000007_1.png
improved_fp16_cache,122000000007,2,"a woman sitting in a folding chair near a waterfall in winter, covered in snow",1.5917,hit,8445.5,/content/CS2309.CH201/results/notebook/qsbench_imgs/20260617-0336-bb4785/improved_fp16_cache/122000000007_2.png
improved_fp16_cache,122000000008,0,a man and a cow,1.9446,miss,8445.0,/content/CS2309.CH201/results/notebook/qsbench_imgs/20260617-0336-bb4785/improved_fp16_cache/122000000008_0.png
improved_fp16_cache,122000000008,1,"a woman and a horse at night, dark lighting",1.6027,hit,8445.5,/content/CS2309.CH201/results/notebook/qsbench_imgs/20260617-0336-bb4785/improved_fp16_cache/122000000008_1.png
improved_fp16_cache,122000000008,2,"a woman and a horse in winter, covered in snow",1.6277,hit,8445.5,/content/CS2309.CH201/results/notebook/qsbench_imgs/20260617-0336-bb4785/improved_fp16_cache/122000000008_2.png
improved_fp16_cache,122000000009,0,"a woman sitting at a bar with a glass of milk, with a mushroom on the table",1.9184,miss,8445.0,/content/CS2309.CH201/results/notebook/qsbench_imgs/20260617-0336-bb4785/improved_fp16_cache/122000000009_0.png
improved_fp16_cache,122000000009,1,"a woman sitting at a bar with a glass of wine, with a lamp on the table at night, dark lighting",1.5745,hit,8445.5,/content/CS2309.CH201/results/notebook/qsbench_imgs/20260617-0336-bb4785/improved_fp16_cache/122000000009_1.png
improved_fp16_cache,122000000009,2,"a woman sitting at a bar with a glass of wine, with a lamp on the table in winter, covered in snow",1.6379,hit,8445.5,/content/CS2309.CH201/results/notebook/qsbench_imgs/20260617-0336-bb4785/improved_fp16_cache/122000000009_2.png
improved_fp8_cache,000000000000,0,a slanted rusty mountain motorcycle in front of a fence,1.7951,miss,7818.2,/content/CS2309.CH201/results/notebook/qsbench_imgs/20260617-0336-bb4785/improved_fp8_cache/000000000000_0.png
improved_fp8_cache,000000000000,1,"a slanted mountain bicycle on the road in front of a building at night, dark lighting",1.4707,hit,7818.6,/content/CS2309.CH201/results/notebook/qsbench_imgs/20260617-0336-bb4785/improved_fp8_cache/000000000000_1.png
improved_fp8_cache,000000000000,2,"a slanted mountain bicycle on the road in front of a building in winter, covered in snow",1.4738,hit,7818.6,/content/CS2309.CH201/results/notebook/qsbench_imgs/20260617-0336-bb4785/improved_fp8_cache/000000000000_2.png
improved_fp8_cache,000000000001,0,a square cake with strawberry frosting on a plastic plate,1.8274,miss,7818.2,/content/CS2309.CH201/results/notebook/qsbench_imgs/20260617-0336-bb4785/improved_fp8_cache/000000000001_0.png
improved_fp8_cache,000000000001,1,"a round cake with orange frosting on a wooden plate at night, dark lighting",1.556,hit,7818.6,/content/CS2309.CH201/results/notebook/qsbench_imgs/20260617-0336-bb4785/improved_fp8_cache/000000000001_1.png
improved_fp8_cache,000000000001,2,"a round cake with orange frosting on a wooden plate in winter, covered in snow",1.5524,hit,7818.6,/content/CS2309.CH201/results/notebook/qsbench_imgs/20260617-0336-bb4785/improved_fp8_cache/000000000001_2.png
improved_fp8_cache,000000000002,0,a red dog with flowers in mouth standing on a metal chair,1.9013,miss,7818.2,/content/CS2309.CH201/results/notebook/qsbench_imgs/20260617-0336-bb4785/improved_fp8_cache/000000000002_0.png
improved_fp8_cache,000000000002,1,"a cat sitting on a wooden chair at night, dark lighting",1.5466,hit,7818.6,/content/CS2309.CH201/results/notebook/qsbench_imgs/20260617-0336-bb4785/improved_fp8_cache/000000000002_1.png
improved_fp8_cache,000000000002,2,"a cat sitting on a wooden chair in winter, covered in snow",1.5332,hit,7818.6,/content/CS2309.CH201/results/notebook/qsbench_imgs/20260617-0336-bb4785/improved_fp8_cache/000000000002_2.png
improved_fp8_cache,000000000003,0,"blue light, a black and white dog is playing with a yellow ball",1.8936,miss,7818.2,/content/CS2309.CH201/results/notebook/qsbench_imgs/20260617-0336-bb4785/improved_fp8_cache/000000000003_0.png
improved_fp8_cache,000000000003,1,"blue light, a black and white cat is playing with a flower at night, dark lighting",1.5362,hit,7818.6,/content/CS2309.CH201/results/notebook/qsbench_imgs/20260617-0336-bb4785/improved_fp8_cache/000000000003_1.png
improved_fp8_cache,000000000003,2,"blue light, a black and white cat is playing with a flower in winter, covered in snow",1.5614,hit,7818.6,/content/CS2309.CH201/results/notebook/qsbench_imgs/20260617-0336-bb4785/improved_fp8_cache/000000000003_2.png
improved_fp8_cache,000000000004,0,a silver cat sculpture standing next to a mirror,1.8657,miss,7818.2,/content/CS2309.CH201/results/notebook/qsbench_imgs/20260617-0336-bb4785/improved_fp8_cache/000000000004_0.png
improved_fp8_cache,000000000004,1,"a cat sitting next to a mirror at night, dark lighting",1.5027,hit,7818.6,/content/CS2309.CH201/results/notebook/qsbench_imgs/20260617-0336-bb4785/improved_fp8_cache/000000000004_1.png
improved_fp8_cache,000000000004,2,"a cat sitting next to a mirror in winter, covered in snow",1.481,hit,7818.6,/content/CS2309.CH201/results/notebook/qsbench_imgs/20260617-0336-bb4785/improved_fp8_cache/000000000004_2.png
improved_fp8_cache,000000000005,0,an white cat and a dog standing on top of a fence,1.8085,miss,7818.2,/content/CS2309.CH201/results/notebook/qsbench_imgs/20260617-0336-bb4785/improved_fp8_cache/000000000005_0.png
improved_fp8_cache,000000000005,1,"an orange cat sitting on top of a fence at night, dark lighting",1.4457,hit,7818.6,/content/CS2309.CH201/results/notebook/qsbench_imgs/20260617-0336-bb4785/improved_fp8_cache/000000000005_1.png
improved_fp8_cache,000000000005,2,"an orange cat sitting on top of a fence in winter, covered in snow",1.4374,hit,7818.6,/content/CS2309.CH201/results/notebook/qsbench_imgs/20260617-0336-bb4785/improved_fp8_cache/000000000005_2.png
improved_fp8_cache,000000000006,0,a yellow cup of milk with drawing of rose putted on the wooden table,1.8914,miss,7818.2,/content/CS2309.CH201/results/notebook/qsbench_imgs/20260617-0336-bb4785/improved_fp8_cache/000000000006_0.png
improved_fp8_cache,000000000006,1,"a cup of coffee with drawing of tulip putted on the wooden table at night, dark lighting",1.412,hit,7818.6,/content/CS2309.CH201/results/notebook/qsbench_imgs/20260617-0336-bb4785/improved_fp8_cache/000000000006_1.png
improved_fp8_cache,000000000006,2,"a cup of coffee with drawing of tulip putted on the wooden table in winter, covered in snow",1.4202,hit,7818.6,/content/CS2309.CH201/results/notebook/qsbench_imgs/20260617-0336-bb4785/improved_fp8_cache/000000000006_2.png
improved_fp8_cache,000000000007,0,a white german shepherd dog sits on the grass with big mouth opened,1.7309,miss,7818.2,/content/CS2309.CH201/results/notebook/qsbench_imgs/20260617-0336-bb4785/improved_fp8_cache/000000000007_0.png
improved_fp8_cache,000000000007,1,"a german shepherd dog stands on the grass with mouth closed at night, dark lighting",1.3846,hit,7818.6,/content/CS2309.CH201/results/notebook/qsbench_imgs/20260617-0336-bb4785/improved_fp8_cache/000000000007_1.png
improved_fp8_cache,000000000007,2,"a german shepherd dog stands on the grass with mouth closed in winter, covered in snow",1.3806,hit,7818.6,/content/CS2309.CH201/results/notebook/qsbench_imgs/20260617-0336-bb4785/improved_fp8_cache/000000000007_2.png
improved_fp8_cache,000000000008,0,a black german shepherd holding a rose standing on the ground in front of fence,1.6589,miss,7818.2,/content/CS2309.CH201/results/notebook/qsbench_imgs/20260617-0336-bb4785/improved_fp8_cache/000000000008_0.png
improved_fp8_cache,000000000008,1,"a golden retriever holding a tulip sitting on the ground in front of fence at night, dark lighting",1.4341,hit,7818.6,/content/CS2309.CH201/results/notebook/qsbench_imgs/20260617-0336-bb4785/improved_fp8_cache/000000000008_1.png
improved_fp8_cache,000000000008,2,"a golden retriever holding a tulip sitting on the ground in front of fence in winter, covered in snow",1.3865,hit,7818.6,/content/CS2309.CH201/results/notebook/qsbench_imgs/20260617-0336-bb4785/improved_fp8_cache/000000000008_2.png
improved_fp8_cache,000000000009,0,Painting of a lion laying down on a blue background,1.6941,miss,7818.2,/content/CS2309.CH201/results/notebook/qsbench_imgs/20260617-0336-bb4785/improved_fp8_cache/000000000009_0.png
improved_fp8_cache,000000000009,1,"a dog is laying down on a white background at night, dark lighting",1.3661,hit,7818.6,/content/CS2309.CH201/results/notebook/qsbench_imgs/20260617-0336-bb4785/improved_fp8_cache/000000000009_1.png
improved_fp8_cache,000000000009,2,"a dog is laying down on a white background in winter, covered in snow",1.3703,hit,7818.6,/content/CS2309.CH201/results/notebook/qsbench_imgs/20260617-0336-bb4785/improved_fp8_cache/000000000009_2.png
improved_fp8_cache,000000000010,0,photo of a white horse and a cat sitting on rocks near the ocean,1.6954,miss,7818.2,/content/CS2309.CH201/results/notebook/qsbench_imgs/20260617-0336-bb4785/improved_fp8_cache/000000000010_0.png
improved_fp8_cache,000000000010,1,"photo of a goat and a cat standing on rocks near the ocean at night, dark lighting",1.3668,hit,7818.6,/content/CS2309.CH201/results/notebook/qsbench_imgs/20260617-0336-bb4785/improved_fp8_cache/000000000010_1.png
improved_fp8_cache,000000000010,2,"photo of a goat and a cat standing on rocks near the ocean in winter, covered in snow",1.3535,hit,7818.6,/content/CS2309.CH201/results/notebook/qsbench_imgs/20260617-0336-bb4785/improved_fp8_cache/000000000010_2.png
improved_fp8_cache,000000000011,0,a brown owl standing on a red flower,1.699,miss,7818.2,/content/CS2309.CH201/results/notebook/qsbench_imgs/20260617-0336-bb4785/improved_fp8_cache/000000000011_0.png
improved_fp8_cache,000000000011,1,"a colorful bird standing on a branch at night, dark lighting",1.3534,hit,7818.6,/content/CS2309.CH201/results/notebook/qsbench_imgs/20260617-0336-bb4785/improved_fp8_cache/000000000011_1.png
improved_fp8_cache,000000000011,2,"a colorful bird standing on a branch in winter, covered in snow",1.3479,hit,7818.6,/content/CS2309.CH201/results/notebook/qsbench_imgs/20260617-0336-bb4785/improved_fp8_cache/000000000011_2.png
improved_fp8_cache,000000000012,0,Tuna sushi on white metal plate,1.6797,miss,7818.2,/content/CS2309.CH201/results/notebook/qsbench_imgs/20260617-0336-bb4785/improved_fp8_cache/000000000012_0.png
improved_fp8_cache,000000000012,1,"meat balls on white ceramics plate at night, dark lighting",1.3768,hit,7818.6,/content/CS2309.CH201/results/notebook/qsbench_imgs/20260617-0336-bb4785/improved_fp8_cache/000000000012_1.png
improved_fp8_cache,000000000012,2,"meat balls on white ceramics plate in winter, covered in snow",1.3699,hit,7818.6,/content/CS2309.CH201/results/notebook/qsbench_imgs/20260617-0336-bb4785/improved_fp8_cache/000000000012_2.png
improved_fp8_cache,000000000013,0,three white cupcakes on black metal bowl,1.6684,miss,7818.2,/content/CS2309.CH201/results/notebook/qsbench_imgs/20260617-0336-bb4785/improved_fp8_cache/000000000013_0.png
improved_fp8_cache,000000000013,1,"three white dumplings on brown wooden bowl at night, dark lighting",1.3734,hit,7818.6,/content/CS2309.CH201/results/notebook/qsbench_imgs/20260617-0336-bb4785/improved_fp8_cache/000000000013_1.png
improved_fp8_cache,000000000013,2,"three white dumplings on brown wooden bowl in winter, covered in snow",1.4046,hit,7818.6,/content/CS2309.CH201/results/notebook/qsbench_imgs/20260617-0336-bb4785/improved_fp8_cache/000000000013_2.png
improved_fp8_cache,000000000014,0,a man in white shirt with his hands up standing by a house,1.6867,miss,7818.2,/content/CS2309.CH201/results/notebook/qsbench_imgs/20260617-0336-bb4785/improved_fp8_cache/000000000014_0.png
improved_fp8_cache,000000000014,1,"a man in black shirt with his hands hanging down standing by a house at night, dark lighting",1.3654,hit,7818.6,/content/CS2309.CH201/results/notebook/qsbench_imgs/20260617-0336-bb4785/improved_fp8_cache/000000000014_1.png
improved_fp8_cache,000000000014,2,"a man in black shirt with his hands hanging down standing by a house in winter, covered in snow",1.3681,hit,7818.6,/content/CS2309.CH201/results/notebook/qsbench_imgs/20260617-0336-bb4785/improved_fp8_cache/000000000014_2.png
improved_fp8_cache,000000000015,0,Blue metal plate with vegatables on it,1.6934,miss,7818.2,/content/CS2309.CH201/results/notebook/qsbench_imgs/20260617-0336-bb4785/improved_fp8_cache/000000000015_0.png
improved_fp8_cache,000000000015,1,"white plate with fruits on it at night, dark lighting",1.3875,hit,7818.6,/content/CS2309.CH201/results/notebook/qsbench_imgs/20260617-0336-bb4785/improved_fp8_cache/000000000015_1.png
improved_fp8_cache,000000000015,2,"white plate with fruits on it in winter, covered in snow",1.3851,hit,7818.6,/content/CS2309.CH201/results/notebook/qsbench_imgs/20260617-0336-bb4785/improved_fp8_cache/000000000015_2.png
improved_fp8_cache,000000000016,0,a white plate with grilled salmon and mushroom on it,1.7732,miss,7818.2,/content/CS2309.CH201/results/notebook/qsbench_imgs/20260617-0336-bb4785/improved_fp8_cache/000000000016_0.png
improved_fp8_cache,000000000016,1,"a plate with grilled steak on it at night, dark lighting",1.4201,hit,7818.6,/content/CS2309.CH201/results/notebook/qsbench_imgs/20260617-0336-bb4785/improved_fp8_cache/000000000016_1.png
improved_fp8_cache,000000000016,2,"a plate with grilled steak on it in winter, covered in snow",1.3917,hit,7818.6,/content/CS2309.CH201/results/notebook/qsbench_imgs/20260617-0336-bb4785/improved_fp8_cache/000000000016_2.png
improved_fp8_cache,000000000017,0,photo of a white Teddy Bear in side view,1.7243,miss,7818.2,/content/CS2309.CH201/results/notebook/qsbench_imgs/20260617-0336-bb4785/improved_fp8_cache/000000000017_0.png
improved_fp8_cache,000000000017,1,"photo of a statue in front view at night, dark lighting",1.4284,hit,7818.6,/content/CS2309.CH201/results/notebook/qsbench_imgs/20260617-0336-bb4785/improved_fp8_cache/000000000017_1.png
improved_fp8_cache,000000000017,2,"photo of a statue in front view in winter, covered in snow",1.4175,hit,7818.6,/content/CS2309.CH201/results/notebook/qsbench_imgs/20260617-0336-bb4785/improved_fp8_cache/000000000017_2.png
improved_fp8_cache,000000000018,0,the statue of angel holding a red flower,1.734,miss,7818.2,/content/CS2309.CH201/results/notebook/qsbench_imgs/20260617-0336-bb4785/improved_fp8_cache/000000000018_0.png
improved_fp8_cache,000000000018,1,"the statue of liberty holding a torch at night, dark lighting",1.4083,hit,7818.6,/content/CS2309.CH201/results/notebook/qsbench_imgs/20260617-0336-bb4785/improved_fp8_cache/000000000018_1.png
improved_fp8_cache,000000000018,2,"the statue of liberty holding a torch in winter, covered in snow",1.4502,hit,7818.6,/content/CS2309.CH201/results/notebook/qsbench_imgs/20260617-0336-bb4785/improved_fp8_cache/000000000018_2.png
improved_fp8_cache,000000000019,0,white cat on green grass,1.7668,miss,7818.2,/content/CS2309.CH201/results/notebook/qsbench_imgs/20260617-0336-bb4785/improved_fp8_cache/000000000019_0.png
improved_fp8_cache,000000000019,1,"white tiger on brown ground at night, dark lighting",1.4311,hit,7818.6,/content/CS2309.CH201/results/notebook/qsbench_imgs/20260617-0336-bb4785/improved_fp8_cache/000000000019_1.png
improved_fp8_cache,000000000019,2,"white tiger on brown ground in winter, covered in snow",1.4267,hit,7818.6,/content/CS2309.CH201/results/notebook/qsbench_imgs/20260617-0336-bb4785/improved_fp8_cache/000000000019_2.png
improved_fp8_cache,000000000020,0,two toy cats standing on a branch,1.7562,miss,7818.2,/content/CS2309.CH201/results/notebook/qsbench_imgs/20260617-0336-bb4785/improved_fp8_cache/000000000020_0.png
improved_fp8_cache,000000000020,1,"two birds sitting on a branch at night, dark lighting",1.4342,hit,7818.6,/content/CS2309.CH201/results/notebook/qsbench_imgs/20260617-0336-bb4785/improved_fp8_cache/000000000020_1.png
improved_fp8_cache,000000000020,2,"two birds sitting on a branch in winter, covered in snow",1.4344,hit,7818.6,/content/CS2309.CH201/results/notebook/qsbench_imgs/20260617-0336-bb4785/improved_fp8_cache/000000000020_2.png
improved_fp8_cache,000000000021,0,"two metal owls sitting on a stick, forest background",1.8064,miss,7818.2,/content/CS2309.CH201/results/notebook/qsbench_imgs/20260617-0336-bb4785/improved_fp8_cache/000000000021_0.png
improved_fp8_cache,000000000021,1,"two parrots sitting on a stick, city street background at night, dark lighting",1.4359,hit,7818.6,/content/CS2309.CH201/results/notebook/qsbench_imgs/20260617-0336-bb4785/improved_fp8_cache/000000000021_1.png
improved_fp8_cache,000000000021,2,"two parrots sitting on a stick, city street background in winter, covered in snow",1.4613,hit,7818.6,/content/CS2309.CH201/results/notebook/qsbench_imgs/20260617-0336-bb4785/improved_fp8_cache/000000000021_2.png
improved_fp8_cache,000000000022,0,an pink taxi with colorful flowers on top,1.7737,miss,7818.2,/content/CS2309.CH201/results/notebook/qsbench_imgs/20260617-0336-bb4785/improved_fp8_cache/000000000022_0.png
improved_fp8_cache,000000000022,1,"an orange van with surfboards on top at night, dark lighting",1.4479,hit,7818.6,/content/CS2309.CH201/results/notebook/qsbench_imgs/20260617-0336-bb4785/improved_fp8_cache/000000000022_1.png
improved_fp8_cache,000000000022,2,"an orange van with surfboards on top in winter, covered in snow",1.4662,hit,7818.6,/content/CS2309.CH201/results/notebook/qsbench_imgs/20260617-0336-bb4785/improved_fp8_cache/000000000022_2.png
improved_fp8_cache,000000000023,0,a black cow with white patterns in the field,1.7667,miss,7818.2,/content/CS2309.CH201/results/notebook/qsbench_imgs/20260617-0336-bb4785/improved_fp8_cache/000000000023_0.png
improved_fp8_cache,000000000023,1,"a gray horse in the field at night, dark lighting",1.4434,hit,7818.6,/content/CS2309.CH201/results/notebook/qsbench_imgs/20260617-0336-bb4785/improved_fp8_cache/000000000023_1.png
improved_fp8_cache,000000000023,2,"a gray horse in the field in winter, covered in snow",1.4638,hit,7818.6,/content/CS2309.CH201/results/notebook/qsbench_imgs/20260617-0336-bb4785/improved_fp8_cache/000000000023_2.png
improved_fp8_cache,000000000024,0,a golden dog jumping in the sunset,1.7622,miss,7818.2,/content/CS2309.CH201/results/notebook/qsbench_imgs/20260617-0336-bb4785/improved_fp8_cache/000000000024_0.png
improved_fp8_cache,000000000024,1,"a white horse running in the sunset at night, dark lighting",1.4201,hit,7818.6,/content/CS2309.CH201/results/notebook/qsbench_imgs/20260617-0336-bb4785/improved_fp8_cache/000000000024_1.png
improved_fp8_cache,000000000024,2,"a white horse running in the sunset in winter, covered in snow",1.4141,hit,7818.6,/content/CS2309.CH201/results/notebook/qsbench_imgs/20260617-0336-bb4785/improved_fp8_cache/000000000024_2.png
improved_fp8_cache,000000000025,0,a woman with red hair wearing a coat,1.747,miss,7818.2,/content/CS2309.CH201/results/notebook/qsbench_imgs/20260617-0336-bb4785/improved_fp8_cache/000000000025_0.png
improved_fp8_cache,000000000025,1,"a woman with blue hair wearing a shirt at night, dark lighting",1.4051,hit,7818.6,/content/CS2309.CH201/results/notebook/qsbench_imgs/20260617-0336-bb4785/improved_fp8_cache/000000000025_1.png
improved_fp8_cache,000000000025,2,"a woman with blue hair wearing a shirt in winter, covered in snow",1.4115,hit,7818.6,/content/CS2309.CH201/results/notebook/qsbench_imgs/20260617-0336-bb4785/improved_fp8_cache/000000000025_2.png
improved_fp8_cache,000000000026,0,a toy cat with a red fur sitting on a branch,1.779,miss,7818.2,/content/CS2309.CH201/results/notebook/qsbench_imgs/20260617-0336-bb4785/improved_fp8_cache/000000000026_0.png
improved_fp8_cache,000000000026,1,"a yellow bird with a red beak sitting on a branch at night, dark lighting",1.3883,hit,7818.6,/content/CS2309.CH201/results/notebook/qsbench_imgs/20260617-0336-bb4785/improved_fp8_cache/000000000026_1.png
improved_fp8_cache,000000000026,2,"a yellow bird with a red beak sitting on a branch in winter, covered in snow",1.4008,hit,7818.6,/content/CS2309.CH201/results/notebook/qsbench_imgs/20260617-0336-bb4785/improved_fp8_cache/000000000026_2.png
improved_fp8_cache,000000000027,0,a closed eyes dog sitting on green grass,1.7441,miss,7818.2,/content/CS2309.CH201/results/notebook/qsbench_imgs/20260617-0336-bb4785/improved_fp8_cache/000000000027_0.png
improved_fp8_cache,000000000027,1,"a opened eyes cat sitting on wooden floor at night, dark lighting",1.3926,hit,7818.6,/content/CS2309.CH201/results/notebook/qsbench_imgs/20260617-0336-bb4785/improved_fp8_cache/000000000027_1.png
improved_fp8_cache,000000000027,2,"a opened eyes cat sitting on wooden floor in winter, covered in snow",1.4192,hit,7818.6,/content/CS2309.CH201/results/notebook/qsbench_imgs/20260617-0336-bb4785/improved_fp8_cache/000000000027_2.png
improved_fp8_cache,000000000028,0,Painting of red flowers on a tree branch with white background,1.7224,miss,7818.2,/content/CS2309.CH201/results/notebook/qsbench_imgs/20260617-0336-bb4785/improved_fp8_cache/000000000028_0.png
improved_fp8_cache,000000000028,1,"white flowers on a tree branch with blue sky background at night, dark lighting",1.447,hit,7818.6,/content/CS2309.CH201/results/notebook/qsbench_imgs/20260617-0336-bb4785/improved_fp8_cache/000000000028_1.png
improved_fp8_cache,000000000028,2,"white flowers on a tree branch with blue sky background in winter, covered in snow",1.4472,hit,7818.6,/content/CS2309.CH201/results/notebook/qsbench_imgs/20260617-0336-bb4785/improved_fp8_cache/000000000028_2.png
improved_fp8_cache,000000000029,0,a duck sitting on the floor,1.7014,miss,7818.2,/content/CS2309.CH201/results/notebook/qsbench_imgs/20260617-0336-bb4785/improved_fp8_cache/000000000029_0.png
improved_fp8_cache,000000000029,1,"a kitten walking on the grass at night, dark lighting",1.3922,hit,7818.6,/content/CS2309.CH201/results/notebook/qsbench_imgs/20260617-0336-bb4785/improved_fp8_cache/000000000029_1.png
improved_fp8_cache,000000000029,2,"a kitten walking on the grass in winter, covered in snow",1.3857,hit,7818.6,/content/CS2309.CH201/results/notebook/qsbench_imgs/20260617-0336-bb4785/improved_fp8_cache/000000000029_2.png
improved_fp8_cache,000000000030,0,a road in a lush city with black rocks,1.7186,miss,7818.2,/content/CS2309.CH201/results/notebook/qsbench_imgs/20260617-0336-bb4785/improved_fp8_cache/000000000030_0.png
improved_fp8_cache,000000000030,1,"a stream in a lush forest with rocks at night, dark lighting",1.3889,hit,7818.6,/content/CS2309.CH201/results/notebook/qsbench_imgs/20260617-0336-bb4785/improved_fp8_cache/000000000030_1.png
improved_fp8_cache,000000000030,2,"a stream in a lush forest with rocks in winter, covered in snow",1.3947,hit,7818.6,/content/CS2309.CH201/results/notebook/qsbench_imgs/20260617-0336-bb4785/improved_fp8_cache/000000000030_2.png
improved_fp8_cache,000000000031,0,a blue tulip in the yellow light,1.7347,miss,7818.2,/content/CS2309.CH201/results/notebook/qsbench_imgs/20260617-0336-bb4785/improved_fp8_cache/000000000031_0.png
improved_fp8_cache,000000000031,1,"a red rose in the dark at night, dark lighting",1.3943,hit,7818.6,/content/CS2309.CH201/results/notebook/qsbench_imgs/20260617-0336-bb4785/improved_fp8_cache/000000000031_1.png
improved_fp8_cache,000000000031,2,"a red rose in the dark in winter, covered in snow",1.391,hit,7818.6,/content/CS2309.CH201/results/notebook/qsbench_imgs/20260617-0336-bb4785/improved_fp8_cache/000000000031_2.png
improved_fp8_cache,000000000032,0,a group of red apples hanging from a big tree,1.7068,miss,7818.2,/content/CS2309.CH201/results/notebook/qsbench_imgs/20260617-0336-bb4785/improved_fp8_cache/000000000032_0.png
improved_fp8_cache,000000000032,1,"a group of pink flowers hanging from a tree at night, dark lighting",1.3907,hit,7818.6,/content/CS2309.CH201/results/notebook/qsbench_imgs/20260617-0336-bb4785/improved_fp8_cache/000000000032_1.png
improved_fp8_cache,000000000032,2,"a group of pink flowers hanging from a tree in winter, covered in snow",1.3873,hit,7818.6,/content/CS2309.CH201/results/notebook/qsbench_imgs/20260617-0336-bb4785/improved_fp8_cache/000000000032_2.png
improved_fp8_cache,000000000033,0,a painting of a boy walking his cat in winter,1.6955,miss,7818.2,/content/CS2309.CH201/results/notebook/qsbench_imgs/20260617-0336-bb4785/improved_fp8_cache/000000000033_0.png
improved_fp8_cache,000000000033,1,"a cartoon of a boy walking his dog in autumn at night, dark lighting",1.3957,hit,7818.6,/content/CS2309.CH201/results/notebook/qsbench_imgs/20260617-0336-bb4785/improved_fp8_cache/000000000033_1.png
improved_fp8_cache,000000000033,2,"a cartoon of a boy walking his dog in autumn in winter, covered in snow",1.4147,hit,7818.6,/content/CS2309.CH201/results/notebook/qsbench_imgs/20260617-0336-bb4785/improved_fp8_cache/000000000033_2.png
improved_fp8_cache,000000000034,0,a sketch painting of a mother cat and her babies are standing near the forest,1.7215,miss,7818.2,/content/CS2309.CH201/results/notebook/qsbench_imgs/20260617-0336-bb4785/improved_fp8_cache/000000000034_0.png
improved_fp8_cache,000000000034,1,"a mother duck and her babies are standing near the water at night, dark lighting",1.3992,hit,7818.6,/content/CS2309.CH201/results/notebook/qsbench_imgs/20260617-0336-bb4785/improved_fp8_cache/000000000034_1.png
improved_fp8_cache,000000000034,2,"a mother duck and her babies are standing near the water in winter, covered in snow",1.3931,hit,7818.6,/content/CS2309.CH201/results/notebook/qsbench_imgs/20260617-0336-bb4785/improved_fp8_cache/000000000034_2.png
improved_fp8_cache,000000000035,0,"painting, yellow ball of the world by jimmy kirk",1.7435,miss,7818.2,/content/CS2309.CH201/results/notebook/qsbench_imgs/20260617-0336-bb4785/improved_fp8_cache/000000000035_0.png
improved_fp8_cache,000000000035,1,"photograph, window of the world by jimmy kirk at night, dark lighting",1.3881,hit,7818.6,/content/CS2309.CH201/results/notebook/qsbench_imgs/20260617-0336-bb4785/improved_fp8_cache/000000000035_1.png
improved_fp8_cache,000000000035,2,"photograph, window of the world by jimmy kirk in winter, covered in snow",1.3992,hit,7818.6,/content/CS2309.CH201/results/notebook/qsbench_imgs/20260617-0336-bb4785/improved_fp8_cache/000000000035_2.png
improved_fp8_cache,000000000036,0,red flame in the dark,1.7694,miss,7818.2,/content/CS2309.CH201/results/notebook/qsbench_imgs/20260617-0336-bb4785/improved_fp8_cache/000000000036_0.png
improved_fp8_cache,000000000036,1,"smoke at night, dark lighting",1.4446,hit,7818.6,/content/CS2309.CH201/results/notebook/qsbench_imgs/20260617-0336-bb4785/improved_fp8_cache/000000000036_1.png
improved_fp8_cache,000000000036,2,"smoke in winter, covered in snow",1.4036,hit,7818.6,/content/CS2309.CH201/results/notebook/qsbench_imgs/20260617-0336-bb4785/improved_fp8_cache/000000000036_2.png
improved_fp8_cache,000000000037,0,snow mountain landscape with flowers and green grass,1.7617,miss,7818.2,/content/CS2309.CH201/results/notebook/qsbench_imgs/20260617-0336-bb4785/improved_fp8_cache/000000000037_0.png
improved_fp8_cache,000000000037,1,"mountain landscape with flowers and withered grass at night, dark lighting",1.4049,hit,7818.6,/content/CS2309.CH201/results/notebook/qsbench_imgs/20260617-0336-bb4785/improved_fp8_cache/000000000037_1.png
improved_fp8_cache,000000000037,2,"mountain landscape with flowers and withered grass in winter, covered in snow",1.4153,hit,7818.6,/content/CS2309.CH201/results/notebook/qsbench_imgs/20260617-0336-bb4785/improved_fp8_cache/000000000037_2.png
improved_fp8_cache,000000000038,0,a little girl with blue eyes and yellow flowers in a blue coat,1.7345,miss,7818.2,/content/CS2309.CH201/results/notebook/qsbench_imgs/20260617-0336-bb4785/improved_fp8_cache/000000000038_0.png
improved_fp8_cache,000000000038,1,"a little girl with green eyes and flowers in a blue dress at night, dark lighting",1.405,hit,7818.6,/content/CS2309.CH201/results/notebook/qsbench_imgs/20260617-0336-bb4785/improved_fp8_cache/000000000038_1.png
improved_fp8_cache,000000000038,2,"a little girl with green eyes and flowers in a blue dress in winter, covered in snow",1.4305,hit,7818.6,/content/CS2309.CH201/results/notebook/qsbench_imgs/20260617-0336-bb4785/improved_fp8_cache/000000000038_2.png
improved_fp8_cache,000000000039,0,two cats swimming in the sea,1.7491,miss,7818.2,/content/CS2309.CH201/results/notebook/qsbench_imgs/20260617-0336-bb4785/improved_fp8_cache/000000000039_0.png
improved_fp8_cache,000000000039,1,"two ducks in the dirt at night, dark lighting",1.4113,hit,7818.6,/content/CS2309.CH201/results/notebook/qsbench_imgs/20260617-0336-bb4785/improved_fp8_cache/000000000039_1.png
improved_fp8_cache,000000000039,2,"two ducks in the dirt in winter, covered in snow",1.4005,hit,7818.6,/content/CS2309.CH201/results/notebook/qsbench_imgs/20260617-0336-bb4785/improved_fp8_cache/000000000039_2.png
improved_fp8_cache,000000000040,0,a orange cat sitting with cotton scarf putting hands up,1.741,miss,7818.2,/content/CS2309.CH201/results/notebook/qsbench_imgs/20260617-0336-bb4785/improved_fp8_cache/000000000040_0.png
improved_fp8_cache,000000000040,1,"a cat sitting with beads collar at night, dark lighting",1.4252,hit,7818.6,/content/CS2309.CH201/results/notebook/qsbench_imgs/20260617-0336-bb4785/improved_fp8_cache/000000000040_1.png
improved_fp8_cache,000000000040,2,"a cat sitting with beads collar in winter, covered in snow",1.432,hit,7818.6,/content/CS2309.CH201/results/notebook/qsbench_imgs/20260617-0336-bb4785/improved_fp8_cache/000000000040_2.png
improved_fp8_cache,000000000041,0,a spacecraft in the blue arctic sky,1.7809,miss,7818.2,/content/CS2309.CH201/results/notebook/qsbench_imgs/20260617-0336-bb4785/improved_fp8_cache/000000000041_0.png
improved_fp8_cache,000000000041,1,"the arctic sky at night, dark lighting",1.4238,hit,7818.6,/content/CS2309.CH201/results/notebook/qsbench_imgs/20260617-0336-bb4785/improved_fp8_cache/000000000041_1.png
improved_fp8_cache,000000000041,2,"the arctic sky in winter, covered in snow",1.4091,hit,7818.6,/content/CS2309.CH201/results/notebook/qsbench_imgs/20260617-0336-bb4785/improved_fp8_cache/000000000041_2.png
improved_fp8_cache,000000000042,0,a white dog is standing on rocks in a bright forest,1.7354,miss,7818.2,/content/CS2309.CH201/results/notebook/qsbench_imgs/20260617-0336-bb4785/improved_fp8_cache/000000000042_0.png
improved_fp8_cache,000000000042,1,"a black wolf is standing on rocks in a dark forest at night, dark lighting",1.391,hit,7818.6,/content/CS2309.CH201/results/notebook/qsbench_imgs/20260617-0336-bb4785/improved_fp8_cache/000000000042_1.png
improved_fp8_cache,000000000042,2,"a black wolf is standing on rocks in a dark forest in winter, covered in snow",1.407,hit,7818.6,/content/CS2309.CH201/results/notebook/qsbench_imgs/20260617-0336-bb4785/improved_fp8_cache/000000000042_2.png
improved_fp8_cache,000000000043,0,a small blue cruise ship in the ocean at sunset,1.7308,miss,7818.2,/content/CS2309.CH201/results/notebook/qsbench_imgs/20260617-0336-bb4785/improved_fp8_cache/000000000043_0.png
improved_fp8_cache,000000000043,1,"a large red cargo ship in the ocean at sunset at night, dark lighting",1.4102,hit,7818.6,/content/CS2309.CH201/results/notebook/qsbench_imgs/20260617-0336-bb4785/improved_fp8_cache/000000000043_1.png
improved_fp8_cache,000000000043,2,"a large red cargo ship in the ocean at sunset in winter, covered in snow",1.4398,hit,7818.6,/content/CS2309.CH201/results/notebook/qsbench_imgs/20260617-0336-bb4785/improved_fp8_cache/000000000043_2.png
improved_fp8_cache,000000000044,0,a yellow cat with red scarf sitting in the flowers,1.7342,miss,7818.2,/content/CS2309.CH201/results/notebook/qsbench_imgs/20260617-0336-bb4785/improved_fp8_cache/000000000044_0.png
improved_fp8_cache,000000000044,1,"a cat sitting in the grass at night, dark lighting",1.3968,hit,7818.6,/content/CS2309.CH201/results/notebook/qsbench_imgs/20260617-0336-bb4785/improved_fp8_cache/000000000044_1.png
improved_fp8_cache,000000000044,2,"a cat sitting in the grass in winter, covered in snow",1.4252,hit,7818.6,/content/CS2309.CH201/results/notebook/qsbench_imgs/20260617-0336-bb4785/improved_fp8_cache/000000000044_2.png
improved_fp8_cache,000000000045,0,the christmas card of a santa's angry face with red mustache,1.7231,miss,7818.2,/content/CS2309.CH201/results/notebook/qsbench_imgs/20260617-0336-bb4785/improved_fp8_cache/000000000045_0.png
improved_fp8_cache,000000000045,1,"the christmas illustration of a santa's laughing face at night, dark lighting",1.4026,hit,7818.6,/content/CS2309.CH201/results/notebook/qsbench_imgs/20260617-0336-bb4785/improved_fp8_cache/000000000045_1.png
improved_fp8_cache,000000000045,2,"the christmas illustration of a santa's laughing face in winter, covered in snow",1.4309,hit,7818.6,/content/CS2309.CH201/results/notebook/qsbench_imgs/20260617-0336-bb4785/improved_fp8_cache/000000000045_2.png
improved_fp8_cache,000000000046,0,photo of pink stars in the sky,1.765,miss,7818.2,/content/CS2309.CH201/results/notebook/qsbench_imgs/20260617-0336-bb4785/improved_fp8_cache/000000000046_0.png
improved_fp8_cache,000000000046,1,"painting of clouds in the sky at night, dark lighting",1.401,hit,7818.6,/content/CS2309.CH201/results/notebook/qsbench_imgs/20260617-0336-bb4785/improved_fp8_cache/000000000046_1.png
improved_fp8_cache,000000000046,2,"painting of clouds in the sky in winter, covered in snow",1.3891,hit,7818.6,/content/CS2309.CH201/results/notebook/qsbench_imgs/20260617-0336-bb4785/improved_fp8_cache/000000000046_2.png
improved_fp8_cache,000000000047,0,shiny blue bus by jill kaufman,1.7218,miss,7818.2,/content/CS2309.CH201/results/notebook/qsbench_imgs/20260617-0336-bb4785/improved_fp8_cache/000000000047_0.png
improved_fp8_cache,000000000047,1,"rusty car by jill kaufman at night, dark lighting",1.3993,hit,7818.6,/content/CS2309.CH201/results/notebook/qsbench_imgs/20260617-0336-bb4785/improved_fp8_cache/000000000047_1.png
improved_fp8_cache,000000000047,2,"rusty car by jill kaufman in winter, covered in snow",1.3994,hit,7818.6,/content/CS2309.CH201/results/notebook/qsbench_imgs/20260617-0336-bb4785/improved_fp8_cache/000000000047_2.png
improved_fp8_cache,000000000048,0,sunset over a field with pink stars and a dark sky,1.7181,miss,7818.2,/content/CS2309.CH201/results/notebook/qsbench_imgs/20260617-0336-bb4785/improved_fp8_cache/000000000048_0.png
improved_fp8_cache,000000000048,1,"sunset over a field with clouds and a bright sky at night, dark lighting",1.3964,hit,7818.6,/content/CS2309.CH201/results/notebook/qsbench_imgs/20260617-0336-bb4785/improved_fp8_cache/000000000048_1.png
improved_fp8_cache,000000000048,2,"sunset over a field with clouds and a bright sky in winter, covered in snow",1.4239,hit,7818.6,/content/CS2309.CH201/results/notebook/qsbench_imgs/20260617-0336-bb4785/improved_fp8_cache/000000000048_2.png
improved_fp8_cache,000000000049,0,yellow metal chair with black dots in a conference room,1.7352,miss,7818.2,/content/CS2309.CH201/results/notebook/qsbench_imgs/20260617-0336-bb4785/improved_fp8_cache/000000000049_0.png
improved_fp8_cache,000000000049,1,"black chair in a conference room at night, dark lighting",1.4038,hit,7818.6,/content/CS2309.CH201/results/notebook/qsbench_imgs/20260617-0336-bb4785/improved_fp8_cache/000000000049_1.png
improved_fp8_cache,000000000049,2,"black chair in a conference room in winter, covered in snow",1.3939,hit,7818.6,/content/CS2309.CH201/results/notebook/qsbench_imgs/20260617-0336-bb4785/improved_fp8_cache/000000000049_2.png
improved_fp8_cache,000000000050,0,a cat jumping on eggs,1.7156,miss,7818.2,/content/CS2309.CH201/results/notebook/qsbench_imgs/20260617-0336-bb4785/improved_fp8_cache/000000000050_0.png
improved_fp8_cache,000000000050,1,"a bird standing on clods at night, dark lighting",1.3952,hit,7818.6,/content/CS2309.CH201/results/notebook/qsbench_imgs/20260617-0336-bb4785/improved_fp8_cache/000000000050_1.png
improved_fp8_cache,000000000050,2,"a bird standing on clods in winter, covered in snow",1.3985,hit,7818.6,/content/CS2309.CH201/results/notebook/qsbench_imgs/20260617-0336-bb4785/improved_fp8_cache/000000000050_2.png
improved_fp8_cache,000000000051,0,a painting of red flowers in a white vase,1.7547,miss,7818.2,/content/CS2309.CH201/results/notebook/qsbench_imgs/20260617-0336-bb4785/improved_fp8_cache/000000000051_0.png
improved_fp8_cache,000000000051,1,"a painting of colorful flowers in a blue vase at night, dark lighting",1.4357,hit,7818.6,/content/CS2309.CH201/results/notebook/qsbench_imgs/20260617-0336-bb4785/improved_fp8_cache/000000000051_1.png
improved_fp8_cache,000000000051,2,"a painting of colorful flowers in a blue vase in winter, covered in snow",1.3884,hit,7818.6,/content/CS2309.CH201/results/notebook/qsbench_imgs/20260617-0336-bb4785/improved_fp8_cache/000000000051_2.png
improved_fp8_cache,000000000052,0,a logo of X with pink color in a light background,1.6764,miss,7818.2,/content/CS2309.CH201/results/notebook/qsbench_imgs/20260617-0336-bb4785/improved_fp8_cache/000000000052_0.png
improved_fp8_cache,000000000052,1,"a logo of bird shape in a black background at night, dark lighting",1.3807,hit,7818.6,/content/CS2309.CH201/results/notebook/qsbench_imgs/20260617-0336-bb4785/improved_fp8_cache/000000000052_1.png
improved_fp8_cache,000000000052,2,"a logo of bird shape in a black background in winter, covered in snow",1.4087,hit,7818.6,/content/CS2309.CH201/results/notebook/qsbench_imgs/20260617-0336-bb4785/improved_fp8_cache/000000000052_2.png
improved_fp8_cache,000000000053,0,a fluffy cat with a blue leash jumping on the ground,1.7139,miss,7818.2,/content/CS2309.CH201/results/notebook/qsbench_imgs/20260617-0336-bb4785/improved_fp8_cache/000000000053_0.png
improved_fp8_cache,000000000053,1,"a fluffy dog with a blue leash sitting in the grass at night, dark lighting",1.3764,hit,7818.6,/content/CS2309.CH201/results/notebook/qsbench_imgs/20260617-0336-bb4785/improved_fp8_cache/000000000053_1.png
improved_fp8_cache,000000000053,2,"a fluffy dog with a blue leash sitting in the grass in winter, covered in snow",1.4229,hit,7818.6,/content/CS2309.CH201/results/notebook/qsbench_imgs/20260617-0336-bb4785/improved_fp8_cache/000000000053_2.png
improved_fp8_cache,000000000054,0,a red ball and a notebook on a table,1.72,miss,7818.2,/content/CS2309.CH201/results/notebook/qsbench_imgs/20260617-0336-bb4785/improved_fp8_cache/000000000054_0.png
improved_fp8_cache,000000000054,1,"a camera and a notebook on a bed at night, dark lighting",1.3877,hit,7818.6,/content/CS2309.CH201/results/notebook/qsbench_imgs/20260617-0336-bb4785/improved_fp8_cache/000000000054_1.png
improved_fp8_cache,000000000054,2,"a camera and a notebook on a bed in winter, covered in snow",1.3965,hit,7818.6,/content/CS2309.CH201/results/notebook/qsbench_imgs/20260617-0336-bb4785/improved_fp8_cache/000000000054_2.png
improved_fp8_cache,000000000055,0,a white tiger is looking at the camera in the rain,1.7107,miss,7818.2,/content/CS2309.CH201/results/notebook/qsbench_imgs/20260617-0336-bb4785/improved_fp8_cache/000000000055_0.png
improved_fp8_cache,000000000055,1,"a black dog is looking at the camera in the snow at night, dark lighting",1.3889,hit,7818.6,/content/CS2309.CH201/results/notebook/qsbench_imgs/20260617-0336-bb4785/improved_fp8_cache/000000000055_1.png
improved_fp8_cache,000000000055,2,"a black dog is looking at the camera in the snow in winter, covered in snow",1.3952,hit,7818.6,/content/CS2309.CH201/results/notebook/qsbench_imgs/20260617-0336-bb4785/improved_fp8_cache/000000000055_2.png
improved_fp8_cache,000000000056,0,a lion puppy with black fur wrapped in a blue coat,1.7512,miss,7818.2,/content/CS2309.CH201/results/notebook/qsbench_imgs/20260617-0336-bb4785/improved_fp8_cache/000000000056_0.png
improved_fp8_cache,000000000056,1,"a meerkat puppy wrapped in a blue towel at night, dark lighting",1.4679,hit,7818.6,/content/CS2309.CH201/results/notebook/qsbench_imgs/20260617-0336-bb4785/improved_fp8_cache/000000000056_1.png
improved_fp8_cache,000000000056,2,"a meerkat puppy wrapped in a blue towel in winter, covered in snow",1.3907,hit,7818.6,/content/CS2309.CH201/results/notebook/qsbench_imgs/20260617-0336-bb4785/improved_fp8_cache/000000000056_2.png
improved_fp8_cache,000000000057,0,a photo of an owl jumping on a rock,1.7087,miss,7818.2,/content/CS2309.CH201/results/notebook/qsbench_imgs/20260617-0336-bb4785/improved_fp8_cache/000000000057_0.png
improved_fp8_cache,000000000057,1,"an owl sitting on a branch at night, dark lighting",1.4223,hit,7818.6,/content/CS2309.CH201/results/notebook/qsbench_imgs/20260617-0336-bb4785/improved_fp8_cache/000000000057_1.png
improved_fp8_cache,000000000057,2,"an owl sitting on a branch in winter, covered in snow",1.4134,hit,7818.6,/content/CS2309.CH201/results/notebook/qsbench_imgs/20260617-0336-bb4785/improved_fp8_cache/000000000057_2.png
improved_fp8_cache,000000000058,0,yellow roses in blue vase,1.7328,miss,7818.2,/content/CS2309.CH201/results/notebook/qsbench_imgs/20260617-0336-bb4785/improved_fp8_cache/000000000058_0.png
improved_fp8_cache,000000000058,1,"purple tulips in vase at night, dark lighting",1.408,hit,7818.6,/content/CS2309.CH201/results/notebook/qsbench_imgs/20260617-0336-bb4785/improved_fp8_cache/000000000058_1.png
improved_fp8_cache,000000000058,2,"purple tulips in vase in winter, covered in snow",1.4364,hit,7818.6,/content/CS2309.CH201/results/notebook/qsbench_imgs/20260617-0336-bb4785/improved_fp8_cache/000000000058_2.png
improved_fp8_cache,000000000059,0,a cartoon cat face backward is jumping,1.7229,miss,7818.2,/content/CS2309.CH201/results/notebook/qsbench_imgs/20260617-0336-bb4785/improved_fp8_cache/000000000059_0.png
improved_fp8_cache,000000000059,1,"a cartoon goat at night, dark lighting",1.39,hit,7818.6,/content/CS2309.CH201/results/notebook/qsbench_imgs/20260617-0336-bb4785/improved_fp8_cache/000000000059_1.png
improved_fp8_cache,000000000059,2,"a cartoon goat in winter, covered in snow",1.4047,hit,7818.6,/content/CS2309.CH201/results/notebook/qsbench_imgs/20260617-0336-bb4785/improved_fp8_cache/000000000059_2.png
improved_fp8_cache,000000000060,0,a red pear sitting on top of a glass table,1.7212,miss,7818.2,/content/CS2309.CH201/results/notebook/qsbench_imgs/20260617-0336-bb4785/improved_fp8_cache/000000000060_0.png
improved_fp8_cache,000000000060,1,"a yellow apple sitting on top of a wooden table at night, dark lighting",1.3921,hit,7818.6,/content/CS2309.CH201/results/notebook/qsbench_imgs/20260617-0336-bb4785/improved_fp8_cache/000000000060_1.png
improved_fp8_cache,000000000060,2,"a yellow apple sitting on top of a wooden table in winter, covered in snow",1.3969,hit,7818.6,/content/CS2309.CH201/results/notebook/qsbench_imgs/20260617-0336-bb4785/improved_fp8_cache/000000000060_2.png
improved_fp8_cache,000000000061,0,a mid winter road with rocks lined with trees and flowers,1.7802,miss,7818.2,/content/CS2309.CH201/results/notebook/qsbench_imgs/20260617-0336-bb4785/improved_fp8_cache/000000000061_0.png
improved_fp8_cache,000000000061,1,"a mid autumn road lined with trees and leaves at night, dark lighting",1.4716,hit,7818.6,/content/CS2309.CH201/results/notebook/qsbench_imgs/20260617-0336-bb4785/improved_fp8_cache/000000000061_1.png
improved_fp8_cache,000000000061,2,"a mid autumn road lined with trees and leaves in winter, covered in snow",1.4045,hit,7818.6,/content/CS2309.CH201/results/notebook/qsbench_imgs/20260617-0336-bb4785/improved_fp8_cache/000000000061_2.png
improved_fp8_cache,000000000062,0,a cat is sleeping in a pile of colorful stones,1.7258,miss,7818.2,/content/CS2309.CH201/results/notebook/qsbench_imgs/20260617-0336-bb4785/improved_fp8_cache/000000000062_0.png
improved_fp8_cache,000000000062,1,"a rabbit is sitting in a pile of colorful eggs at night, dark lighting",1.4026,hit,7818.6,/content/CS2309.CH201/results/notebook/qsbench_imgs/20260617-0336-bb4785/improved_fp8_cache/000000000062_1.png
improved_fp8_cache,000000000062,2,"a rabbit is sitting in a pile of colorful eggs in winter, covered in snow",1.4141,hit,7818.6,/content/CS2309.CH201/results/notebook/qsbench_imgs/20260617-0336-bb4785/improved_fp8_cache/000000000062_2.png
improved_fp8_cache,000000000063,0,a white vase with some wilted vegatables in it,1.7193,miss,7818.2,/content/CS2309.CH201/results/notebook/qsbench_imgs/20260617-0336-bb4785/improved_fp8_cache/000000000063_0.png
improved_fp8_cache,000000000063,1,"a vase with some blooming flowers in it at night, dark lighting",1.4031,hit,7818.6,/content/CS2309.CH201/results/notebook/qsbench_imgs/20260617-0336-bb4785/improved_fp8_cache/000000000063_1.png
improved_fp8_cache,000000000063,2,"a vase with some blooming flowers in it in winter, covered in snow",1.4581,hit,7818.6,/content/CS2309.CH201/results/notebook/qsbench_imgs/20260617-0336-bb4785/improved_fp8_cache/000000000063_2.png
improved_fp8_cache,000000000064,0,a woman riding a lion in front of a glowing red flame,1.7359,miss,7818.2,/content/CS2309.CH201/results/notebook/qsbench_imgs/20260617-0336-bb4785/improved_fp8_cache/000000000064_0.png
improved_fp8_cache,000000000064,1,"a woman in front of a glowing yellow light at night, dark lighting",1.4141,hit,7818.6,/content/CS2309.CH201/results/notebook/qsbench_imgs/20260617-0336-bb4785/improved_fp8_cache/000000000064_1.png
improved_fp8_cache,000000000064,2,"a woman in front of a glowing yellow light in winter, covered in snow",1.3908,hit,7818.6,/content/CS2309.CH201/results/notebook/qsbench_imgs/20260617-0336-bb4785/improved_fp8_cache/000000000064_2.png
improved_fp8_cache,000000000065,0,a blue bird is standing on a stone,1.7255,miss,7818.2,/content/CS2309.CH201/results/notebook/qsbench_imgs/20260617-0336-bb4785/improved_fp8_cache/000000000065_0.png
improved_fp8_cache,000000000065,1,"a bird is sitting on a branch with moss at night, dark lighting",1.4003,hit,7818.6,/content/CS2309.CH201/results/notebook/qsbench_imgs/20260617-0336-bb4785/improved_fp8_cache/000000000065_1.png
improved_fp8_cache,000000000065,2,"a bird is sitting on a branch with moss in winter, covered in snow",1.4103,hit,7818.6,/content/CS2309.CH201/results/notebook/qsbench_imgs/20260617-0336-bb4785/improved_fp8_cache/000000000065_2.png
improved_fp8_cache,000000000066,0,painting of a german shepherd standing on the ground,1.7834,miss,7818.2,/content/CS2309.CH201/results/notebook/qsbench_imgs/20260617-0336-bb4785/improved_fp8_cache/000000000066_0.png
improved_fp8_cache,000000000066,1,"a dalmatian dog laying on the ground at night, dark lighting",1.4831,hit,7818.6,/content/CS2309.CH201/results/notebook/qsbench_imgs/20260617-0336-bb4785/improved_fp8_cache/000000000066_1.png
improved_fp8_cache,000000000066,2,"a dalmatian dog laying on the ground in winter, covered in snow",1.4189,hit,7818.6,/content/CS2309.CH201/results/notebook/qsbench_imgs/20260617-0336-bb4785/improved_fp8_cache/000000000066_2.png
improved_fp8_cache,000000000067,0,a woman in a white shirt crying in the rain,1.745,miss,7818.2,/content/CS2309.CH201/results/notebook/qsbench_imgs/20260617-0336-bb4785/improved_fp8_cache/000000000067_0.png
improved_fp8_cache,000000000067,1,"a woman in a jacket standing in the rain at night, dark lighting",1.4015,hit,7818.6,/content/CS2309.CH201/results/notebook/qsbench_imgs/20260617-0336-bb4785/improved_fp8_cache/000000000067_1.png
improved_fp8_cache,000000000067,2,"a woman in a jacket standing in the rain in winter, covered in snow",1.4063,hit,7818.6,/content/CS2309.CH201/results/notebook/qsbench_imgs/20260617-0336-bb4785/improved_fp8_cache/000000000067_2.png
improved_fp8_cache,000000000068,0,painting of white unicorns standing in the woods,1.7264,miss,7818.2,/content/CS2309.CH201/results/notebook/qsbench_imgs/20260617-0336-bb4785/improved_fp8_cache/000000000068_0.png
improved_fp8_cache,000000000068,1,"photo of horses running in the woods at night, dark lighting",1.4094,hit,7818.6,/content/CS2309.CH201/results/notebook/qsbench_imgs/20260617-0336-bb4785/improved_fp8_cache/000000000068_1.png
improved_fp8_cache,000000000068,2,"photo of horses running in the woods in winter, covered in snow",1.4431,hit,7818.6,/content/CS2309.CH201/results/notebook/qsbench_imgs/20260617-0336-bb4785/improved_fp8_cache/000000000068_2.png
improved_fp8_cache,000000000069,0,forest with snow and bus,1.7255,miss,7818.2,/content/CS2309.CH201/results/notebook/qsbench_imgs/20260617-0336-bb4785/improved_fp8_cache/000000000069_0.png
improved_fp8_cache,000000000069,1,"sea and house at night, dark lighting",1.4016,hit,7818.6,/content/CS2309.CH201/results/notebook/qsbench_imgs/20260617-0336-bb4785/improved_fp8_cache/000000000069_1.png
improved_fp8_cache,000000000069,2,"sea and house in winter, covered in snow",1.4037,hit,7818.6,/content/CS2309.CH201/results/notebook/qsbench_imgs/20260617-0336-bb4785/improved_fp8_cache/000000000069_2.png
improved_fp8_cache,000000000070,0,"a sunny day of the park of dresden, germany, europe",1.7451,miss,7818.2,/content/CS2309.CH201/results/notebook/qsbench_imgs/20260617-0336-bb4785/improved_fp8_cache/000000000070_0.png
improved_fp8_cache,000000000070,1,"the city of dresden, germany, europe at night, dark lighting",1.3985,hit,7818.6,/content/CS2309.CH201/results/notebook/qsbench_imgs/20260617-0336-bb4785/improved_fp8_cache/000000000070_1.png
improved_fp8_cache,000000000070,2,"the city of dresden, germany, europe in winter, covered in snow",1.406,hit,7818.6,/content/CS2309.CH201/results/notebook/qsbench_imgs/20260617-0336-bb4785/improved_fp8_cache/000000000070_2.png
improved_fp8_cache,000000000071,0,an orange with two hands on it in a dark background,1.742,miss,7818.2,/content/CS2309.CH201/results/notebook/qsbench_imgs/20260617-0336-bb4785/improved_fp8_cache/000000000071_0.png
improved_fp8_cache,000000000071,1,"an apple with two faces on it in a white background at night, dark lighting",1.4852,hit,7818.6,/content/CS2309.CH201/results/notebook/qsbench_imgs/20260617-0336-bb4785/improved_fp8_cache/000000000071_1.png
improved_fp8_cache,000000000071,2,"an apple with two faces on it in a white background in winter, covered in snow",1.4088,hit,7818.6,/content/CS2309.CH201/results/notebook/qsbench_imgs/20260617-0336-bb4785/improved_fp8_cache/000000000071_2.png
improved_fp8_cache,000000000072,0,wooden green vases,1.7571,miss,7818.2,/content/CS2309.CH201/results/notebook/qsbench_imgs/20260617-0336-bb4785/improved_fp8_cache/000000000072_0.png
improved_fp8_cache,000000000072,1,"colorful cups at night, dark lighting",1.4201,hit,7818.6,/content/CS2309.CH201/results/notebook/qsbench_imgs/20260617-0336-bb4785/improved_fp8_cache/000000000072_1.png
improved_fp8_cache,000000000072,2,"colorful cups in winter, covered in snow",1.4217,hit,7818.6,/content/CS2309.CH201/results/notebook/qsbench_imgs/20260617-0336-bb4785/improved_fp8_cache/000000000072_2.png
improved_fp8_cache,000000000073,0,a autumn field with buildings and a pink sky,1.7354,miss,7818.2,/content/CS2309.CH201/results/notebook/qsbench_imgs/20260617-0336-bb4785/improved_fp8_cache/000000000073_0.png
improved_fp8_cache,000000000073,1,"a spring field with trees and a blue sky at night, dark lighting",1.4143,hit,7818.6,/content/CS2309.CH201/results/notebook/qsbench_imgs/20260617-0336-bb4785/improved_fp8_cache/000000000073_1.png
improved_fp8_cache,000000000073,2,"a spring field with trees and a blue sky in winter, covered in snow",1.4432,hit,7818.6,/content/CS2309.CH201/results/notebook/qsbench_imgs/20260617-0336-bb4785/improved_fp8_cache/000000000073_2.png
improved_fp8_cache,000000000074,0,a building is covered in leaves and snow,1.744,miss,7818.2,/content/CS2309.CH201/results/notebook/qsbench_imgs/20260617-0336-bb4785/improved_fp8_cache/000000000074_0.png
improved_fp8_cache,000000000074,1,"a mountain is covered in clouds and snow at night, dark lighting",1.4114,hit,7818.6,/content/CS2309.CH201/results/notebook/qsbench_imgs/20260617-0336-bb4785/improved_fp8_cache/000000000074_1.png
improved_fp8_cache,000000000074,2,"a mountain is covered in clouds and snow in winter, covered in snow",1.4031,hit,7818.6,/content/CS2309.CH201/results/notebook/qsbench_imgs/20260617-0336-bb4785/improved_fp8_cache/000000000074_2.png
improved_fp8_cache,000000000075,0,a woman with cats and dogs playing around her face,1.7286,miss,7818.2,/content/CS2309.CH201/results/notebook/qsbench_imgs/20260617-0336-bb4785/improved_fp8_cache/000000000075_0.png
improved_fp8_cache,000000000075,1,"a woman with flowers around her face at night, dark lighting",1.4119,hit,7818.6,/content/CS2309.CH201/results/notebook/qsbench_imgs/20260617-0336-bb4785/improved_fp8_cache/000000000075_1.png
improved_fp8_cache,000000000075,2,"a woman with flowers around her face in winter, covered in snow",1.409,hit,7818.6,/content/CS2309.CH201/results/notebook/qsbench_imgs/20260617-0336-bb4785/improved_fp8_cache/000000000075_2.png
improved_fp8_cache,000000000076,0,a painting of a golden vase with a flower coming out of it,1.7762,miss,7818.2,/content/CS2309.CH201/results/notebook/qsbench_imgs/20260617-0336-bb4785/improved_fp8_cache/000000000076_0.png
improved_fp8_cache,000000000076,1,"a painting of a cup with a smoke coming out of it at night, dark lighting",1.4815,hit,7818.6,/content/CS2309.CH201/results/notebook/qsbench_imgs/20260617-0336-bb4785/improved_fp8_cache/000000000076_1.png
improved_fp8_cache,000000000076,2,"a painting of a cup with a smoke coming out of it in winter, covered in snow",1.3998,hit,7818.6,/content/CS2309.CH201/results/notebook/qsbench_imgs/20260617-0336-bb4785/improved_fp8_cache/000000000076_2.png
improved_fp8_cache,000000000077,0,a painting of a car in the snow with colorful buildings in the background,1.7283,miss,7818.2,/content/CS2309.CH201/results/notebook/qsbench_imgs/20260617-0336-bb4785/improved_fp8_cache/000000000077_0.png
improved_fp8_cache,000000000077,1,"a painting of a cabin in the snow with mountains in the background at night, dark lighting",1.3985,hit,7818.6,/content/CS2309.CH201/results/notebook/qsbench_imgs/20260617-0336-bb4785/improved_fp8_cache/000000000077_1.png
improved_fp8_cache,000000000077,2,"a painting of a cabin in the snow with mountains in the background in winter, covered in snow",1.4063,hit,7818.6,/content/CS2309.CH201/results/notebook/qsbench_imgs/20260617-0336-bb4785/improved_fp8_cache/000000000077_2.png
improved_fp8_cache,000000000078,0,ocean with stars shining in the pink sky,1.735,miss,7818.2,/content/CS2309.CH201/results/notebook/qsbench_imgs/20260617-0336-bb4785/improved_fp8_cache/000000000078_0.png
improved_fp8_cache,000000000078,1,"ocean with clouds in the sky at night, dark lighting",1.4089,hit,7818.6,/content/CS2309.CH201/results/notebook/qsbench_imgs/20260617-0336-bb4785/improved_fp8_cache/000000000078_1.png
improved_fp8_cache,000000000078,2,"ocean with clouds in the sky in winter, covered in snow",1.4367,hit,7818.6,/content/CS2309.CH201/results/notebook/qsbench_imgs/20260617-0336-bb4785/improved_fp8_cache/000000000078_2.png
improved_fp8_cache,000000000079,0,a man walking in a city with buildings in the background,1.7303,miss,7818.2,/content/CS2309.CH201/results/notebook/qsbench_imgs/20260617-0336-bb4785/improved_fp8_cache/000000000079_0.png
improved_fp8_cache,000000000079,1,"a man walking in a town with mountains in the background at night, dark lighting",1.398,hit,7818.6,/content/CS2309.CH201/results/notebook/qsbench_imgs/20260617-0336-bb4785/improved_fp8_cache/000000000079_1.png
improved_fp8_cache,000000000079,2,"a man walking in a town with mountains in the background in winter, covered in snow",1.3979,hit,7818.6,/content/CS2309.CH201/results/notebook/qsbench_imgs/20260617-0336-bb4785/improved_fp8_cache/000000000079_2.png
improved_fp8_cache,000000000080,0,a fox is shown smiling in a high polygonal style,1.7187,miss,7818.2,/content/CS2309.CH201/results/notebook/qsbench_imgs/20260617-0336-bb4785/improved_fp8_cache/000000000080_0.png
improved_fp8_cache,000000000080,1,"a cat is shown in a low polygonal style at night, dark lighting",1.396,hit,7818.6,/content/CS2309.CH201/results/notebook/qsbench_imgs/20260617-0336-bb4785/improved_fp8_cache/000000000080_1.png
improved_fp8_cache,000000000080,2,"a cat is shown in a low polygonal style in winter, covered in snow",1.3938,hit,7818.6,/content/CS2309.CH201/results/notebook/qsbench_imgs/20260617-0336-bb4785/improved_fp8_cache/000000000080_2.png
improved_fp8_cache,000000000081,0,flowers on a rock in the forest,1.7838,miss,7818.2,/content/CS2309.CH201/results/notebook/qsbench_imgs/20260617-0336-bb4785/improved_fp8_cache/000000000081_0.png
improved_fp8_cache,000000000081,1,"mushrooms on a branch in the forest at night, dark lighting",1.4592,hit,7818.6,/content/CS2309.CH201/results/notebook/qsbench_imgs/20260617-0336-bb4785/improved_fp8_cache/000000000081_1.png
improved_fp8_cache,000000000081,2,"mushrooms on a branch in the forest in winter, covered in snow",1.393,hit,7818.6,/content/CS2309.CH201/results/notebook/qsbench_imgs/20260617-0336-bb4785/improved_fp8_cache/000000000081_2.png
improved_fp8_cache,000000000082,0,a cute cat holding a pink ball,1.7275,miss,7818.2,/content/CS2309.CH201/results/notebook/qsbench_imgs/20260617-0336-bb4785/improved_fp8_cache/000000000082_0.png
improved_fp8_cache,000000000082,1,"a cute dog holding a red heart at night, dark lighting",1.4184,hit,7818.6,/content/CS2309.CH201/results/notebook/qsbench_imgs/20260617-0336-bb4785/improved_fp8_cache/000000000082_1.png
improved_fp8_cache,000000000082,2,"a cute dog holding a red heart in winter, covered in snow",1.3902,hit,7818.6,/content/CS2309.CH201/results/notebook/qsbench_imgs/20260617-0336-bb4785/improved_fp8_cache/000000000082_2.png
improved_fp8_cache,000000000083,0,a ink droplet hangs from a string of flashing red lights,1.7112,miss,7818.2,/content/CS2309.CH201/results/notebook/qsbench_imgs/20260617-0336-bb4785/improved_fp8_cache/000000000083_0.png
improved_fp8_cache,000000000083,1,"a water droplet hangs from a string of lights at night, dark lighting",1.3903,hit,7818.6,/content/CS2309.CH201/results/notebook/qsbench_imgs/20260617-0336-bb4785/improved_fp8_cache/000000000083_1.png
improved_fp8_cache,000000000083,2,"a water droplet hangs from a string of lights in winter, covered in snow",1.4338,hit,7818.6,/content/CS2309.CH201/results/notebook/qsbench_imgs/20260617-0336-bb4785/improved_fp8_cache/000000000083_2.png
improved_fp8_cache,000000000084,0,two blue and green toy cats are standing on a snow covered surface,1.7101,miss,7818.2,/content/CS2309.CH201/results/notebook/qsbench_imgs/20260617-0336-bb4785/improved_fp8_cache/000000000084_0.png
improved_fp8_cache,000000000084,1,"two red and white toy gnomes are sitting on a snow covered surface at night, dark lighting",1.4085,hit,7818.6,/content/CS2309.CH201/results/notebook/qsbench_imgs/20260617-0336-bb4785/improved_fp8_cache/000000000084_1.png
improved_fp8_cache,000000000084,2,"two red and white toy gnomes are sitting on a snow covered surface in winter, covered in snow",1.3908,hit,7818.6,/content/CS2309.CH201/results/notebook/qsbench_imgs/20260617-0336-bb4785/improved_fp8_cache/000000000084_2.png
improved_fp8_cache,000000000085,0,dog howling at the sun with a outline of a person,1.6984,miss,7818.2,/content/CS2309.CH201/results/notebook/qsbench_imgs/20260617-0336-bb4785/improved_fp8_cache/000000000085_0.png
improved_fp8_cache,000000000085,1,"wolf howling at the moon with a outline of a wolf at night, dark lighting",1.4028,hit,7818.6,/content/CS2309.CH201/results/notebook/qsbench_imgs/20260617-0336-bb4785/improved_fp8_cache/000000000085_1.png
improved_fp8_cache,000000000085,2,"wolf howling at the moon with a outline of a wolf in winter, covered in snow",1.402,hit,7818.6,/content/CS2309.CH201/results/notebook/qsbench_imgs/20260617-0336-bb4785/improved_fp8_cache/000000000085_2.png
improved_fp8_cache,000000000086,0,the violet cherry tree is blooming in the winter,1.7512,miss,7818.2,/content/CS2309.CH201/results/notebook/qsbench_imgs/20260617-0336-bb4785/improved_fp8_cache/000000000086_0.png
improved_fp8_cache,000000000086,1,"the almond tree is blooming in the spring at night, dark lighting",1.4641,hit,7818.6,/content/CS2309.CH201/results/notebook/qsbench_imgs/20260617-0336-bb4785/improved_fp8_cache/000000000086_1.png
improved_fp8_cache,000000000086,2,"the almond tree is blooming in the spring in winter, covered in snow",1.3929,hit,7818.6,/content/CS2309.CH201/results/notebook/qsbench_imgs/20260617-0336-bb4785/improved_fp8_cache/000000000086_2.png
improved_fp8_cache,000000000087,0,a girl rides a dog on a snow field,1.7318,miss,7818.2,/content/CS2309.CH201/results/notebook/qsbench_imgs/20260617-0336-bb4785/improved_fp8_cache/000000000087_0.png
improved_fp8_cache,000000000087,1,"a jockey rides a horse on a grassy field at night, dark lighting",1.4169,hit,7818.6,/content/CS2309.CH201/results/notebook/qsbench_imgs/20260617-0336-bb4785/improved_fp8_cache/000000000087_1.png
improved_fp8_cache,000000000087,2,"a jockey rides a horse on a grassy field in winter, covered in snow",1.4179,hit,7818.6,/content/CS2309.CH201/results/notebook/qsbench_imgs/20260617-0336-bb4785/improved_fp8_cache/000000000087_2.png
improved_fp8_cache,000000000088,0,"a plate with rice, apple slices and steak",1.7355,miss,7818.2,/content/CS2309.CH201/results/notebook/qsbench_imgs/20260617-0336-bb4785/improved_fp8_cache/000000000088_0.png
improved_fp8_cache,000000000088,1,"a plate with rice, lemon slices and fish at night, dark lighting",1.4012,hit,7818.6,/content/CS2309.CH201/results/notebook/qsbench_imgs/20260617-0336-bb4785/improved_fp8_cache/000000000088_1.png
improved_fp8_cache,000000000088,2,"a plate with rice, lemon slices and fish in winter, covered in snow",1.4369,hit,7818.6,/content/CS2309.CH201/results/notebook/qsbench_imgs/20260617-0336-bb4785/improved_fp8_cache/000000000088_2.png
improved_fp8_cache,000000000089,0,two purple apples on a tree branch with a pink sky in the background,1.7287,miss,7818.2,/content/CS2309.CH201/results/notebook/qsbench_imgs/20260617-0336-bb4785/improved_fp8_cache/000000000089_0.png
improved_fp8_cache,000000000089,1,"two red berries on a tree branch with a blue sky in the background at night, dark lighting",1.4145,hit,7818.6,/content/CS2309.CH201/results/notebook/qsbench_imgs/20260617-0336-bb4785/improved_fp8_cache/000000000089_1.png
improved_fp8_cache,000000000089,2,"two red berries on a tree branch with a blue sky in the background in winter, covered in snow",1.4119,hit,7818.6,/content/CS2309.CH201/results/notebook/qsbench_imgs/20260617-0336-bb4785/improved_fp8_cache/000000000089_2.png
improved_fp8_cache,000000000090,0,a drawing of a woman with a colorfull hat on her head and a dress on her body,1.7147,miss,7818.2,/content/CS2309.CH201/results/notebook/qsbench_imgs/20260617-0336-bb4785/improved_fp8_cache/000000000090_0.png
improved_fp8_cache,000000000090,1,"a drawing of a woman with a towel on her head at night, dark lighting",1.4069,hit,7818.6,/content/CS2309.CH201/results/notebook/qsbench_imgs/20260617-0336-bb4785/improved_fp8_cache/000000000090_1.png
improved_fp8_cache,000000000090,2,"a drawing of a woman with a towel on her head in winter, covered in snow",1.4027,hit,7818.6,/content/CS2309.CH201/results/notebook/qsbench_imgs/20260617-0336-bb4785/improved_fp8_cache/000000000090_2.png
improved_fp8_cache,000000000091,0,a girl with flowers sitting at a table with noodles and cakes,1.7918,miss,7818.2,/content/CS2309.CH201/results/notebook/qsbench_imgs/20260617-0336-bb4785/improved_fp8_cache/000000000091_0.png
improved_fp8_cache,000000000091,1,"a girl sitting at a table with pizza and drinks at night, dark lighting",1.4745,hit,7818.6,/content/CS2309.CH201/results/notebook/qsbench_imgs/20260617-0336-bb4785/improved_fp8_cache/000000000091_1.png
improved_fp8_cache,000000000091,2,"a girl sitting at a table with pizza and drinks in winter, covered in snow",1.4177,hit,7818.6,/content/CS2309.CH201/results/notebook/qsbench_imgs/20260617-0336-bb4785/improved_fp8_cache/000000000091_2.png
improved_fp8_cache,000000000092,0,lilas and cakes on black glass surface,1.7465,miss,7818.2,/content/CS2309.CH201/results/notebook/qsbench_imgs/20260617-0336-bb4785/improved_fp8_cache/000000000092_0.png
improved_fp8_cache,000000000092,1,"lilas and book on wooden surface at night, dark lighting",1.4012,hit,7818.6,/content/CS2309.CH201/results/notebook/qsbench_imgs/20260617-0336-bb4785/improved_fp8_cache/000000000092_1.png
improved_fp8_cache,000000000092,2,"lilas and book on wooden surface in winter, covered in snow",1.4142,hit,7818.6,/content/CS2309.CH201/results/notebook/qsbench_imgs/20260617-0336-bb4785/improved_fp8_cache/000000000092_2.png
improved_fp8_cache,000000000093,0,a garfield cat is sleeping on a sofa,1.7422,miss,7818.2,/content/CS2309.CH201/results/notebook/qsbench_imgs/20260617-0336-bb4785/improved_fp8_cache/000000000093_0.png
improved_fp8_cache,000000000093,1,"a collie dog is sitting on a bed at night, dark lighting",1.4099,hit,7818.6,/content/CS2309.CH201/results/notebook/qsbench_imgs/20260617-0336-bb4785/improved_fp8_cache/000000000093_1.png
improved_fp8_cache,000000000093,2,"a collie dog is sitting on a bed in winter, covered in snow",1.4329,hit,7818.6,/content/CS2309.CH201/results/notebook/qsbench_imgs/20260617-0336-bb4785/improved_fp8_cache/000000000093_2.png
improved_fp8_cache,000000000094,0,a cat is sleeping on a blue sweater,1.7523,miss,7818.2,/content/CS2309.CH201/results/notebook/qsbench_imgs/20260617-0336-bb4785/improved_fp8_cache/000000000094_0.png
improved_fp8_cache,000000000094,1,"a cat is sitting on a red blanket at night, dark lighting",1.4069,hit,7818.6,/content/CS2309.CH201/results/notebook/qsbench_imgs/20260617-0336-bb4785/improved_fp8_cache/000000000094_1.png
improved_fp8_cache,000000000094,2,"a cat is sitting on a red blanket in winter, covered in snow",1.4095,hit,7818.6,/content/CS2309.CH201/results/notebook/qsbench_imgs/20260617-0336-bb4785/improved_fp8_cache/000000000094_2.png
improved_fp8_cache,000000000095,0,a painting of a fairy with purple wings holding a white crystal ball,1.726,miss,7818.2,/content/CS2309.CH201/results/notebook/qsbench_imgs/20260617-0336-bb4785/improved_fp8_cache/000000000095_0.png
improved_fp8_cache,000000000095,1,"a painting of a fairy with green wings holding a glowing jar at night, dark lighting",1.4026,hit,7818.6,/content/CS2309.CH201/results/notebook/qsbench_imgs/20260617-0336-bb4785/improved_fp8_cache/000000000095_1.png
improved_fp8_cache,000000000095,2,"a painting of a fairy with green wings holding a glowing jar in winter, covered in snow",1.4002,hit,7818.6,/content/CS2309.CH201/results/notebook/qsbench_imgs/20260617-0336-bb4785/improved_fp8_cache/000000000095_2.png
improved_fp8_cache,000000000096,0,a colorful and beautiful photo of bride and groom embrace in the church,1.8057,miss,7818.2,/content/CS2309.CH201/results/notebook/qsbench_imgs/20260617-0336-bb4785/improved_fp8_cache/000000000096_0.png
improved_fp8_cache,000000000096,1,"a white and black photo of bride and groom embrace in the woods at night, dark lighting",1.4726,hit,7818.6,/content/CS2309.CH201/results/notebook/qsbench_imgs/20260617-0336-bb4785/improved_fp8_cache/000000000096_1.png
improved_fp8_cache,000000000096,2,"a white and black photo of bride and groom embrace in the woods in winter, covered in snow",1.393,hit,7818.6,/content/CS2309.CH201/results/notebook/qsbench_imgs/20260617-0336-bb4785/improved_fp8_cache/000000000096_2.png
improved_fp8_cache,000000000097,0,a metal vase of colorful rose flowers on a white table,1.7277,miss,7818.2,/content/CS2309.CH201/results/notebook/qsbench_imgs/20260617-0336-bb4785/improved_fp8_cache/000000000097_0.png
improved_fp8_cache,000000000097,1,"a vase of colorful flowers on a wooden table at night, dark lighting",1.3997,hit,7818.6,/content/CS2309.CH201/results/notebook/qsbench_imgs/20260617-0336-bb4785/improved_fp8_cache/000000000097_1.png
improved_fp8_cache,000000000097,2,"a vase of colorful flowers on a wooden table in winter, covered in snow",1.3937,hit,7818.6,/content/CS2309.CH201/results/notebook/qsbench_imgs/20260617-0336-bb4785/improved_fp8_cache/000000000097_2.png
improved_fp8_cache,000000000098,0,a cat hanging from a wire with grass in the background,1.7278,miss,7818.2,/content/CS2309.CH201/results/notebook/qsbench_imgs/20260617-0336-bb4785/improved_fp8_cache/000000000098_0.png
improved_fp8_cache,000000000098,1,"a light bulb hanging from a wire with sky in the background at night, dark lighting",1.3914,hit,7818.6,/content/CS2309.CH201/results/notebook/qsbench_imgs/20260617-0336-bb4785/improved_fp8_cache/000000000098_1.png
improved_fp8_cache,000000000098,2,"a light bulb hanging from a wire with sky in the background in winter, covered in snow",1.4179,hit,7818.6,/content/CS2309.CH201/results/notebook/qsbench_imgs/20260617-0336-bb4785/improved_fp8_cache/000000000098_2.png
improved_fp8_cache,000000000099,0,a painting of a woman with pink hair holding a teddy bear,1.7223,miss,7818.2,/content/CS2309.CH201/results/notebook/qsbench_imgs/20260617-0336-bb4785/improved_fp8_cache/000000000099_0.png
improved_fp8_cache,000000000099,1,"a painting of a woman holding a pink flower at night, dark lighting",1.4031,hit,7818.6,/content/CS2309.CH201/results/notebook/qsbench_imgs/20260617-0336-bb4785/improved_fp8_cache/000000000099_1.png
improved_fp8_cache,000000000099,2,"a painting of a woman holding a pink flower in winter, covered in snow",1.4003,hit,7818.6,/content/CS2309.CH201/results/notebook/qsbench_imgs/20260617-0336-bb4785/improved_fp8_cache/000000000099_2.png
improved_fp8_cache,000000000100,0,a woman in red holding an umbrella runs through a forest,1.7125,miss,7818.2,/content/CS2309.CH201/results/notebook/qsbench_imgs/20260617-0336-bb4785/improved_fp8_cache/000000000100_0.png
improved_fp8_cache,000000000100,1,"a woman in black holding an umbrella walks through a field at night, dark lighting",1.4017,hit,7818.6,/content/CS2309.CH201/results/notebook/qsbench_imgs/20260617-0336-bb4785/improved_fp8_cache/000000000100_1.png
improved_fp8_cache,000000000100,2,"a woman in black holding an umbrella walks through a field in winter, covered in snow",1.3899,hit,7818.6,/content/CS2309.CH201/results/notebook/qsbench_imgs/20260617-0336-bb4785/improved_fp8_cache/000000000100_2.png
improved_fp8_cache,000000000101,0,blue poppies and bees in winter,1.7527,miss,7818.2,/content/CS2309.CH201/results/notebook/qsbench_imgs/20260617-0336-bb4785/improved_fp8_cache/000000000101_0.png
improved_fp8_cache,000000000101,1,"poppies at night, dark lighting",1.4447,hit,7818.6,/content/CS2309.CH201/results/notebook/qsbench_imgs/20260617-0336-bb4785/improved_fp8_cache/000000000101_1.png
improved_fp8_cache,000000000101,2,"poppies in winter, covered in snow",1.4032,hit,7818.6,/content/CS2309.CH201/results/notebook/qsbench_imgs/20260617-0336-bb4785/improved_fp8_cache/000000000101_2.png
improved_fp8_cache,000000000102,0,a white tulip on the rail,1.7223,miss,7818.2,/content/CS2309.CH201/results/notebook/qsbench_imgs/20260617-0336-bb4785/improved_fp8_cache/000000000102_0.png
improved_fp8_cache,000000000102,1,"a rose on the rail at night, dark lighting",1.4032,hit,7818.6,/content/CS2309.CH201/results/notebook/qsbench_imgs/20260617-0336-bb4785/improved_fp8_cache/000000000102_1.png
improved_fp8_cache,000000000102,2,"a rose on the rail in winter, covered in snow",1.4053,hit,7818.6,/content/CS2309.CH201/results/notebook/qsbench_imgs/20260617-0336-bb4785/improved_fp8_cache/000000000102_2.png
improved_fp8_cache,000000000103,0,an digital painting of stars and moon,1.7185,miss,7818.2,/content/CS2309.CH201/results/notebook/qsbench_imgs/20260617-0336-bb4785/improved_fp8_cache/000000000103_0.png
improved_fp8_cache,000000000103,1,"an abstract painting of waves and water at night, dark lighting",1.4043,hit,7818.6,/content/CS2309.CH201/results/notebook/qsbench_imgs/20260617-0336-bb4785/improved_fp8_cache/000000000103_1.png
improved_fp8_cache,000000000103,2,"an abstract painting of waves and water in winter, covered in snow",1.4269,hit,7818.6,/content/CS2309.CH201/results/notebook/qsbench_imgs/20260617-0336-bb4785/improved_fp8_cache/000000000103_2.png
improved_fp8_cache,000000000104,0,a woman with white snakes in her hair,1.7167,miss,7818.2,/content/CS2309.CH201/results/notebook/qsbench_imgs/20260617-0336-bb4785/improved_fp8_cache/000000000104_0.png
improved_fp8_cache,000000000104,1,"a woman with flowers in her hair at night, dark lighting",1.3797,hit,7818.6,/content/CS2309.CH201/results/notebook/qsbench_imgs/20260617-0336-bb4785/improved_fp8_cache/000000000104_1.png
improved_fp8_cache,000000000104,2,"a woman with flowers in her hair in winter, covered in snow",1.3845,hit,7818.6,/content/CS2309.CH201/results/notebook/qsbench_imgs/20260617-0336-bb4785/improved_fp8_cache/000000000104_2.png
improved_fp8_cache,000000000105,0,fat orange cat with green eyes,1.7135,miss,7818.2,/content/CS2309.CH201/results/notebook/qsbench_imgs/20260617-0336-bb4785/improved_fp8_cache/000000000105_0.png
improved_fp8_cache,000000000105,1,"cat with yellow eyes at night, dark lighting",1.3769,hit,7818.6,/content/CS2309.CH201/results/notebook/qsbench_imgs/20260617-0336-bb4785/improved_fp8_cache/000000000105_1.png
improved_fp8_cache,000000000105,2,"cat with yellow eyes in winter, covered in snow",1.3828,hit,7818.6,/content/CS2309.CH201/results/notebook/qsbench_imgs/20260617-0336-bb4785/improved_fp8_cache/000000000105_2.png
improved_fp8_cache,000000000106,0,a blue umbrella with rainbow spots on it is sitting on the ground,1.7082,miss,7818.2,/content/CS2309.CH201/results/notebook/qsbench_imgs/20260617-0336-bb4785/improved_fp8_cache/000000000106_0.png
improved_fp8_cache,000000000106,1,"a red mushroom with white spots on it is sitting on the ground at night, dark lighting",1.4419,hit,7818.6,/content/CS2309.CH201/results/notebook/qsbench_imgs/20260617-0336-bb4785/improved_fp8_cache/000000000106_1.png
improved_fp8_cache,000000000106,2,"a red mushroom with white spots on it is sitting on the ground in winter, covered in snow",1.3864,hit,7818.6,/content/CS2309.CH201/results/notebook/qsbench_imgs/20260617-0336-bb4785/improved_fp8_cache/000000000106_2.png
improved_fp8_cache,000000000107,0,a red wodden duck on the branch,1.7207,miss,7818.2,/content/CS2309.CH201/results/notebook/qsbench_imgs/20260617-0336-bb4785/improved_fp8_cache/000000000107_0.png
improved_fp8_cache,000000000107,1,"a bird on the branch at night, dark lighting",1.3974,hit,7818.6,/content/CS2309.CH201/results/notebook/qsbench_imgs/20260617-0336-bb4785/improved_fp8_cache/000000000107_1.png
improved_fp8_cache,000000000107,2,"a bird on the branch in winter, covered in snow",1.3994,hit,7818.6,/content/CS2309.CH201/results/notebook/qsbench_imgs/20260617-0336-bb4785/improved_fp8_cache/000000000107_2.png
improved_fp8_cache,000000000108,0,watercolor painting of a boy standing in a living room,1.7268,miss,7818.2,/content/CS2309.CH201/results/notebook/qsbench_imgs/20260617-0336-bb4785/improved_fp8_cache/000000000108_0.png
improved_fp8_cache,000000000108,1,"a woman sitting in a living room at night, dark lighting",1.4022,hit,7818.6,/content/CS2309.CH201/results/notebook/qsbench_imgs/20260617-0336-bb4785/improved_fp8_cache/000000000108_1.png
improved_fp8_cache,000000000108,2,"a woman sitting in a living room in winter, covered in snow",1.4639,hit,7818.6,/content/CS2309.CH201/results/notebook/qsbench_imgs/20260617-0336-bb4785/improved_fp8_cache/000000000108_2.png
improved_fp8_cache,000000000109,0,a school with a red tile roof and trees in the background,1.7226,miss,7818.2,/content/CS2309.CH201/results/notebook/qsbench_imgs/20260617-0336-bb4785/improved_fp8_cache/000000000109_0.png
improved_fp8_cache,000000000109,1,"a farm with a thatched roof and trees in the background at night, dark lighting",1.3951,hit,7818.6,/content/CS2309.CH201/results/notebook/qsbench_imgs/20260617-0336-bb4785/improved_fp8_cache/000000000109_1.png
improved_fp8_cache,000000000109,2,"a farm with a thatched roof and trees in the background in winter, covered in snow",1.4075,hit,7818.6,/content/CS2309.CH201/results/notebook/qsbench_imgs/20260617-0336-bb4785/improved_fp8_cache/000000000109_2.png
improved_fp8_cache,000000000110,0,a old woman is holding a white cat,1.7221,miss,7818.2,/content/CS2309.CH201/results/notebook/qsbench_imgs/20260617-0336-bb4785/improved_fp8_cache/000000000110_0.png
improved_fp8_cache,000000000110,1,"a young woman is holding a dog at night, dark lighting",1.4008,hit,7818.6,/content/CS2309.CH201/results/notebook/qsbench_imgs/20260617-0336-bb4785/improved_fp8_cache/000000000110_1.png
improved_fp8_cache,000000000110,2,"a young woman is holding a dog in winter, covered in snow",1.4032,hit,7818.6,/content/CS2309.CH201/results/notebook/qsbench_imgs/20260617-0336-bb4785/improved_fp8_cache/000000000110_2.png
improved_fp8_cache,000000000111,0,a dog with blue eyes standing on the ground,1.7436,miss,7818.2,/content/CS2309.CH201/results/notebook/qsbench_imgs/20260617-0336-bb4785/improved_fp8_cache/000000000111_0.png
improved_fp8_cache,000000000111,1,"a cat with green eyes sitting on the ground at night, dark lighting",1.4574,hit,7818.6,/content/CS2309.CH201/results/notebook/qsbench_imgs/20260617-0336-bb4785/improved_fp8_cache/000000000111_1.png
improved_fp8_cache,000000000111,2,"a cat with green eyes sitting on the ground in winter, covered in snow",1.401,hit,7818.6,/content/CS2309.CH201/results/notebook/qsbench_imgs/20260617-0336-bb4785/improved_fp8_cache/000000000111_2.png
improved_fp8_cache,000000000112,0,a group of pink plush ducks are swimming in a canal,1.7449,miss,7818.2,/content/CS2309.CH201/results/notebook/qsbench_imgs/20260617-0336-bb4785/improved_fp8_cache/000000000112_0.png
improved_fp8_cache,000000000112,1,"a group of rubber ducks are lined up in a canal at night, dark lighting",1.436,hit,7818.6,/content/CS2309.CH201/results/notebook/qsbench_imgs/20260617-0336-bb4785/improved_fp8_cache/000000000112_1.png
improved_fp8_cache,000000000112,2,"a group of rubber ducks are lined up in a canal in winter, covered in snow",1.4204,hit,7818.6,/content/CS2309.CH201/results/notebook/qsbench_imgs/20260617-0336-bb4785/improved_fp8_cache/000000000112_2.png
improved_fp8_cache,000000000113,0,rabbits holding apples in the grass,1.7437,miss,7818.2,/content/CS2309.CH201/results/notebook/qsbench_imgs/20260617-0336-bb4785/improved_fp8_cache/000000000113_0.png
improved_fp8_cache,000000000113,1,"dogs running in the grass at night, dark lighting",1.4095,hit,7818.6,/content/CS2309.CH201/results/notebook/qsbench_imgs/20260617-0336-bb4785/improved_fp8_cache/000000000113_1.png
improved_fp8_cache,000000000113,2,"dogs running in the grass in winter, covered in snow",1.4561,hit,7818.6,/content/CS2309.CH201/results/notebook/qsbench_imgs/20260617-0336-bb4785/improved_fp8_cache/000000000113_2.png
improved_fp8_cache,000000000114,0,a painting of a man and woman playing on the ground,1.7373,miss,7818.2,/content/CS2309.CH201/results/notebook/qsbench_imgs/20260617-0336-bb4785/improved_fp8_cache/000000000114_0.png
improved_fp8_cache,000000000114,1,"a photo of a man and woman sitting on the ground at night, dark lighting",1.4321,hit,7818.6,/content/CS2309.CH201/results/notebook/qsbench_imgs/20260617-0336-bb4785/improved_fp8_cache/000000000114_1.png
improved_fp8_cache,000000000114,2,"a photo of a man and woman sitting on the ground in winter, covered in snow",1.4197,hit,7818.6,/content/CS2309.CH201/results/notebook/qsbench_imgs/20260617-0336-bb4785/improved_fp8_cache/000000000114_2.png
improved_fp8_cache,000000000115,0,two colorful birds flying next to each other,1.7546,miss,7818.2,/content/CS2309.CH201/results/notebook/qsbench_imgs/20260617-0336-bb4785/improved_fp8_cache/000000000115_0.png
improved_fp8_cache,000000000115,1,"two ducks standing next to each other at night, dark lighting",1.4103,hit,7818.6,/content/CS2309.CH201/results/notebook/qsbench_imgs/20260617-0336-bb4785/improved_fp8_cache/000000000115_1.png
improved_fp8_cache,000000000115,2,"two ducks standing next to each other in winter, covered in snow",1.4103,hit,7818.6,/content/CS2309.CH201/results/notebook/qsbench_imgs/20260617-0336-bb4785/improved_fp8_cache/000000000115_2.png
improved_fp8_cache,000000000116,0,colorful dinosaur eggs in a glass,1.7354,miss,7818.2,/content/CS2309.CH201/results/notebook/qsbench_imgs/20260617-0336-bb4785/improved_fp8_cache/000000000116_0.png
improved_fp8_cache,000000000116,1,"easter eggs in a teacup at night, dark lighting",1.4277,hit,7818.6,/content/CS2309.CH201/results/notebook/qsbench_imgs/20260617-0336-bb4785/improved_fp8_cache/000000000116_1.png
improved_fp8_cache,000000000116,2,"easter eggs in a teacup in winter, covered in snow",1.4224,hit,7818.6,/content/CS2309.CH201/results/notebook/qsbench_imgs/20260617-0336-bb4785/improved_fp8_cache/000000000116_2.png
improved_fp8_cache,000000000117,0,a blue flower with red bee center in the middle,1.7322,miss,7818.2,/content/CS2309.CH201/results/notebook/qsbench_imgs/20260617-0336-bb4785/improved_fp8_cache/000000000117_0.png
improved_fp8_cache,000000000117,1,"a pink flower with yellow center in the middle at night, dark lighting",1.4041,hit,7818.6,/content/CS2309.CH201/results/notebook/qsbench_imgs/20260617-0336-bb4785/improved_fp8_cache/000000000117_1.png
improved_fp8_cache,000000000117,2,"a pink flower with yellow center in the middle in winter, covered in snow",1.4022,hit,7818.6,/content/CS2309.CH201/results/notebook/qsbench_imgs/20260617-0336-bb4785/improved_fp8_cache/000000000117_2.png
improved_fp8_cache,000000000118,0,a big cat is sitting on a branch in a forest,1.7303,miss,7818.2,/content/CS2309.CH201/results/notebook/qsbench_imgs/20260617-0336-bb4785/improved_fp8_cache/000000000118_0.png
improved_fp8_cache,000000000118,1,"a small bird is sitting on a branch in a field at night, dark lighting",1.4024,hit,7818.6,/content/CS2309.CH201/results/notebook/qsbench_imgs/20260617-0336-bb4785/improved_fp8_cache/000000000118_1.png
improved_fp8_cache,000000000118,2,"a small bird is sitting on a branch in a field in winter, covered in snow",1.4299,hit,7818.6,/content/CS2309.CH201/results/notebook/qsbench_imgs/20260617-0336-bb4785/improved_fp8_cache/000000000118_2.png
improved_fp8_cache,000000000119,0,a woman in white crying on a chair with ghost in the background,1.7341,miss,7818.2,/content/CS2309.CH201/results/notebook/qsbench_imgs/20260617-0336-bb4785/improved_fp8_cache/000000000119_0.png
improved_fp8_cache,000000000119,1,"a woman in red sitting on a chair with castle in the background at night, dark lighting",1.3908,hit,7818.6,/content/CS2309.CH201/results/notebook/qsbench_imgs/20260617-0336-bb4785/improved_fp8_cache/000000000119_1.png
improved_fp8_cache,000000000119,2,"a woman in red sitting on a chair with castle in the background in winter, covered in snow",1.3888,hit,7818.6,/content/CS2309.CH201/results/notebook/qsbench_imgs/20260617-0336-bb4785/improved_fp8_cache/000000000119_2.png
improved_fp8_cache,000000000120,0,woman with pink straight hair and blue eyes,1.7215,miss,7818.2,/content/CS2309.CH201/results/notebook/qsbench_imgs/20260617-0336-bb4785/improved_fp8_cache/000000000120_0.png
improved_fp8_cache,000000000120,1,"woman with brown hair at night, dark lighting",1.3951,hit,7818.6,/content/CS2309.CH201/results/notebook/qsbench_imgs/20260617-0336-bb4785/improved_fp8_cache/000000000120_1.png
improved_fp8_cache,000000000120,2,"woman with brown hair in winter, covered in snow",1.3921,hit,7818.6,/content/CS2309.CH201/results/notebook/qsbench_imgs/20260617-0336-bb4785/improved_fp8_cache/000000000120_2.png
improved_fp8_cache,000000000121,0,oilpainting of pink roses on a branch,1.7182,miss,7818.2,/content/CS2309.CH201/results/notebook/qsbench_imgs/20260617-0336-bb4785/improved_fp8_cache/000000000121_0.png
improved_fp8_cache,000000000121,1,"watercolor of leaves on a branch at night, dark lighting",1.4327,hit,7818.6,/content/CS2309.CH201/results/notebook/qsbench_imgs/20260617-0336-bb4785/improved_fp8_cache/000000000121_1.png
improved_fp8_cache,000000000121,2,"watercolor of leaves on a branch in winter, covered in snow",1.3971,hit,7818.6,/content/CS2309.CH201/results/notebook/qsbench_imgs/20260617-0336-bb4785/improved_fp8_cache/000000000121_2.png
improved_fp8_cache,000000000122,0,a view of the mountains covered in red berries and leaves,1.7209,miss,7818.2,/content/CS2309.CH201/results/notebook/qsbench_imgs/20260617-0336-bb4785/improved_fp8_cache/000000000122_0.png
improved_fp8_cache,000000000122,1,"a view of the mountains covered in snow at night, dark lighting",1.4033,hit,7818.6,/content/CS2309.CH201/results/notebook/qsbench_imgs/20260617-0336-bb4785/improved_fp8_cache/000000000122_1.png
improved_fp8_cache,000000000122,2,"a view of the mountains covered in snow in winter, covered in snow",1.392,hit,7818.6,/content/CS2309.CH201/results/notebook/qsbench_imgs/20260617-0336-bb4785/improved_fp8_cache/000000000122_2.png
improved_fp8_cache,000000000123,0,red stone buddha statue with diamonds in the temple,1.7243,miss,7818.2,/content/CS2309.CH201/results/notebook/qsbench_imgs/20260617-0336-bb4785/improved_fp8_cache/000000000123_0.png
improved_fp8_cache,000000000123,1,"gold buddha statue in the temple at night, dark lighting",1.4048,hit,7818.6,/content/CS2309.CH201/results/notebook/qsbench_imgs/20260617-0336-bb4785/improved_fp8_cache/000000000123_1.png
improved_fp8_cache,000000000123,2,"gold buddha statue in the temple in winter, covered in snow",1.4232,hit,7818.6,/content/CS2309.CH201/results/notebook/qsbench_imgs/20260617-0336-bb4785/improved_fp8_cache/000000000123_2.png
improved_fp8_cache,000000000124,0,the pink sunset and rainbow over the durdle door,1.731,miss,7818.2,/content/CS2309.CH201/results/notebook/qsbench_imgs/20260617-0336-bb4785/improved_fp8_cache/000000000124_0.png
improved_fp8_cache,000000000124,1,"the galaxy over the durdle door at night, dark lighting",1.4048,hit,7818.6,/content/CS2309.CH201/results/notebook/qsbench_imgs/20260617-0336-bb4785/improved_fp8_cache/000000000124_1.png
improved_fp8_cache,000000000124,2,"the galaxy over the durdle door in winter, covered in snow",1.3912,hit,7818.6,/content/CS2309.CH201/results/notebook/qsbench_imgs/20260617-0336-bb4785/improved_fp8_cache/000000000124_2.png
improved_fp8_cache,000000000125,0,a close up of a blue flower lego on a light background,1.7182,miss,7818.2,/content/CS2309.CH201/results/notebook/qsbench_imgs/20260617-0336-bb4785/improved_fp8_cache/000000000125_0.png
improved_fp8_cache,000000000125,1,"a close up of a purple flower on a black background at night, dark lighting",1.3934,hit,7818.6,/content/CS2309.CH201/results/notebook/qsbench_imgs/20260617-0336-bb4785/improved_fp8_cache/000000000125_1.png
improved_fp8_cache,000000000125,2,"a close up of a purple flower on a black background in winter, covered in snow",1.3938,hit,7818.6,/content/CS2309.CH201/results/notebook/qsbench_imgs/20260617-0336-bb4785/improved_fp8_cache/000000000125_2.png
improved_fp8_cache,000000000126,0,an oil painting of a cat in kitchen,1.7263,miss,7818.2,/content/CS2309.CH201/results/notebook/qsbench_imgs/20260617-0336-bb4785/improved_fp8_cache/000000000126_0.png
improved_fp8_cache,000000000126,1,"a kitchen at night, dark lighting",1.4297,hit,7818.6,/content/CS2309.CH201/results/notebook/qsbench_imgs/20260617-0336-bb4785/improved_fp8_cache/000000000126_1.png
improved_fp8_cache,000000000126,2,"a kitchen in winter, covered in snow",1.3945,hit,7818.6,/content/CS2309.CH201/results/notebook/qsbench_imgs/20260617-0336-bb4785/improved_fp8_cache/000000000126_2.png
improved_fp8_cache,000000000127,0,a white boat with boxes is docked on a lake in the sunny day,1.7196,miss,7818.2,/content/CS2309.CH201/results/notebook/qsbench_imgs/20260617-0336-bb4785/improved_fp8_cache/000000000127_0.png
improved_fp8_cache,000000000127,1,"a boat is docked on a lake in the heavy fog at night, dark lighting",1.3876,hit,7818.6,/content/CS2309.CH201/results/notebook/qsbench_imgs/20260617-0336-bb4785/improved_fp8_cache/000000000127_1.png
improved_fp8_cache,000000000127,2,"a boat is docked on a lake in the heavy fog in winter, covered in snow",1.3855,hit,7818.6,/content/CS2309.CH201/results/notebook/qsbench_imgs/20260617-0336-bb4785/improved_fp8_cache/000000000127_2.png
improved_fp8_cache,000000000128,0,watercolor painting of a cat sleeping with pink flowers with a light background,1.7249,miss,7818.2,/content/CS2309.CH201/results/notebook/qsbench_imgs/20260617-0336-bb4785/improved_fp8_cache/000000000128_0.png
improved_fp8_cache,000000000128,1,"cartoon painting of a fox sleeping with flowers with a gray background at night, dark lighting",1.3935,hit,7818.6,/content/CS2309.CH201/results/notebook/qsbench_imgs/20260617-0336-bb4785/improved_fp8_cache/000000000128_1.png
improved_fp8_cache,000000000128,2,"cartoon painting of a fox sleeping with flowers with a gray background in winter, covered in snow",1.4277,hit,7818.6,/content/CS2309.CH201/results/notebook/qsbench_imgs/20260617-0336-bb4785/improved_fp8_cache/000000000128_2.png
improved_fp8_cache,000000000129,0,a woman with blue makeup and a hat,1.7792,miss,7818.2,/content/CS2309.CH201/results/notebook/qsbench_imgs/20260617-0336-bb4785/improved_fp8_cache/000000000129_0.png
improved_fp8_cache,000000000129,1,"a woman with gold makeup at night, dark lighting",1.391,hit,7818.6,/content/CS2309.CH201/results/notebook/qsbench_imgs/20260617-0336-bb4785/improved_fp8_cache/000000000129_1.png
improved_fp8_cache,000000000129,2,"a woman with gold makeup in winter, covered in snow",1.3864,hit,7818.6,/content/CS2309.CH201/results/notebook/qsbench_imgs/20260617-0336-bb4785/improved_fp8_cache/000000000129_2.png
improved_fp8_cache,000000000130,0,a toy figure of cat sitting on a rock,1.7127,miss,7818.2,/content/CS2309.CH201/results/notebook/qsbench_imgs/20260617-0336-bb4785/improved_fp8_cache/000000000130_0.png
improved_fp8_cache,000000000130,1,"a toy figure of naruto standing on a table at night, dark lighting",1.3811,hit,7818.6,/content/CS2309.CH201/results/notebook/qsbench_imgs/20260617-0336-bb4785/improved_fp8_cache/000000000130_1.png
improved_fp8_cache,000000000130,2,"a toy figure of naruto standing on a table in winter, covered in snow",1.3859,hit,7818.6,/content/CS2309.CH201/results/notebook/qsbench_imgs/20260617-0336-bb4785/improved_fp8_cache/000000000130_2.png
improved_fp8_cache,000000000131,0,a swan swimming in a pool with its wings under the water,1.719,miss,7818.2,/content/CS2309.CH201/results/notebook/qsbench_imgs/20260617-0336-bb4785/improved_fp8_cache/000000000131_0.png
improved_fp8_cache,000000000131,1,"a swan swimming in a pond with its head out the water at night, dark lighting",1.4078,hit,7818.6,/content/CS2309.CH201/results/notebook/qsbench_imgs/20260617-0336-bb4785/improved_fp8_cache/000000000131_1.png
improved_fp8_cache,000000000131,2,"a swan swimming in a pond with its head out the water in winter, covered in snow",1.3865,hit,7818.6,/content/CS2309.CH201/results/notebook/qsbench_imgs/20260617-0336-bb4785/improved_fp8_cache/000000000131_2.png
improved_fp8_cache,000000000132,0,a little girl wearing hat and a gray dress leaning against a wall,1.7176,miss,7818.2,/content/CS2309.CH201/results/notebook/qsbench_imgs/20260617-0336-bb4785/improved_fp8_cache/000000000132_0.png
improved_fp8_cache,000000000132,1,"a little girl wearing sunglasses and a gray shirt leaning against a wall at night, dark lighting",1.4075,hit,7818.6,/content/CS2309.CH201/results/notebook/qsbench_imgs/20260617-0336-bb4785/improved_fp8_cache/000000000132_1.png
improved_fp8_cache,000000000132,2,"a little girl wearing sunglasses and a gray shirt leaning against a wall in winter, covered in snow",1.3997,hit,7818.6,/content/CS2309.CH201/results/notebook/qsbench_imgs/20260617-0336-bb4785/improved_fp8_cache/000000000132_2.png
improved_fp8_cache,000000000133,0,a white dog in the sky with a red background,1.7221,miss,7818.2,/content/CS2309.CH201/results/notebook/qsbench_imgs/20260617-0336-bb4785/improved_fp8_cache/000000000133_0.png
improved_fp8_cache,000000000133,1,"a lion in the sky with a blue background at night, dark lighting",1.3923,hit,7818.6,/content/CS2309.CH201/results/notebook/qsbench_imgs/20260617-0336-bb4785/improved_fp8_cache/000000000133_1.png
improved_fp8_cache,000000000133,2,"a lion in the sky with a blue background in winter, covered in snow",1.3999,hit,7818.6,/content/CS2309.CH201/results/notebook/qsbench_imgs/20260617-0336-bb4785/improved_fp8_cache/000000000133_2.png
improved_fp8_cache,000000000134,0,a red and white chicken flying in the pink sky,1.8003,miss,7818.2,/content/CS2309.CH201/results/notebook/qsbench_imgs/20260617-0336-bb4785/improved_fp8_cache/000000000134_0.png
improved_fp8_cache,000000000134,1,"a black and white bird flying in the blue sky at night, dark lighting",1.4071,hit,7818.6,/content/CS2309.CH201/results/notebook/qsbench_imgs/20260617-0336-bb4785/improved_fp8_cache/000000000134_1.png
improved_fp8_cache,000000000134,2,"a black and white bird flying in the blue sky in winter, covered in snow",1.391,hit,7818.6,/content/CS2309.CH201/results/notebook/qsbench_imgs/20260617-0336-bb4785/improved_fp8_cache/000000000134_2.png
improved_fp8_cache,000000000135,0,the two old people are sitting on boat with a fish,1.7259,miss,7818.2,/content/CS2309.CH201/results/notebook/qsbench_imgs/20260617-0336-bb4785/improved_fp8_cache/000000000135_0.png
improved_fp8_cache,000000000135,1,"the two people are standing on rocks with a fish at night, dark lighting",1.4026,hit,7818.6,/content/CS2309.CH201/results/notebook/qsbench_imgs/20260617-0336-bb4785/improved_fp8_cache/000000000135_1.png
improved_fp8_cache,000000000135,2,"the two people are standing on rocks with a fish in winter, covered in snow",1.4221,hit,7818.6,/content/CS2309.CH201/results/notebook/qsbench_imgs/20260617-0336-bb4785/improved_fp8_cache/000000000135_2.png
improved_fp8_cache,000000000136,0,a blue parrot sitting on a green branch,1.7213,miss,7818.2,/content/CS2309.CH201/results/notebook/qsbench_imgs/20260617-0336-bb4785/improved_fp8_cache/000000000136_0.png
improved_fp8_cache,000000000136,1,"a yellow bird sitting on a branch at night, dark lighting",1.4468,hit,7818.6,/content/CS2309.CH201/results/notebook/qsbench_imgs/20260617-0336-bb4785/improved_fp8_cache/000000000136_1.png
improved_fp8_cache,000000000136,2,"a yellow bird sitting on a branch in winter, covered in snow",1.4037,hit,7818.6,/content/CS2309.CH201/results/notebook/qsbench_imgs/20260617-0336-bb4785/improved_fp8_cache/000000000136_2.png
improved_fp8_cache,000000000137,0,a red pagoda in the heavy rain,1.7355,miss,7818.2,/content/CS2309.CH201/results/notebook/qsbench_imgs/20260617-0336-bb4785/improved_fp8_cache/000000000137_0.png
improved_fp8_cache,000000000137,1,"a golden pagoda in the snow at night, dark lighting",1.4221,hit,7818.6,/content/CS2309.CH201/results/notebook/qsbench_imgs/20260617-0336-bb4785/improved_fp8_cache/000000000137_1.png
improved_fp8_cache,000000000137,2,"a golden pagoda in the snow in winter, covered in snow",1.4139,hit,7818.6,/content/CS2309.CH201/results/notebook/qsbench_imgs/20260617-0336-bb4785/improved_fp8_cache/000000000137_2.png
improved_fp8_cache,000000000138,0,a white cat with a hat,1.7321,miss,7818.2,/content/CS2309.CH201/results/notebook/qsbench_imgs/20260617-0336-bb4785/improved_fp8_cache/000000000138_0.png
improved_fp8_cache,000000000138,1,"a cat at night, dark lighting",1.4207,hit,7818.6,/content/CS2309.CH201/results/notebook/qsbench_imgs/20260617-0336-bb4785/improved_fp8_cache/000000000138_1.png
improved_fp8_cache,000000000138,2,"a cat in winter, covered in snow",1.4116,hit,7818.6,/content/CS2309.CH201/results/notebook/qsbench_imgs/20260617-0336-bb4785/improved_fp8_cache/000000000138_2.png
improved_fp8_cache,000000000139,0,a chicken sitting on a board near water,1.8078,miss,7818.2,/content/CS2309.CH201/results/notebook/qsbench_imgs/20260617-0336-bb4785/improved_fp8_cache/000000000139_0.png
improved_fp8_cache,000000000139,1,"a duck standing on a rock near water at night, dark lighting",1.4105,hit,7818.6,/content/CS2309.CH201/results/notebook/qsbench_imgs/20260617-0336-bb4785/improved_fp8_cache/000000000139_1.png
improved_fp8_cache,000000000139,2,"a duck standing on a rock near water in winter, covered in snow",1.423,hit,7818.6,/content/CS2309.CH201/results/notebook/qsbench_imgs/20260617-0336-bb4785/improved_fp8_cache/000000000139_2.png
improved_fp8_cache,111000000000,0,sharks and flowers in the ocean,1.7307,miss,7818.2,/content/CS2309.CH201/results/notebook/qsbench_imgs/20260617-0336-bb4785/improved_fp8_cache/111000000000_0.png
improved_fp8_cache,111000000000,1,"fishes and kelp in the ocean at night, dark lighting",1.416,hit,7818.6,/content/CS2309.CH201/results/notebook/qsbench_imgs/20260617-0336-bb4785/improved_fp8_cache/111000000000_1.png
improved_fp8_cache,111000000000,2,"fishes and kelp in the ocean in winter, covered in snow",1.4193,hit,7818.6,/content/CS2309.CH201/results/notebook/qsbench_imgs/20260617-0336-bb4785/improved_fp8_cache/111000000000_2.png
improved_fp8_cache,111000000001,0,a tiger wearing a pink scarf,1.7334,miss,7818.2,/content/CS2309.CH201/results/notebook/qsbench_imgs/20260617-0336-bb4785/improved_fp8_cache/111000000001_0.png
improved_fp8_cache,111000000001,1,"a cat wearing a pink hat at night, dark lighting",1.4633,hit,7818.6,/content/CS2309.CH201/results/notebook/qsbench_imgs/20260617-0336-bb4785/improved_fp8_cache/111000000001_1.png
improved_fp8_cache,111000000001,2,"a cat wearing a pink hat in winter, covered in snow",1.415,hit,7818.6,/content/CS2309.CH201/results/notebook/qsbench_imgs/20260617-0336-bb4785/improved_fp8_cache/111000000001_2.png
improved_fp8_cache,111000000002,0,a cute little marmot with big mouth,1.7264,miss,7818.2,/content/CS2309.CH201/results/notebook/qsbench_imgs/20260617-0336-bb4785/improved_fp8_cache/111000000002_0.png
improved_fp8_cache,111000000002,1,"a cute little duck with big eyes at night, dark lighting",1.4191,hit,7818.6,/content/CS2309.CH201/results/notebook/qsbench_imgs/20260617-0336-bb4785/improved_fp8_cache/111000000002_1.png
improved_fp8_cache,111000000002,2,"a cute little duck with big eyes in winter, covered in snow",1.4196,hit,7818.6,/content/CS2309.CH201/results/notebook/qsbench_imgs/20260617-0336-bb4785/improved_fp8_cache/111000000002_2.png
improved_fp8_cache,111000000003,0,a cute little pig with big ears,1.7365,miss,7818.2,/content/CS2309.CH201/results/notebook/qsbench_imgs/20260617-0336-bb4785/improved_fp8_cache/111000000003_0.png
improved_fp8_cache,111000000003,1,"a cute little bunny with big eyes at night, dark lighting",1.421,hit,7818.6,/content/CS2309.CH201/results/notebook/qsbench_imgs/20260617-0336-bb4785/improved_fp8_cache/111000000003_1.png
improved_fp8_cache,111000000003,2,"a cute little bunny with big eyes in winter, covered in snow",1.4143,hit,7818.6,/content/CS2309.CH201/results/notebook/qsbench_imgs/20260617-0336-bb4785/improved_fp8_cache/111000000003_2.png
improved_fp8_cache,111000000004,0,a cartoon painting of a cute cat with a circle on its body,1.7844,miss,7818.2,/content/CS2309.CH201/results/notebook/qsbench_imgs/20260617-0336-bb4785/improved_fp8_cache/111000000004_0.png
improved_fp8_cache,111000000004,1,"a cartoon painting of a cute owl with a heart on its body at night, dark lighting",1.3915,hit,7818.6,/content/CS2309.CH201/results/notebook/qsbench_imgs/20260617-0336-bb4785/improved_fp8_cache/111000000004_1.png
improved_fp8_cache,111000000004,2,"a cartoon painting of a cute owl with a heart on its body in winter, covered in snow",1.3972,hit,7818.6,/content/CS2309.CH201/results/notebook/qsbench_imgs/20260617-0336-bb4785/improved_fp8_cache/111000000004_2.png
improved_fp8_cache,111000000005,0,a boy and his monkey in a field,1.7361,miss,7818.2,/content/CS2309.CH201/results/notebook/qsbench_imgs/20260617-0336-bb4785/improved_fp8_cache/111000000005_0.png
improved_fp8_cache,111000000005,1,"a girl and her dog in a field at night, dark lighting",1.4042,hit,7818.6,/content/CS2309.CH201/results/notebook/qsbench_imgs/20260617-0336-bb4785/improved_fp8_cache/111000000005_1.png
improved_fp8_cache,111000000005,2,"a girl and her dog in a field in winter, covered in snow",1.4062,hit,7818.6,/content/CS2309.CH201/results/notebook/qsbench_imgs/20260617-0336-bb4785/improved_fp8_cache/111000000005_2.png
improved_fp8_cache,111000000006,0,dog on the table at night,1.7238,miss,7818.2,/content/CS2309.CH201/results/notebook/qsbench_imgs/20260617-0336-bb4785/improved_fp8_cache/111000000006_0.png
improved_fp8_cache,111000000006,1,"cat on the roof at night at night, dark lighting",1.4246,hit,7818.6,/content/CS2309.CH201/results/notebook/qsbench_imgs/20260617-0336-bb4785/improved_fp8_cache/111000000006_1.png
improved_fp8_cache,111000000006,2,"cat on the roof at night in winter, covered in snow",1.4115,hit,7818.6,/content/CS2309.CH201/results/notebook/qsbench_imgs/20260617-0336-bb4785/improved_fp8_cache/111000000006_2.png
improved_fp8_cache,111000000007,0,an illustration of a bear sitting on top of a grass,1.726,miss,7818.2,/content/CS2309.CH201/results/notebook/qsbench_imgs/20260617-0336-bb4785/improved_fp8_cache/111000000007_0.png
improved_fp8_cache,111000000007,1,"an illustration of a cat sitting on top of a rock at night, dark lighting",1.3921,hit,7818.6,/content/CS2309.CH201/results/notebook/qsbench_imgs/20260617-0336-bb4785/improved_fp8_cache/111000000007_1.png
improved_fp8_cache,111000000007,2,"an illustration of a cat sitting on top of a rock in winter, covered in snow",1.4006,hit,7818.6,/content/CS2309.CH201/results/notebook/qsbench_imgs/20260617-0336-bb4785/improved_fp8_cache/111000000007_2.png
improved_fp8_cache,111000000008,0,a man wearing colorful sunglasses,1.7335,miss,7818.2,/content/CS2309.CH201/results/notebook/qsbench_imgs/20260617-0336-bb4785/improved_fp8_cache/111000000008_0.png
improved_fp8_cache,111000000008,1,"a monkey wearing colorful goggles at night, dark lighting",1.4007,hit,7818.6,/content/CS2309.CH201/results/notebook/qsbench_imgs/20260617-0336-bb4785/improved_fp8_cache/111000000008_1.png
improved_fp8_cache,111000000008,2,"a monkey wearing colorful goggles in winter, covered in snow",1.398,hit,7818.6,/content/CS2309.CH201/results/notebook/qsbench_imgs/20260617-0336-bb4785/improved_fp8_cache/111000000008_2.png
improved_fp8_cache,111000000009,0,a painting of a pig with red tail,1.7967,miss,7818.2,/content/CS2309.CH201/results/notebook/qsbench_imgs/20260617-0336-bb4785/improved_fp8_cache/111000000009_0.png
improved_fp8_cache,111000000009,1,"a painting of a rat with red eyes at night, dark lighting",1.389,hit,7818.6,/content/CS2309.CH201/results/notebook/qsbench_imgs/20260617-0336-bb4785/improved_fp8_cache/111000000009_1.png
improved_fp8_cache,111000000009,2,"a painting of a rat with red eyes in winter, covered in snow",1.3935,hit,7818.6,/content/CS2309.CH201/results/notebook/qsbench_imgs/20260617-0336-bb4785/improved_fp8_cache/111000000009_2.png
improved_fp8_cache,112000000000,0,a painting of a man in green shirts,1.7118,miss,7818.2,/content/CS2309.CH201/results/notebook/qsbench_imgs/20260617-0336-bb4785/improved_fp8_cache/112000000000_0.png
improved_fp8_cache,112000000000,1,"a painting of a woman in green dress at night, dark lighting",1.3996,hit,7818.6,/content/CS2309.CH201/results/notebook/qsbench_imgs/20260617-0336-bb4785/improved_fp8_cache/112000000000_1.png
improved_fp8_cache,112000000000,2,"a painting of a woman in green dress in winter, covered in snow",1.4048,hit,7818.6,/content/CS2309.CH201/results/notebook/qsbench_imgs/20260617-0336-bb4785/improved_fp8_cache/112000000000_2.png
improved_fp8_cache,112000000001,0,a beautiful woman with pink coat and hat on head,1.7054,miss,7818.2,/content/CS2309.CH201/results/notebook/qsbench_imgs/20260617-0336-bb4785/improved_fp8_cache/112000000001_0.png
improved_fp8_cache,112000000001,1,"a beautiful woman with pink dress and garland on head at night, dark lighting",1.4204,hit,7818.6,/content/CS2309.CH201/results/notebook/qsbench_imgs/20260617-0336-bb4785/improved_fp8_cache/112000000001_1.png
improved_fp8_cache,112000000001,2,"a beautiful woman with pink dress and garland on head in winter, covered in snow",1.3866,hit,7818.6,/content/CS2309.CH201/results/notebook/qsbench_imgs/20260617-0336-bb4785/improved_fp8_cache/112000000001_2.png
improved_fp8_cache,112000000002,0,cartoon girl driving a taxi,1.7385,miss,7818.2,/content/CS2309.CH201/results/notebook/qsbench_imgs/20260617-0336-bb4785/improved_fp8_cache/112000000002_0.png
improved_fp8_cache,112000000002,1,"cartoon boy driving a car at night, dark lighting",1.3888,hit,7818.6,/content/CS2309.CH201/results/notebook/qsbench_imgs/20260617-0336-bb4785/improved_fp8_cache/112000000002_1.png
improved_fp8_cache,112000000002,2,"cartoon boy driving a car in winter, covered in snow",1.3858,hit,7818.6,/content/CS2309.CH201/results/notebook/qsbench_imgs/20260617-0336-bb4785/improved_fp8_cache/112000000002_2.png
improved_fp8_cache,112000000003,0,a girl with black hair and a white pants is holding a coffee,1.7149,miss,7818.2,/content/CS2309.CH201/results/notebook/qsbench_imgs/20260617-0336-bb4785/improved_fp8_cache/112000000003_0.png
improved_fp8_cache,112000000003,1,"a girl with black hair and a white shirt is holding a phone at night, dark lighting",1.3898,hit,7818.6,/content/CS2309.CH201/results/notebook/qsbench_imgs/20260617-0336-bb4785/improved_fp8_cache/112000000003_1.png
improved_fp8_cache,112000000003,2,"a girl with black hair and a white shirt is holding a phone in winter, covered in snow",1.3958,hit,7818.6,/content/CS2309.CH201/results/notebook/qsbench_imgs/20260617-0336-bb4785/improved_fp8_cache/112000000003_2.png
improved_fp8_cache,112000000004,0,a cartoon boy sitting on a box,1.7452,miss,7818.2,/content/CS2309.CH201/results/notebook/qsbench_imgs/20260617-0336-bb4785/improved_fp8_cache/112000000004_0.png
improved_fp8_cache,112000000004,1,"a cartoon girl sitting on a backpack at night, dark lighting",1.3866,hit,7818.6,/content/CS2309.CH201/results/notebook/qsbench_imgs/20260617-0336-bb4785/improved_fp8_cache/112000000004_1.png
improved_fp8_cache,112000000004,2,"a cartoon girl sitting on a backpack in winter, covered in snow",1.3996,hit,7818.6,/content/CS2309.CH201/results/notebook/qsbench_imgs/20260617-0336-bb4785/improved_fp8_cache/112000000004_2.png
improved_fp8_cache,112000000005,0,a man standing under beautiful moon in the snow,1.7143,miss,7818.2,/content/CS2309.CH201/results/notebook/qsbench_imgs/20260617-0336-bb4785/improved_fp8_cache/112000000005_0.png
improved_fp8_cache,112000000005,1,"a woman standing under street light in the snow at night, dark lighting",1.4035,hit,7818.6,/content/CS2309.CH201/results/notebook/qsbench_imgs/20260617-0336-bb4785/improved_fp8_cache/112000000005_1.png
improved_fp8_cache,112000000005,2,"a woman standing under street light in the snow in winter, covered in snow",1.4035,hit,7818.6,/content/CS2309.CH201/results/notebook/qsbench_imgs/20260617-0336-bb4785/improved_fp8_cache/112000000005_2.png
improved_fp8_cache,112000000006,0,a cartoon man sitting at a bench with notebook,1.7219,miss,7818.2,/content/CS2309.CH201/results/notebook/qsbench_imgs/20260617-0336-bb4785/improved_fp8_cache/112000000006_0.png
improved_fp8_cache,112000000006,1,"a cartoon man sitting at a desk with laptop at night, dark lighting",1.428,hit,7818.6,/content/CS2309.CH201/results/notebook/qsbench_imgs/20260617-0336-bb4785/improved_fp8_cache/112000000006_1.png
improved_fp8_cache,112000000006,2,"a cartoon man sitting at a desk with laptop in winter, covered in snow",1.4093,hit,7818.6,/content/CS2309.CH201/results/notebook/qsbench_imgs/20260617-0336-bb4785/improved_fp8_cache/112000000006_2.png
improved_fp8_cache,112000000007,0,a woman with a scarf and crown in her hair,1.7352,miss,7818.2,/content/CS2309.CH201/results/notebook/qsbench_imgs/20260617-0336-bb4785/improved_fp8_cache/112000000007_0.png
improved_fp8_cache,112000000007,1,"a woman with a mask and flowers in her hair at night, dark lighting",1.3985,hit,7818.6,/content/CS2309.CH201/results/notebook/qsbench_imgs/20260617-0336-bb4785/improved_fp8_cache/112000000007_1.png
improved_fp8_cache,112000000007,2,"a woman with a mask and flowers in her hair in winter, covered in snow",1.4046,hit,7818.6,/content/CS2309.CH201/results/notebook/qsbench_imgs/20260617-0336-bb4785/improved_fp8_cache/112000000007_2.png
improved_fp8_cache,112000000008,0,a painting of two man walking on the grass,1.7481,miss,7818.2,/content/CS2309.CH201/results/notebook/qsbench_imgs/20260617-0336-bb4785/improved_fp8_cache/112000000008_0.png
improved_fp8_cache,112000000008,1,"a painting of two women walking on the beach at night, dark lighting",1.4262,hit,7818.6,/content/CS2309.CH201/results/notebook/qsbench_imgs/20260617-0336-bb4785/improved_fp8_cache/112000000008_1.png
improved_fp8_cache,112000000008,2,"a painting of two women walking on the beach in winter, covered in snow",1.4236,hit,7818.6,/content/CS2309.CH201/results/notebook/qsbench_imgs/20260617-0336-bb4785/improved_fp8_cache/112000000008_2.png
improved_fp8_cache,112000000009,0,an demon with swords and a golden light,1.7709,miss,7818.2,/content/CS2309.CH201/results/notebook/qsbench_imgs/20260617-0336-bb4785/improved_fp8_cache/112000000009_0.png
improved_fp8_cache,112000000009,1,"an angel with wings and a golden light at night, dark lighting",1.4219,hit,7818.6,/content/CS2309.CH201/results/notebook/qsbench_imgs/20260617-0336-bb4785/improved_fp8_cache/112000000009_1.png
improved_fp8_cache,112000000009,2,"an angel with wings and a golden light in winter, covered in snow",1.4068,hit,7818.6,/content/CS2309.CH201/results/notebook/qsbench_imgs/20260617-0336-bb4785/improved_fp8_cache/112000000009_2.png
improved_fp8_cache,113000000000,0,a gold plated plate filled with candy,1.7409,miss,7818.2,/content/CS2309.CH201/results/notebook/qsbench_imgs/20260617-0336-bb4785/improved_fp8_cache/113000000000_0.png
improved_fp8_cache,113000000000,1,"a gold plated bowl filled with fruit at night, dark lighting",1.4069,hit,7818.6,/content/CS2309.CH201/results/notebook/qsbench_imgs/20260617-0336-bb4785/improved_fp8_cache/113000000000_1.png
improved_fp8_cache,113000000000,2,"a gold plated bowl filled with fruit in winter, covered in snow",1.4086,hit,7818.6,/content/CS2309.CH201/results/notebook/qsbench_imgs/20260617-0336-bb4785/improved_fp8_cache/113000000000_2.png
improved_fp8_cache,113000000001,0,a pear on the floor,1.7441,miss,7818.2,/content/CS2309.CH201/results/notebook/qsbench_imgs/20260617-0336-bb4785/improved_fp8_cache/113000000001_0.png
improved_fp8_cache,113000000001,1,"a pepper on the table at night, dark lighting",1.4415,hit,7818.6,/content/CS2309.CH201/results/notebook/qsbench_imgs/20260617-0336-bb4785/improved_fp8_cache/113000000001_1.png
improved_fp8_cache,113000000001,2,"a pepper on the table in winter, covered in snow",1.4138,hit,7818.6,/content/CS2309.CH201/results/notebook/qsbench_imgs/20260617-0336-bb4785/improved_fp8_cache/113000000001_2.png
improved_fp8_cache,113000000002,0,a plant sitting on a board near a window,1.7348,miss,7818.2,/content/CS2309.CH201/results/notebook/qsbench_imgs/20260617-0336-bb4785/improved_fp8_cache/113000000002_0.png
improved_fp8_cache,113000000002,1,"a vase sitting on a table near a window at night, dark lighting",1.4156,hit,7818.6,/content/CS2309.CH201/results/notebook/qsbench_imgs/20260617-0336-bb4785/improved_fp8_cache/113000000002_1.png
improved_fp8_cache,113000000002,2,"a vase sitting on a table near a window in winter, covered in snow",1.4125,hit,7818.6,/content/CS2309.CH201/results/notebook/qsbench_imgs/20260617-0336-bb4785/improved_fp8_cache/113000000002_2.png
improved_fp8_cache,113000000003,0,a icecream with a pink and blue stons,1.7353,miss,7818.2,/content/CS2309.CH201/results/notebook/qsbench_imgs/20260617-0336-bb4785/improved_fp8_cache/113000000003_0.png
improved_fp8_cache,113000000003,1,"a cake with a pink and blue icing at night, dark lighting",1.4063,hit,7818.6,/content/CS2309.CH201/results/notebook/qsbench_imgs/20260617-0336-bb4785/improved_fp8_cache/113000000003_1.png
improved_fp8_cache,113000000003,2,"a cake with a pink and blue icing in winter, covered in snow",1.4038,hit,7818.6,/content/CS2309.CH201/results/notebook/qsbench_imgs/20260617-0336-bb4785/improved_fp8_cache/113000000003_2.png
improved_fp8_cache,113000000004,0,a dog and frog in a fish bowl,1.7591,miss,7818.2,/content/CS2309.CH201/results/notebook/qsbench_imgs/20260617-0336-bb4785/improved_fp8_cache/113000000004_0.png
improved_fp8_cache,113000000004,1,"a cat and fish in a fish bowl at night, dark lighting",1.4061,hit,7818.6,/content/CS2309.CH201/results/notebook/qsbench_imgs/20260617-0336-bb4785/improved_fp8_cache/113000000004_1.png
improved_fp8_cache,113000000004,2,"a cat and fish in a fish bowl in winter, covered in snow",1.4076,hit,7818.6,/content/CS2309.CH201/results/notebook/qsbench_imgs/20260617-0336-bb4785/improved_fp8_cache/113000000004_2.png
improved_fp8_cache,113000000005,0,a sofa and umbrella,1.7204,miss,7818.2,/content/CS2309.CH201/results/notebook/qsbench_imgs/20260617-0336-bb4785/improved_fp8_cache/113000000005_0.png
improved_fp8_cache,113000000005,1,"a chair and lamp at night, dark lighting",1.4006,hit,7818.6,/content/CS2309.CH201/results/notebook/qsbench_imgs/20260617-0336-bb4785/improved_fp8_cache/113000000005_1.png
improved_fp8_cache,113000000005,2,"a chair and lamp in winter, covered in snow",1.4054,hit,7818.6,/content/CS2309.CH201/results/notebook/qsbench_imgs/20260617-0336-bb4785/improved_fp8_cache/113000000005_2.png
improved_fp8_cache,113000000006,0,a woman's hands is framed in a large painting on a wall,1.7329,miss,7818.2,/content/CS2309.CH201/results/notebook/qsbench_imgs/20260617-0336-bb4785/improved_fp8_cache/113000000006_0.png
improved_fp8_cache,113000000006,1,"a woman's face is framed in a large photo on a wall at night, dark lighting",1.423,hit,7818.6,/content/CS2309.CH201/results/notebook/qsbench_imgs/20260617-0336-bb4785/improved_fp8_cache/113000000006_1.png
improved_fp8_cache,113000000006,2,"a woman's face is framed in a large photo on a wall in winter, covered in snow",1.4193,hit,7818.6,/content/CS2309.CH201/results/notebook/qsbench_imgs/20260617-0336-bb4785/improved_fp8_cache/113000000006_2.png
improved_fp8_cache,113000000007,0,a gold potted flower on a wooden bench,1.7156,miss,7818.2,/content/CS2309.CH201/results/notebook/qsbench_imgs/20260617-0336-bb4785/improved_fp8_cache/113000000007_0.png
improved_fp8_cache,113000000007,1,"a gold potted plant on a wooden table at night, dark lighting",1.3906,hit,7818.6,/content/CS2309.CH201/results/notebook/qsbench_imgs/20260617-0336-bb4785/improved_fp8_cache/113000000007_1.png
improved_fp8_cache,113000000007,2,"a gold potted plant on a wooden table in winter, covered in snow",1.3963,hit,7818.6,/content/CS2309.CH201/results/notebook/qsbench_imgs/20260617-0336-bb4785/improved_fp8_cache/113000000007_2.png
improved_fp8_cache,113000000008,0,a cake and saucer with a teaspoon and a knife,1.7208,miss,7818.2,/content/CS2309.CH201/results/notebook/qsbench_imgs/20260617-0336-bb4785/improved_fp8_cache/113000000008_0.png
improved_fp8_cache,113000000008,1,"a teacup and saucer with a spoon and a fork at night, dark lighting",1.3858,hit,7818.6,/content/CS2309.CH201/results/notebook/qsbench_imgs/20260617-0336-bb4785/improved_fp8_cache/113000000008_1.png
improved_fp8_cache,113000000008,2,"a teacup and saucer with a spoon and a fork in winter, covered in snow",1.3951,hit,7818.6,/content/CS2309.CH201/results/notebook/qsbench_imgs/20260617-0336-bb4785/improved_fp8_cache/113000000008_2.png
improved_fp8_cache,113000000009,0,a vase with roses and apples on a table,1.7712,miss,7818.2,/content/CS2309.CH201/results/notebook/qsbench_imgs/20260617-0336-bb4785/improved_fp8_cache/113000000009_0.png
improved_fp8_cache,113000000009,1,"a vase with sunflowers and pears on a table at night, dark lighting",1.4047,hit,7818.6,/content/CS2309.CH201/results/notebook/qsbench_imgs/20260617-0336-bb4785/improved_fp8_cache/113000000009_1.png
improved_fp8_cache,113000000009,2,"a vase with sunflowers and pears on a table in winter, covered in snow",1.3872,hit,7818.6,/content/CS2309.CH201/results/notebook/qsbench_imgs/20260617-0336-bb4785/improved_fp8_cache/113000000009_2.png
improved_fp8_cache,114000000000,0,"stars, birds, and a sun over the ocean",1.7101,miss,7818.2,/content/CS2309.CH201/results/notebook/qsbench_imgs/20260617-0336-bb4785/improved_fp8_cache/114000000000_0.png
improved_fp8_cache,114000000000,1,"stars, coulds, and a moon over the ocean at night, dark lighting",1.3873,hit,7818.6,/content/CS2309.CH201/results/notebook/qsbench_imgs/20260617-0336-bb4785/improved_fp8_cache/114000000000_1.png
improved_fp8_cache,114000000000,2,"stars, coulds, and a moon over the ocean in winter, covered in snow",1.3893,hit,7818.6,/content/CS2309.CH201/results/notebook/qsbench_imgs/20260617-0336-bb4785/improved_fp8_cache/114000000000_2.png
improved_fp8_cache,114000000001,0,a cartoon rabbit playing tennis on a green field,1.7047,miss,7818.2,/content/CS2309.CH201/results/notebook/qsbench_imgs/20260617-0336-bb4785/improved_fp8_cache/114000000001_0.png
improved_fp8_cache,114000000001,1,"a cartoon bear playing golf on a green field at night, dark lighting",1.4345,hit,7818.6,/content/CS2309.CH201/results/notebook/qsbench_imgs/20260617-0336-bb4785/improved_fp8_cache/114000000001_1.png
improved_fp8_cache,114000000001,2,"a cartoon bear playing golf on a green field in winter, covered in snow",1.4687,hit,7818.6,/content/CS2309.CH201/results/notebook/qsbench_imgs/20260617-0336-bb4785/improved_fp8_cache/114000000001_2.png
improved_fp8_cache,114000000002,0,a painting of a church and clouds in the middle of a lake,1.7129,miss,7818.2,/content/CS2309.CH201/results/notebook/qsbench_imgs/20260617-0336-bb4785/improved_fp8_cache/114000000002_0.png
improved_fp8_cache,114000000002,1,"a painting of a castle and trees in the middle of a lake at night, dark lighting",1.3895,hit,7818.6,/content/CS2309.CH201/results/notebook/qsbench_imgs/20260617-0336-bb4785/improved_fp8_cache/114000000002_1.png
improved_fp8_cache,114000000002,2,"a painting of a castle and trees in the middle of a lake in winter, covered in snow",1.4,hit,7818.6,/content/CS2309.CH201/results/notebook/qsbench_imgs/20260617-0336-bb4785/improved_fp8_cache/114000000002_2.png
improved_fp8_cache,114000000003,0,a motorcycle with colorful wheels is parked on the street,1.7339,miss,7818.2,/content/CS2309.CH201/results/notebook/qsbench_imgs/20260617-0336-bb4785/improved_fp8_cache/114000000003_0.png
improved_fp8_cache,114000000003,1,"a car with colorful car cover is parked on the street at night, dark lighting",1.393,hit,7818.6,/content/CS2309.CH201/results/notebook/qsbench_imgs/20260617-0336-bb4785/improved_fp8_cache/114000000003_1.png
improved_fp8_cache,114000000003,2,"a car with colorful car cover is parked on the street in winter, covered in snow",1.4008,hit,7818.6,/content/CS2309.CH201/results/notebook/qsbench_imgs/20260617-0336-bb4785/improved_fp8_cache/114000000003_2.png
improved_fp8_cache,114000000004,0,a blue box with a reflection of ship in the water,1.7483,miss,7818.2,/content/CS2309.CH201/results/notebook/qsbench_imgs/20260617-0336-bb4785/improved_fp8_cache/114000000004_0.png
improved_fp8_cache,114000000004,1,"a blue pyramid with a reflection of mountains in the water at night, dark lighting",1.4077,hit,7818.6,/content/CS2309.CH201/results/notebook/qsbench_imgs/20260617-0336-bb4785/improved_fp8_cache/114000000004_1.png
improved_fp8_cache,114000000004,2,"a blue pyramid with a reflection of mountains in the water in winter, covered in snow",1.4058,hit,7818.6,/content/CS2309.CH201/results/notebook/qsbench_imgs/20260617-0336-bb4785/improved_fp8_cache/114000000004_2.png
improved_fp8_cache,114000000005,0,a monster and cats in the woods,1.7183,miss,7818.2,/content/CS2309.CH201/results/notebook/qsbench_imgs/20260617-0336-bb4785/improved_fp8_cache/114000000005_0.png
improved_fp8_cache,114000000005,1,"a house and people in the woods at night, dark lighting",1.4031,hit,7818.6,/content/CS2309.CH201/results/notebook/qsbench_imgs/20260617-0336-bb4785/improved_fp8_cache/114000000005_1.png
improved_fp8_cache,114000000005,2,"a house and people in the woods in winter, covered in snow",1.4122,hit,7818.6,/content/CS2309.CH201/results/notebook/qsbench_imgs/20260617-0336-bb4785/improved_fp8_cache/114000000005_2.png
improved_fp8_cache,114000000006,0,a small castle on an island in the middle of magma,1.7211,miss,7818.2,/content/CS2309.CH201/results/notebook/qsbench_imgs/20260617-0336-bb4785/improved_fp8_cache/114000000006_0.png
improved_fp8_cache,114000000006,1,"a small cabin on an island in the middle of lake at night, dark lighting",1.4783,hit,7818.6,/content/CS2309.CH201/results/notebook/qsbench_imgs/20260617-0336-bb4785/improved_fp8_cache/114000000006_1.png
improved_fp8_cache,114000000006,2,"a small cabin on an island in the middle of lake in winter, covered in snow",1.4599,hit,7818.6,/content/CS2309.CH201/results/notebook/qsbench_imgs/20260617-0336-bb4785/improved_fp8_cache/114000000006_2.png
improved_fp8_cache,114000000007,0,a woman in a coat standing in front of a eagle,1.7135,miss,7818.2,/content/CS2309.CH201/results/notebook/qsbench_imgs/20260617-0336-bb4785/improved_fp8_cache/114000000007_0.png
improved_fp8_cache,114000000007,1,"a woman in a dress standing in front of a spaceship at night, dark lighting",1.3981,hit,7818.6,/content/CS2309.CH201/results/notebook/qsbench_imgs/20260617-0336-bb4785/improved_fp8_cache/114000000007_1.png
improved_fp8_cache,114000000007,2,"a woman in a dress standing in front of a spaceship in winter, covered in snow",1.3964,hit,7818.6,/content/CS2309.CH201/results/notebook/qsbench_imgs/20260617-0336-bb4785/improved_fp8_cache/114000000007_2.png
improved_fp8_cache,114000000008,0,a futuristic city with rocket and cats walking in the street,1.7245,miss,7818.2,/content/CS2309.CH201/results/notebook/qsbench_imgs/20260617-0336-bb4785/improved_fp8_cache/114000000008_0.png
improved_fp8_cache,114000000008,1,"a futuristic city with cars and people walking in the street at night, dark lighting",1.3995,hit,7818.6,/content/CS2309.CH201/results/notebook/qsbench_imgs/20260617-0336-bb4785/improved_fp8_cache/114000000008_1.png
improved_fp8_cache,114000000008,2,"a futuristic city with cars and people walking in the street in winter, covered in snow",1.3992,hit,7818.6,/content/CS2309.CH201/results/notebook/qsbench_imgs/20260617-0336-bb4785/improved_fp8_cache/114000000008_2.png
improved_fp8_cache,114000000009,0,the jungle with a star river and flowers,1.7486,miss,7818.2,/content/CS2309.CH201/results/notebook/qsbench_imgs/20260617-0336-bb4785/improved_fp8_cache/114000000009_0.png
improved_fp8_cache,114000000009,1,"the jungle with a beautiful waterfall and plants at night, dark lighting",1.3905,hit,7818.6,/content/CS2309.CH201/results/notebook/qsbench_imgs/20260617-0336-bb4785/improved_fp8_cache/114000000009_1.png
improved_fp8_cache,114000000009,2,"the jungle with a beautiful waterfall and plants in winter, covered in snow",1.3917,hit,7818.6,/content/CS2309.CH201/results/notebook/qsbench_imgs/20260617-0336-bb4785/improved_fp8_cache/114000000009_2.png
improved_fp8_cache,121000000000,0,an orange dog play with a black and white ball in the grass,1.7131,miss,7818.2,/content/CS2309.CH201/results/notebook/qsbench_imgs/20260617-0336-bb4785/improved_fp8_cache/121000000000_0.png
improved_fp8_cache,121000000000,1,"an orange cat play with a black and white cat in the grass at night, dark lighting",1.3978,hit,7818.6,/content/CS2309.CH201/results/notebook/qsbench_imgs/20260617-0336-bb4785/improved_fp8_cache/121000000000_1.png
improved_fp8_cache,121000000000,2,"an orange cat play with a black and white cat in the grass in winter, covered in snow",1.3928,hit,7818.6,/content/CS2309.CH201/results/notebook/qsbench_imgs/20260617-0336-bb4785/improved_fp8_cache/121000000000_2.png
improved_fp8_cache,121000000001,0,a tiger sitting next to a window,1.7245,miss,7818.2,/content/CS2309.CH201/results/notebook/qsbench_imgs/20260617-0336-bb4785/improved_fp8_cache/121000000001_0.png
improved_fp8_cache,121000000001,1,"a cat sitting next to a mirror at night, dark lighting",1.4327,hit,7818.6,/content/CS2309.CH201/results/notebook/qsbench_imgs/20260617-0336-bb4785/improved_fp8_cache/121000000001_1.png
improved_fp8_cache,121000000001,2,"a cat sitting next to a mirror in winter, covered in snow",1.451,hit,7818.6,/content/CS2309.CH201/results/notebook/qsbench_imgs/20260617-0336-bb4785/improved_fp8_cache/121000000001_2.png
improved_fp8_cache,121000000002,0,a zebra with long tail in a grass field,1.7171,miss,7818.2,/content/CS2309.CH201/results/notebook/qsbench_imgs/20260617-0336-bb4785/improved_fp8_cache/121000000002_0.png
improved_fp8_cache,121000000002,1,"a horse with long hair in a grass field at night, dark lighting",1.4023,hit,7818.6,/content/CS2309.CH201/results/notebook/qsbench_imgs/20260617-0336-bb4785/improved_fp8_cache/121000000002_1.png
improved_fp8_cache,121000000002,2,"a horse with long hair in a grass field in winter, covered in snow",1.3903,hit,7818.6,/content/CS2309.CH201/results/notebook/qsbench_imgs/20260617-0336-bb4785/improved_fp8_cache/121000000002_2.png
improved_fp8_cache,121000000003,0,a white rat is walking on the grass,1.7229,miss,7818.2,/content/CS2309.CH201/results/notebook/qsbench_imgs/20260617-0336-bb4785/improved_fp8_cache/121000000003_0.png
improved_fp8_cache,121000000003,1,"a white bulldog is walking on the grass at night, dark lighting",1.3822,hit,7818.6,/content/CS2309.CH201/results/notebook/qsbench_imgs/20260617-0336-bb4785/improved_fp8_cache/121000000003_1.png
improved_fp8_cache,121000000003,2,"a white bulldog is walking on the grass in winter, covered in snow",1.3866,hit,7818.6,/content/CS2309.CH201/results/notebook/qsbench_imgs/20260617-0336-bb4785/improved_fp8_cache/121000000003_2.png
improved_fp8_cache,121000000004,0,a blue and white butterfly sits on a flower,1.7529,miss,7818.2,/content/CS2309.CH201/results/notebook/qsbench_imgs/20260617-0336-bb4785/improved_fp8_cache/121000000004_0.png
improved_fp8_cache,121000000004,1,"a blue and white bird sits on a branch at night, dark lighting",1.3927,hit,7818.6,/content/CS2309.CH201/results/notebook/qsbench_imgs/20260617-0336-bb4785/improved_fp8_cache/121000000004_1.png
improved_fp8_cache,121000000004,2,"a blue and white bird sits on a branch in winter, covered in snow",1.3839,hit,7818.6,/content/CS2309.CH201/results/notebook/qsbench_imgs/20260617-0336-bb4785/improved_fp8_cache/121000000004_2.png
improved_fp8_cache,121000000005,0,a rabbit is sitting on top of a wooden desk,1.7398,miss,7818.2,/content/CS2309.CH201/results/notebook/qsbench_imgs/20260617-0336-bb4785/improved_fp8_cache/121000000005_0.png
improved_fp8_cache,121000000005,1,"a squirrel is sitting on top of a wooden fence at night, dark lighting",1.396,hit,7818.6,/content/CS2309.CH201/results/notebook/qsbench_imgs/20260617-0336-bb4785/improved_fp8_cache/121000000005_1.png
improved_fp8_cache,121000000005,2,"a squirrel is sitting on top of a wooden fence in winter, covered in snow",1.3837,hit,7818.6,/content/CS2309.CH201/results/notebook/qsbench_imgs/20260617-0336-bb4785/improved_fp8_cache/121000000005_2.png
improved_fp8_cache,121000000006,0,a wolf sitting on the board with a body of water in the background,1.7229,miss,7818.2,/content/CS2309.CH201/results/notebook/qsbench_imgs/20260617-0336-bb4785/improved_fp8_cache/121000000006_0.png
improved_fp8_cache,121000000006,1,"a dog sitting on the beach with a body of water in the background at night, dark lighting",1.3933,hit,7818.6,/content/CS2309.CH201/results/notebook/qsbench_imgs/20260617-0336-bb4785/improved_fp8_cache/121000000006_1.png
improved_fp8_cache,121000000006,2,"a dog sitting on the beach with a body of water in the background in winter, covered in snow",1.4425,hit,7818.6,/content/CS2309.CH201/results/notebook/qsbench_imgs/20260617-0336-bb4785/improved_fp8_cache/121000000006_2.png
improved_fp8_cache,121000000007,0,a fluffy panda with yellow mouth sitting on a wooden floor,1.747,miss,7818.2,/content/CS2309.CH201/results/notebook/qsbench_imgs/20260617-0336-bb4785/improved_fp8_cache/121000000007_0.png
improved_fp8_cache,121000000007,1,"a fluffy cat with yellow eyes sitting on a wooden floor at night, dark lighting",1.4069,hit,7818.6,/content/CS2309.CH201/results/notebook/qsbench_imgs/20260617-0336-bb4785/improved_fp8_cache/121000000007_1.png
improved_fp8_cache,121000000007,2,"a fluffy cat with yellow eyes sitting on a wooden floor in winter, covered in snow",1.4097,hit,7818.6,/content/CS2309.CH201/results/notebook/qsbench_imgs/20260617-0336-bb4785/improved_fp8_cache/121000000007_2.png
improved_fp8_cache,121000000008,0,a parrot on a flower in the garden,1.7405,miss,7818.2,/content/CS2309.CH201/results/notebook/qsbench_imgs/20260617-0336-bb4785/improved_fp8_cache/121000000008_0.png
improved_fp8_cache,121000000008,1,"a butterfly on a leaf in the garden at night, dark lighting",1.4098,hit,7818.6,/content/CS2309.CH201/results/notebook/qsbench_imgs/20260617-0336-bb4785/improved_fp8_cache/121000000008_1.png
improved_fp8_cache,121000000008,2,"a butterfly on a leaf in the garden in winter, covered in snow",1.404,hit,7818.6,/content/CS2309.CH201/results/notebook/qsbench_imgs/20260617-0336-bb4785/improved_fp8_cache/121000000008_2.png
improved_fp8_cache,121000000009,0,a owl is standing on top of a diamond,1.7606,miss,7818.2,/content/CS2309.CH201/results/notebook/qsbench_imgs/20260617-0336-bb4785/improved_fp8_cache/121000000009_0.png
improved_fp8_cache,121000000009,1,"a bird is standing on top of a rock at night, dark lighting",1.4144,hit,7818.6,/content/CS2309.CH201/results/notebook/qsbench_imgs/20260617-0336-bb4785/improved_fp8_cache/121000000009_1.png
improved_fp8_cache,121000000009,2,"a bird is standing on top of a rock in winter, covered in snow",1.4052,hit,7818.6,/content/CS2309.CH201/results/notebook/qsbench_imgs/20260617-0336-bb4785/improved_fp8_cache/121000000009_2.png
improved_fp8_cache,122000000000,0,a photo of robots wearing dress dancing together,1.748,miss,7818.2,/content/CS2309.CH201/results/notebook/qsbench_imgs/20260617-0336-bb4785/improved_fp8_cache/122000000000_0.png
improved_fp8_cache,122000000000,1,"a photo of couples wearing shirts dancing together at night, dark lighting",1.4174,hit,7818.6,/content/CS2309.CH201/results/notebook/qsbench_imgs/20260617-0336-bb4785/improved_fp8_cache/122000000000_1.png
improved_fp8_cache,122000000000,2,"a photo of couples wearing shirts dancing together in winter, covered in snow",1.417,hit,7818.6,/content/CS2309.CH201/results/notebook/qsbench_imgs/20260617-0336-bb4785/improved_fp8_cache/122000000000_2.png
improved_fp8_cache,122000000001,0,robot on the desk,1.7446,miss,7818.2,/content/CS2309.CH201/results/notebook/qsbench_imgs/20260617-0336-bb4785/improved_fp8_cache/122000000001_0.png
improved_fp8_cache,122000000001,1,"spiderman on the roof at night, dark lighting",1.4141,hit,7818.6,/content/CS2309.CH201/results/notebook/qsbench_imgs/20260617-0336-bb4785/improved_fp8_cache/122000000001_1.png
improved_fp8_cache,122000000001,2,"spiderman on the roof in winter, covered in snow",1.4486,hit,7818.6,/content/CS2309.CH201/results/notebook/qsbench_imgs/20260617-0336-bb4785/improved_fp8_cache/122000000001_2.png
improved_fp8_cache,122000000002,0,a woman in a shirt holding a phone,1.7427,miss,7818.2,/content/CS2309.CH201/results/notebook/qsbench_imgs/20260617-0336-bb4785/improved_fp8_cache/122000000002_0.png
improved_fp8_cache,122000000002,1,"a woman in a coat holding a camera at night, dark lighting",1.4215,hit,7818.6,/content/CS2309.CH201/results/notebook/qsbench_imgs/20260617-0336-bb4785/improved_fp8_cache/122000000002_1.png
improved_fp8_cache,122000000002,2,"a woman in a coat holding a camera in winter, covered in snow",1.4014,hit,7818.6,/content/CS2309.CH201/results/notebook/qsbench_imgs/20260617-0336-bb4785/improved_fp8_cache/122000000002_2.png
improved_fp8_cache,122000000003,0,a woman wearing hat sitting in the grass with a ipad,1.7422,miss,7818.2,/content/CS2309.CH201/results/notebook/qsbench_imgs/20260617-0336-bb4785/improved_fp8_cache/122000000003_0.png
improved_fp8_cache,122000000003,1,"a woman wearing sunglasses sitting in the grass with a book at night, dark lighting",1.4088,hit,7818.6,/content/CS2309.CH201/results/notebook/qsbench_imgs/20260617-0336-bb4785/improved_fp8_cache/122000000003_1.png
improved_fp8_cache,122000000003,2,"a woman wearing sunglasses sitting in the grass with a book in winter, covered in snow",1.4027,hit,7818.6,/content/CS2309.CH201/results/notebook/qsbench_imgs/20260617-0336-bb4785/improved_fp8_cache/122000000003_2.png
improved_fp8_cache,122000000004,0,a woman in black coat leaning against a wall,1.7814,miss,7818.2,/content/CS2309.CH201/results/notebook/qsbench_imgs/20260617-0336-bb4785/improved_fp8_cache/122000000004_0.png
improved_fp8_cache,122000000004,1,"a woman in black dress leaning against a car at night, dark lighting",1.4046,hit,7818.6,/content/CS2309.CH201/results/notebook/qsbench_imgs/20260617-0336-bb4785/improved_fp8_cache/122000000004_1.png
improved_fp8_cache,122000000004,2,"a woman in black dress leaning against a car in winter, covered in snow",1.3893,hit,7818.6,/content/CS2309.CH201/results/notebook/qsbench_imgs/20260617-0336-bb4785/improved_fp8_cache/122000000004_2.png
improved_fp8_cache,122000000005,0,a woman sitting on a sofa using her ipad,1.7116,miss,7818.2,/content/CS2309.CH201/results/notebook/qsbench_imgs/20260617-0336-bb4785/improved_fp8_cache/122000000005_0.png
improved_fp8_cache,122000000005,1,"a woman sitting on a bench using her phone at night, dark lighting",1.392,hit,7818.6,/content/CS2309.CH201/results/notebook/qsbench_imgs/20260617-0336-bb4785/improved_fp8_cache/122000000005_1.png
improved_fp8_cache,122000000005,2,"a woman sitting on a bench using her phone in winter, covered in snow",1.4014,hit,7818.6,/content/CS2309.CH201/results/notebook/qsbench_imgs/20260617-0336-bb4785/improved_fp8_cache/122000000005_2.png
improved_fp8_cache,122000000006,0,an old man playing an electric bass on a street,1.7195,miss,7818.2,/content/CS2309.CH201/results/notebook/qsbench_imgs/20260617-0336-bb4785/improved_fp8_cache/122000000006_0.png
improved_fp8_cache,122000000006,1,"an old man playing an electric guitar on a street at night, dark lighting",1.3866,hit,7818.6,/content/CS2309.CH201/results/notebook/qsbench_imgs/20260617-0336-bb4785/improved_fp8_cache/122000000006_1.png
improved_fp8_cache,122000000006,2,"an old man playing an electric guitar on a street in winter, covered in snow",1.4171,hit,7818.6,/content/CS2309.CH201/results/notebook/qsbench_imgs/20260617-0336-bb4785/improved_fp8_cache/122000000006_2.png
improved_fp8_cache,122000000007,0,a girl sitting in a blue rock near a waterfall,1.7136,miss,7818.2,/content/CS2309.CH201/results/notebook/qsbench_imgs/20260617-0336-bb4785/improved_fp8_cache/122000000007_0.png
improved_fp8_cache,122000000007,1,"a woman sitting in a folding chair near a waterfall at night, dark lighting",1.3993,hit,7818.6,/content/CS2309.CH201/results/notebook/qsbench_imgs/20260617-0336-bb4785/improved_fp8_cache/122000000007_1.png
improved_fp8_cache,122000000007,2,"a woman sitting in a folding chair near a waterfall in winter, covered in snow",1.4017,hit,7818.6,/content/CS2309.CH201/results/notebook/qsbench_imgs/20260617-0336-bb4785/improved_fp8_cache/122000000007_2.png
improved_fp8_cache,122000000008,0,a man and a cow,1.7124,miss,7818.2,/content/CS2309.CH201/results/notebook/qsbench_imgs/20260617-0336-bb4785/improved_fp8_cache/122000000008_0.png
improved_fp8_cache,122000000008,1,"a woman and a horse at night, dark lighting",1.3798,hit,7818.6,/content/CS2309.CH201/results/notebook/qsbench_imgs/20260617-0336-bb4785/improved_fp8_cache/122000000008_1.png
improved_fp8_cache,122000000008,2,"a woman and a horse in winter, covered in snow",1.38,hit,7818.6,/content/CS2309.CH201/results/notebook/qsbench_imgs/20260617-0336-bb4785/improved_fp8_cache/122000000008_2.png
improved_fp8_cache,122000000009,0,"a woman sitting at a bar with a glass of milk, with a mushroom on the table",1.7514,miss,7818.2,/content/CS2309.CH201/results/notebook/qsbench_imgs/20260617-0336-bb4785/improved_fp8_cache/122000000009_0.png
improved_fp8_cache,122000000009,1,"a woman sitting at a bar with a glass of wine, with a lamp on the table at night, dark lighting",1.4663,hit,7818.6,/content/CS2309.CH201/results/notebook/qsbench_imgs/20260617-0336-bb4785/improved_fp8_cache/122000000009_1.png
improved_fp8_cache,122000000009,2,"a woman sitting at a bar with a glass of wine, with a lamp on the table in winter, covered in snow",1.3908,hit,7818.6,/content/CS2309.CH201/results/notebook/qsbench_imgs/20260617-0336-bb4785/improved_fp8_cache/122000000009_2.png
improved_fp4_cache,000000000000,0,a slanted rusty mountain motorcycle in front of a fence,1.989,miss,7514.1,/content/CS2309.CH201/results/notebook/qsbench_imgs/20260617-0336-bb4785/improved_fp4_cache/000000000000_0.png
improved_fp4_cache,000000000000,1,"a slanted mountain bicycle on the road in front of a building at night, dark lighting",1.6636,hit,7514.6,/content/CS2309.CH201/results/notebook/qsbench_imgs/20260617-0336-bb4785/improved_fp4_cache/000000000000_1.png
improved_fp4_cache,000000000000,2,"a slanted mountain bicycle on the road in front of a building in winter, covered in snow",1.6699,hit,7514.6,/content/CS2309.CH201/results/notebook/qsbench_imgs/20260617-0336-bb4785/improved_fp4_cache/000000000000_2.png
improved_fp4_cache,000000000001,0,a square cake with strawberry frosting on a plastic plate,2.0047,miss,7514.1,/content/CS2309.CH201/results/notebook/qsbench_imgs/20260617-0336-bb4785/improved_fp4_cache/000000000001_0.png
improved_fp4_cache,000000000001,1,"a round cake with orange frosting on a wooden plate at night, dark lighting",1.6884,hit,7514.6,/content/CS2309.CH201/results/notebook/qsbench_imgs/20260617-0336-bb4785/improved_fp4_cache/000000000001_1.png
improved_fp4_cache,000000000001,2,"a round cake with orange frosting on a wooden plate in winter, covered in snow",1.8227,hit,7514.6,/content/CS2309.CH201/results/notebook/qsbench_imgs/20260617-0336-bb4785/improved_fp4_cache/000000000001_2.png
improved_fp4_cache,000000000002,0,a red dog with flowers in mouth standing on a metal chair,2.0762,miss,7514.1,/content/CS2309.CH201/results/notebook/qsbench_imgs/20260617-0336-bb4785/improved_fp4_cache/000000000002_0.png
improved_fp4_cache,000000000002,1,"a cat sitting on a wooden chair at night, dark lighting",1.7203,hit,7514.6,/content/CS2309.CH201/results/notebook/qsbench_imgs/20260617-0336-bb4785/improved_fp4_cache/000000000002_1.png
improved_fp4_cache,000000000002,2,"a cat sitting on a wooden chair in winter, covered in snow",1.7234,hit,7514.6,/content/CS2309.CH201/results/notebook/qsbench_imgs/20260617-0336-bb4785/improved_fp4_cache/000000000002_2.png
improved_fp4_cache,000000000003,0,"blue light, a black and white dog is playing with a yellow ball",2.0975,miss,7514.1,/content/CS2309.CH201/results/notebook/qsbench_imgs/20260617-0336-bb4785/improved_fp4_cache/000000000003_0.png
improved_fp4_cache,000000000003,1,"blue light, a black and white cat is playing with a flower at night, dark lighting",1.7241,hit,7514.6,/content/CS2309.CH201/results/notebook/qsbench_imgs/20260617-0336-bb4785/improved_fp4_cache/000000000003_1.png
improved_fp4_cache,000000000003,2,"blue light, a black and white cat is playing with a flower in winter, covered in snow",1.8048,hit,7514.6,/content/CS2309.CH201/results/notebook/qsbench_imgs/20260617-0336-bb4785/improved_fp4_cache/000000000003_2.png
improved_fp4_cache,000000000004,0,a silver cat sculpture standing next to a mirror,2.0473,miss,7514.1,/content/CS2309.CH201/results/notebook/qsbench_imgs/20260617-0336-bb4785/improved_fp4_cache/000000000004_0.png
improved_fp4_cache,000000000004,1,"a cat sitting next to a mirror at night, dark lighting",1.6801,hit,7514.6,/content/CS2309.CH201/results/notebook/qsbench_imgs/20260617-0336-bb4785/improved_fp4_cache/000000000004_1.png
improved_fp4_cache,000000000004,2,"a cat sitting next to a mirror in winter, covered in snow",1.7038,hit,7514.6,/content/CS2309.CH201/results/notebook/qsbench_imgs/20260617-0336-bb4785/improved_fp4_cache/000000000004_2.png
improved_fp4_cache,000000000005,0,an white cat and a dog standing on top of a fence,1.9939,miss,7514.1,/content/CS2309.CH201/results/notebook/qsbench_imgs/20260617-0336-bb4785/improved_fp4_cache/000000000005_0.png
improved_fp4_cache,000000000005,1,"an orange cat sitting on top of a fence at night, dark lighting",1.7358,hit,7514.6,/content/CS2309.CH201/results/notebook/qsbench_imgs/20260617-0336-bb4785/improved_fp4_cache/000000000005_1.png
improved_fp4_cache,000000000005,2,"an orange cat sitting on top of a fence in winter, covered in snow",1.6851,hit,7514.6,/content/CS2309.CH201/results/notebook/qsbench_imgs/20260617-0336-bb4785/improved_fp4_cache/000000000005_2.png
improved_fp4_cache,000000000006,0,a yellow cup of milk with drawing of rose putted on the wooden table,1.9734,miss,7514.1,/content/CS2309.CH201/results/notebook/qsbench_imgs/20260617-0336-bb4785/improved_fp4_cache/000000000006_0.png
improved_fp4_cache,000000000006,1,"a cup of coffee with drawing of tulip putted on the wooden table at night, dark lighting",1.6359,hit,7514.6,/content/CS2309.CH201/results/notebook/qsbench_imgs/20260617-0336-bb4785/improved_fp4_cache/000000000006_1.png
improved_fp4_cache,000000000006,2,"a cup of coffee with drawing of tulip putted on the wooden table in winter, covered in snow",1.6067,hit,7514.6,/content/CS2309.CH201/results/notebook/qsbench_imgs/20260617-0336-bb4785/improved_fp4_cache/000000000006_2.png
improved_fp4_cache,000000000007,0,a white german shepherd dog sits on the grass with big mouth opened,1.9661,miss,7514.1,/content/CS2309.CH201/results/notebook/qsbench_imgs/20260617-0336-bb4785/improved_fp4_cache/000000000007_0.png
improved_fp4_cache,000000000007,1,"a german shepherd dog stands on the grass with mouth closed at night, dark lighting",1.5992,hit,7514.6,/content/CS2309.CH201/results/notebook/qsbench_imgs/20260617-0336-bb4785/improved_fp4_cache/000000000007_1.png
improved_fp4_cache,000000000007,2,"a german shepherd dog stands on the grass with mouth closed in winter, covered in snow",1.7102,hit,7514.6,/content/CS2309.CH201/results/notebook/qsbench_imgs/20260617-0336-bb4785/improved_fp4_cache/000000000007_2.png
improved_fp4_cache,000000000008,0,a black german shepherd holding a rose standing on the ground in front of fence,1.9387,miss,7514.1,/content/CS2309.CH201/results/notebook/qsbench_imgs/20260617-0336-bb4785/improved_fp4_cache/000000000008_0.png
improved_fp4_cache,000000000008,1,"a golden retriever holding a tulip sitting on the ground in front of fence at night, dark lighting",1.5952,hit,7514.6,/content/CS2309.CH201/results/notebook/qsbench_imgs/20260617-0336-bb4785/improved_fp4_cache/000000000008_1.png
improved_fp4_cache,000000000008,2,"a golden retriever holding a tulip sitting on the ground in front of fence in winter, covered in snow",1.6004,hit,7514.6,/content/CS2309.CH201/results/notebook/qsbench_imgs/20260617-0336-bb4785/improved_fp4_cache/000000000008_2.png
improved_fp4_cache,000000000009,0,Painting of a lion laying down on a blue background,1.9274,miss,7514.1,/content/CS2309.CH201/results/notebook/qsbench_imgs/20260617-0336-bb4785/improved_fp4_cache/000000000009_0.png
improved_fp4_cache,000000000009,1,"a dog is laying down on a white background at night, dark lighting",1.5949,hit,7514.6,/content/CS2309.CH201/results/notebook/qsbench_imgs/20260617-0336-bb4785/improved_fp4_cache/000000000009_1.png
improved_fp4_cache,000000000009,2,"a dog is laying down on a white background in winter, covered in snow",1.6422,hit,7514.6,/content/CS2309.CH201/results/notebook/qsbench_imgs/20260617-0336-bb4785/improved_fp4_cache/000000000009_2.png
improved_fp4_cache,000000000010,0,photo of a white horse and a cat sitting on rocks near the ocean,1.8963,miss,7514.1,/content/CS2309.CH201/results/notebook/qsbench_imgs/20260617-0336-bb4785/improved_fp4_cache/000000000010_0.png
improved_fp4_cache,000000000010,1,"photo of a goat and a cat standing on rocks near the ocean at night, dark lighting",1.5833,hit,7514.6,/content/CS2309.CH201/results/notebook/qsbench_imgs/20260617-0336-bb4785/improved_fp4_cache/000000000010_1.png
improved_fp4_cache,000000000010,2,"photo of a goat and a cat standing on rocks near the ocean in winter, covered in snow",1.5913,hit,7514.6,/content/CS2309.CH201/results/notebook/qsbench_imgs/20260617-0336-bb4785/improved_fp4_cache/000000000010_2.png
improved_fp4_cache,000000000011,0,a brown owl standing on a red flower,1.8702,miss,7514.1,/content/CS2309.CH201/results/notebook/qsbench_imgs/20260617-0336-bb4785/improved_fp4_cache/000000000011_0.png
improved_fp4_cache,000000000011,1,"a colorful bird standing on a branch at night, dark lighting",1.5826,hit,7514.6,/content/CS2309.CH201/results/notebook/qsbench_imgs/20260617-0336-bb4785/improved_fp4_cache/000000000011_1.png
improved_fp4_cache,000000000011,2,"a colorful bird standing on a branch in winter, covered in snow",1.6614,hit,7514.6,/content/CS2309.CH201/results/notebook/qsbench_imgs/20260617-0336-bb4785/improved_fp4_cache/000000000011_2.png
improved_fp4_cache,000000000012,0,Tuna sushi on white metal plate,1.8925,miss,7514.1,/content/CS2309.CH201/results/notebook/qsbench_imgs/20260617-0336-bb4785/improved_fp4_cache/000000000012_0.png
improved_fp4_cache,000000000012,1,"meat balls on white ceramics plate at night, dark lighting",1.5656,hit,7514.6,/content/CS2309.CH201/results/notebook/qsbench_imgs/20260617-0336-bb4785/improved_fp4_cache/000000000012_1.png
improved_fp4_cache,000000000012,2,"meat balls on white ceramics plate in winter, covered in snow",1.5653,hit,7514.6,/content/CS2309.CH201/results/notebook/qsbench_imgs/20260617-0336-bb4785/improved_fp4_cache/000000000012_2.png
improved_fp4_cache,000000000013,0,three white cupcakes on black metal bowl,1.8829,miss,7514.1,/content/CS2309.CH201/results/notebook/qsbench_imgs/20260617-0336-bb4785/improved_fp4_cache/000000000013_0.png
improved_fp4_cache,000000000013,1,"three white dumplings on brown wooden bowl at night, dark lighting",1.5786,hit,7514.6,/content/CS2309.CH201/results/notebook/qsbench_imgs/20260617-0336-bb4785/improved_fp4_cache/000000000013_1.png
improved_fp4_cache,000000000013,2,"three white dumplings on brown wooden bowl in winter, covered in snow",1.6066,hit,7514.6,/content/CS2309.CH201/results/notebook/qsbench_imgs/20260617-0336-bb4785/improved_fp4_cache/000000000013_2.png
improved_fp4_cache,000000000014,0,a man in white shirt with his hands up standing by a house,2.0247,miss,7514.1,/content/CS2309.CH201/results/notebook/qsbench_imgs/20260617-0336-bb4785/improved_fp4_cache/000000000014_0.png
improved_fp4_cache,000000000014,1,"a man in black shirt with his hands hanging down standing by a house at night, dark lighting",1.5841,hit,7514.6,/content/CS2309.CH201/results/notebook/qsbench_imgs/20260617-0336-bb4785/improved_fp4_cache/000000000014_1.png
improved_fp4_cache,000000000014,2,"a man in black shirt with his hands hanging down standing by a house in winter, covered in snow",1.6091,hit,7514.6,/content/CS2309.CH201/results/notebook/qsbench_imgs/20260617-0336-bb4785/improved_fp4_cache/000000000014_2.png
improved_fp4_cache,000000000015,0,Blue metal plate with vegatables on it,1.9378,miss,7514.1,/content/CS2309.CH201/results/notebook/qsbench_imgs/20260617-0336-bb4785/improved_fp4_cache/000000000015_0.png
improved_fp4_cache,000000000015,1,"white plate with fruits on it at night, dark lighting",1.6234,hit,7514.6,/content/CS2309.CH201/results/notebook/qsbench_imgs/20260617-0336-bb4785/improved_fp4_cache/000000000015_1.png
improved_fp4_cache,000000000015,2,"white plate with fruits on it in winter, covered in snow",1.6071,hit,7514.6,/content/CS2309.CH201/results/notebook/qsbench_imgs/20260617-0336-bb4785/improved_fp4_cache/000000000015_2.png
improved_fp4_cache,000000000016,0,a white plate with grilled salmon and mushroom on it,2.0001,miss,7514.1,/content/CS2309.CH201/results/notebook/qsbench_imgs/20260617-0336-bb4785/improved_fp4_cache/000000000016_0.png
improved_fp4_cache,000000000016,1,"a plate with grilled steak on it at night, dark lighting",1.625,hit,7514.6,/content/CS2309.CH201/results/notebook/qsbench_imgs/20260617-0336-bb4785/improved_fp4_cache/000000000016_1.png
improved_fp4_cache,000000000016,2,"a plate with grilled steak on it in winter, covered in snow",1.6064,hit,7514.6,/content/CS2309.CH201/results/notebook/qsbench_imgs/20260617-0336-bb4785/improved_fp4_cache/000000000016_2.png
improved_fp4_cache,000000000017,0,photo of a white Teddy Bear in side view,1.9392,miss,7514.1,/content/CS2309.CH201/results/notebook/qsbench_imgs/20260617-0336-bb4785/improved_fp4_cache/000000000017_0.png
improved_fp4_cache,000000000017,1,"photo of a statue in front view at night, dark lighting",1.6377,hit,7514.6,/content/CS2309.CH201/results/notebook/qsbench_imgs/20260617-0336-bb4785/improved_fp4_cache/000000000017_1.png
improved_fp4_cache,000000000017,2,"photo of a statue in front view in winter, covered in snow",1.6382,hit,7514.6,/content/CS2309.CH201/results/notebook/qsbench_imgs/20260617-0336-bb4785/improved_fp4_cache/000000000017_2.png
improved_fp4_cache,000000000018,0,the statue of angel holding a red flower,2.0174,miss,7514.1,/content/CS2309.CH201/results/notebook/qsbench_imgs/20260617-0336-bb4785/improved_fp4_cache/000000000018_0.png
improved_fp4_cache,000000000018,1,"the statue of liberty holding a torch at night, dark lighting",1.6358,hit,7514.6,/content/CS2309.CH201/results/notebook/qsbench_imgs/20260617-0336-bb4785/improved_fp4_cache/000000000018_1.png
improved_fp4_cache,000000000018,2,"the statue of liberty holding a torch in winter, covered in snow",1.6167,hit,7514.6,/content/CS2309.CH201/results/notebook/qsbench_imgs/20260617-0336-bb4785/improved_fp4_cache/000000000018_2.png
improved_fp4_cache,000000000019,0,white cat on green grass,1.969,miss,7514.1,/content/CS2309.CH201/results/notebook/qsbench_imgs/20260617-0336-bb4785/improved_fp4_cache/000000000019_0.png
improved_fp4_cache,000000000019,1,"white tiger on brown ground at night, dark lighting",1.6108,hit,7514.6,/content/CS2309.CH201/results/notebook/qsbench_imgs/20260617-0336-bb4785/improved_fp4_cache/000000000019_1.png
improved_fp4_cache,000000000019,2,"white tiger on brown ground in winter, covered in snow",1.6376,hit,7514.6,/content/CS2309.CH201/results/notebook/qsbench_imgs/20260617-0336-bb4785/improved_fp4_cache/000000000019_2.png
improved_fp4_cache,000000000020,0,two toy cats standing on a branch,2.0026,miss,7514.1,/content/CS2309.CH201/results/notebook/qsbench_imgs/20260617-0336-bb4785/improved_fp4_cache/000000000020_0.png
improved_fp4_cache,000000000020,1,"two birds sitting on a branch at night, dark lighting",1.6393,hit,7514.6,/content/CS2309.CH201/results/notebook/qsbench_imgs/20260617-0336-bb4785/improved_fp4_cache/000000000020_1.png
improved_fp4_cache,000000000020,2,"two birds sitting on a branch in winter, covered in snow",1.6465,hit,7514.6,/content/CS2309.CH201/results/notebook/qsbench_imgs/20260617-0336-bb4785/improved_fp4_cache/000000000020_2.png
improved_fp4_cache,000000000021,0,"two metal owls sitting on a stick, forest background",1.942,miss,7514.1,/content/CS2309.CH201/results/notebook/qsbench_imgs/20260617-0336-bb4785/improved_fp4_cache/000000000021_0.png
improved_fp4_cache,000000000021,1,"two parrots sitting on a stick, city street background at night, dark lighting",1.6358,hit,7514.6,/content/CS2309.CH201/results/notebook/qsbench_imgs/20260617-0336-bb4785/improved_fp4_cache/000000000021_1.png
improved_fp4_cache,000000000021,2,"two parrots sitting on a stick, city street background in winter, covered in snow",1.6143,hit,7514.6,/content/CS2309.CH201/results/notebook/qsbench_imgs/20260617-0336-bb4785/improved_fp4_cache/000000000021_2.png
improved_fp4_cache,000000000022,0,an pink taxi with colorful flowers on top,2.0124,miss,7514.1,/content/CS2309.CH201/results/notebook/qsbench_imgs/20260617-0336-bb4785/improved_fp4_cache/000000000022_0.png
improved_fp4_cache,000000000022,1,"an orange van with surfboards on top at night, dark lighting",1.6683,hit,7514.6,/content/CS2309.CH201/results/notebook/qsbench_imgs/20260617-0336-bb4785/improved_fp4_cache/000000000022_1.png
improved_fp4_cache,000000000022,2,"an orange van with surfboards on top in winter, covered in snow",1.6124,hit,7514.6,/content/CS2309.CH201/results/notebook/qsbench_imgs/20260617-0336-bb4785/improved_fp4_cache/000000000022_2.png
improved_fp4_cache,000000000023,0,a black cow with white patterns in the field,1.9523,miss,7514.1,/content/CS2309.CH201/results/notebook/qsbench_imgs/20260617-0336-bb4785/improved_fp4_cache/000000000023_0.png
improved_fp4_cache,000000000023,1,"a gray horse in the field at night, dark lighting",1.6225,hit,7514.6,/content/CS2309.CH201/results/notebook/qsbench_imgs/20260617-0336-bb4785/improved_fp4_cache/000000000023_1.png
improved_fp4_cache,000000000023,2,"a gray horse in the field in winter, covered in snow",1.6104,hit,7514.6,/content/CS2309.CH201/results/notebook/qsbench_imgs/20260617-0336-bb4785/improved_fp4_cache/000000000023_2.png
improved_fp4_cache,000000000024,0,a golden dog jumping in the sunset,1.9268,miss,7514.1,/content/CS2309.CH201/results/notebook/qsbench_imgs/20260617-0336-bb4785/improved_fp4_cache/000000000024_0.png
improved_fp4_cache,000000000024,1,"a white horse running in the sunset at night, dark lighting",1.6651,hit,7514.6,/content/CS2309.CH201/results/notebook/qsbench_imgs/20260617-0336-bb4785/improved_fp4_cache/000000000024_1.png
improved_fp4_cache,000000000024,2,"a white horse running in the sunset in winter, covered in snow",1.588,hit,7514.6,/content/CS2309.CH201/results/notebook/qsbench_imgs/20260617-0336-bb4785/improved_fp4_cache/000000000024_2.png
improved_fp4_cache,000000000025,0,a woman with red hair wearing a coat,1.9187,miss,7514.1,/content/CS2309.CH201/results/notebook/qsbench_imgs/20260617-0336-bb4785/improved_fp4_cache/000000000025_0.png
improved_fp4_cache,000000000025,1,"a woman with blue hair wearing a shirt at night, dark lighting",1.6071,hit,7514.6,/content/CS2309.CH201/results/notebook/qsbench_imgs/20260617-0336-bb4785/improved_fp4_cache/000000000025_1.png
improved_fp4_cache,000000000025,2,"a woman with blue hair wearing a shirt in winter, covered in snow",1.5998,hit,7514.6,/content/CS2309.CH201/results/notebook/qsbench_imgs/20260617-0336-bb4785/improved_fp4_cache/000000000025_2.png
improved_fp4_cache,000000000026,0,a toy cat with a red fur sitting on a branch,1.9282,miss,7514.1,/content/CS2309.CH201/results/notebook/qsbench_imgs/20260617-0336-bb4785/improved_fp4_cache/000000000026_0.png
improved_fp4_cache,000000000026,1,"a yellow bird with a red beak sitting on a branch at night, dark lighting",1.6642,hit,7514.6,/content/CS2309.CH201/results/notebook/qsbench_imgs/20260617-0336-bb4785/improved_fp4_cache/000000000026_1.png
improved_fp4_cache,000000000026,2,"a yellow bird with a red beak sitting on a branch in winter, covered in snow",1.5986,hit,7514.6,/content/CS2309.CH201/results/notebook/qsbench_imgs/20260617-0336-bb4785/improved_fp4_cache/000000000026_2.png
improved_fp4_cache,000000000027,0,a closed eyes dog sitting on green grass,1.9466,miss,7514.1,/content/CS2309.CH201/results/notebook/qsbench_imgs/20260617-0336-bb4785/improved_fp4_cache/000000000027_0.png
improved_fp4_cache,000000000027,1,"a opened eyes cat sitting on wooden floor at night, dark lighting",1.5863,hit,7514.6,/content/CS2309.CH201/results/notebook/qsbench_imgs/20260617-0336-bb4785/improved_fp4_cache/000000000027_1.png
improved_fp4_cache,000000000027,2,"a opened eyes cat sitting on wooden floor in winter, covered in snow",1.6005,hit,7514.6,/content/CS2309.CH201/results/notebook/qsbench_imgs/20260617-0336-bb4785/improved_fp4_cache/000000000027_2.png
improved_fp4_cache,000000000028,0,Painting of red flowers on a tree branch with white background,1.9228,miss,7514.1,/content/CS2309.CH201/results/notebook/qsbench_imgs/20260617-0336-bb4785/improved_fp4_cache/000000000028_0.png
improved_fp4_cache,000000000028,1,"white flowers on a tree branch with blue sky background at night, dark lighting",1.6724,hit,7514.6,/content/CS2309.CH201/results/notebook/qsbench_imgs/20260617-0336-bb4785/improved_fp4_cache/000000000028_1.png
improved_fp4_cache,000000000028,2,"white flowers on a tree branch with blue sky background in winter, covered in snow",1.6552,hit,7514.6,/content/CS2309.CH201/results/notebook/qsbench_imgs/20260617-0336-bb4785/improved_fp4_cache/000000000028_2.png
improved_fp4_cache,000000000029,0,a duck sitting on the floor,1.9205,miss,7514.1,/content/CS2309.CH201/results/notebook/qsbench_imgs/20260617-0336-bb4785/improved_fp4_cache/000000000029_0.png
improved_fp4_cache,000000000029,1,"a kitten walking on the grass at night, dark lighting",1.6033,hit,7514.6,/content/CS2309.CH201/results/notebook/qsbench_imgs/20260617-0336-bb4785/improved_fp4_cache/000000000029_1.png
improved_fp4_cache,000000000029,2,"a kitten walking on the grass in winter, covered in snow",1.6012,hit,7514.6,/content/CS2309.CH201/results/notebook/qsbench_imgs/20260617-0336-bb4785/improved_fp4_cache/000000000029_2.png
improved_fp4_cache,000000000030,0,a road in a lush city with black rocks,1.9393,miss,7514.1,/content/CS2309.CH201/results/notebook/qsbench_imgs/20260617-0336-bb4785/improved_fp4_cache/000000000030_0.png
improved_fp4_cache,000000000030,1,"a stream in a lush forest with rocks at night, dark lighting",1.61,hit,7514.6,/content/CS2309.CH201/results/notebook/qsbench_imgs/20260617-0336-bb4785/improved_fp4_cache/000000000030_1.png
improved_fp4_cache,000000000030,2,"a stream in a lush forest with rocks in winter, covered in snow",1.6795,hit,7514.6,/content/CS2309.CH201/results/notebook/qsbench_imgs/20260617-0336-bb4785/improved_fp4_cache/000000000030_2.png
improved_fp4_cache,000000000031,0,a blue tulip in the yellow light,1.9487,miss,7514.1,/content/CS2309.CH201/results/notebook/qsbench_imgs/20260617-0336-bb4785/improved_fp4_cache/000000000031_0.png
improved_fp4_cache,000000000031,1,"a red rose in the dark at night, dark lighting",1.634,hit,7514.6,/content/CS2309.CH201/results/notebook/qsbench_imgs/20260617-0336-bb4785/improved_fp4_cache/000000000031_1.png
improved_fp4_cache,000000000031,2,"a red rose in the dark in winter, covered in snow",1.6076,hit,7514.6,/content/CS2309.CH201/results/notebook/qsbench_imgs/20260617-0336-bb4785/improved_fp4_cache/000000000031_2.png
improved_fp4_cache,000000000032,0,a group of red apples hanging from a big tree,1.9507,miss,7514.1,/content/CS2309.CH201/results/notebook/qsbench_imgs/20260617-0336-bb4785/improved_fp4_cache/000000000032_0.png
improved_fp4_cache,000000000032,1,"a group of pink flowers hanging from a tree at night, dark lighting",1.6267,hit,7514.6,/content/CS2309.CH201/results/notebook/qsbench_imgs/20260617-0336-bb4785/improved_fp4_cache/000000000032_1.png
improved_fp4_cache,000000000032,2,"a group of pink flowers hanging from a tree in winter, covered in snow",1.6547,hit,7514.6,/content/CS2309.CH201/results/notebook/qsbench_imgs/20260617-0336-bb4785/improved_fp4_cache/000000000032_2.png
improved_fp4_cache,000000000033,0,a painting of a boy walking his cat in winter,1.9493,miss,7514.1,/content/CS2309.CH201/results/notebook/qsbench_imgs/20260617-0336-bb4785/improved_fp4_cache/000000000033_0.png
improved_fp4_cache,000000000033,1,"a cartoon of a boy walking his dog in autumn at night, dark lighting",1.6145,hit,7514.6,/content/CS2309.CH201/results/notebook/qsbench_imgs/20260617-0336-bb4785/improved_fp4_cache/000000000033_1.png
improved_fp4_cache,000000000033,2,"a cartoon of a boy walking his dog in autumn in winter, covered in snow",1.5984,hit,7514.6,/content/CS2309.CH201/results/notebook/qsbench_imgs/20260617-0336-bb4785/improved_fp4_cache/000000000033_2.png
improved_fp4_cache,000000000034,0,a sketch painting of a mother cat and her babies are standing near the forest,1.958,miss,7514.1,/content/CS2309.CH201/results/notebook/qsbench_imgs/20260617-0336-bb4785/improved_fp4_cache/000000000034_0.png
improved_fp4_cache,000000000034,1,"a mother duck and her babies are standing near the water at night, dark lighting",1.6322,hit,7514.6,/content/CS2309.CH201/results/notebook/qsbench_imgs/20260617-0336-bb4785/improved_fp4_cache/000000000034_1.png
improved_fp4_cache,000000000034,2,"a mother duck and her babies are standing near the water in winter, covered in snow",1.6906,hit,7514.6,/content/CS2309.CH201/results/notebook/qsbench_imgs/20260617-0336-bb4785/improved_fp4_cache/000000000034_2.png
improved_fp4_cache,000000000035,0,"painting, yellow ball of the world by jimmy kirk",1.9733,miss,7514.1,/content/CS2309.CH201/results/notebook/qsbench_imgs/20260617-0336-bb4785/improved_fp4_cache/000000000035_0.png
improved_fp4_cache,000000000035,1,"photograph, window of the world by jimmy kirk at night, dark lighting",1.6169,hit,7514.6,/content/CS2309.CH201/results/notebook/qsbench_imgs/20260617-0336-bb4785/improved_fp4_cache/000000000035_1.png
improved_fp4_cache,000000000035,2,"photograph, window of the world by jimmy kirk in winter, covered in snow",1.6314,hit,7514.6,/content/CS2309.CH201/results/notebook/qsbench_imgs/20260617-0336-bb4785/improved_fp4_cache/000000000035_2.png
improved_fp4_cache,000000000036,0,red flame in the dark,1.9772,miss,7514.1,/content/CS2309.CH201/results/notebook/qsbench_imgs/20260617-0336-bb4785/improved_fp4_cache/000000000036_0.png
improved_fp4_cache,000000000036,1,"smoke at night, dark lighting",1.6384,hit,7514.6,/content/CS2309.CH201/results/notebook/qsbench_imgs/20260617-0336-bb4785/improved_fp4_cache/000000000036_1.png
improved_fp4_cache,000000000036,2,"smoke in winter, covered in snow",1.6275,hit,7514.6,/content/CS2309.CH201/results/notebook/qsbench_imgs/20260617-0336-bb4785/improved_fp4_cache/000000000036_2.png
improved_fp4_cache,000000000037,0,snow mountain landscape with flowers and green grass,1.9835,miss,7514.1,/content/CS2309.CH201/results/notebook/qsbench_imgs/20260617-0336-bb4785/improved_fp4_cache/000000000037_0.png
improved_fp4_cache,000000000037,1,"mountain landscape with flowers and withered grass at night, dark lighting",1.6322,hit,7514.6,/content/CS2309.CH201/results/notebook/qsbench_imgs/20260617-0336-bb4785/improved_fp4_cache/000000000037_1.png
improved_fp4_cache,000000000037,2,"mountain landscape with flowers and withered grass in winter, covered in snow",1.6014,hit,7514.6,/content/CS2309.CH201/results/notebook/qsbench_imgs/20260617-0336-bb4785/improved_fp4_cache/000000000037_2.png
improved_fp4_cache,000000000038,0,a little girl with blue eyes and yellow flowers in a blue coat,1.9326,miss,7514.1,/content/CS2309.CH201/results/notebook/qsbench_imgs/20260617-0336-bb4785/improved_fp4_cache/000000000038_0.png
improved_fp4_cache,000000000038,1,"a little girl with green eyes and flowers in a blue dress at night, dark lighting",1.6115,hit,7514.6,/content/CS2309.CH201/results/notebook/qsbench_imgs/20260617-0336-bb4785/improved_fp4_cache/000000000038_1.png
improved_fp4_cache,000000000038,2,"a little girl with green eyes and flowers in a blue dress in winter, covered in snow",1.5974,hit,7514.6,/content/CS2309.CH201/results/notebook/qsbench_imgs/20260617-0336-bb4785/improved_fp4_cache/000000000038_2.png
improved_fp4_cache,000000000039,0,two cats swimming in the sea,2.0059,miss,7514.1,/content/CS2309.CH201/results/notebook/qsbench_imgs/20260617-0336-bb4785/improved_fp4_cache/000000000039_0.png
improved_fp4_cache,000000000039,1,"two ducks in the dirt at night, dark lighting",1.6129,hit,7514.6,/content/CS2309.CH201/results/notebook/qsbench_imgs/20260617-0336-bb4785/improved_fp4_cache/000000000039_1.png
improved_fp4_cache,000000000039,2,"two ducks in the dirt in winter, covered in snow",1.5889,hit,7514.6,/content/CS2309.CH201/results/notebook/qsbench_imgs/20260617-0336-bb4785/improved_fp4_cache/000000000039_2.png
improved_fp4_cache,000000000040,0,a orange cat sitting with cotton scarf putting hands up,1.933,miss,7514.1,/content/CS2309.CH201/results/notebook/qsbench_imgs/20260617-0336-bb4785/improved_fp4_cache/000000000040_0.png
improved_fp4_cache,000000000040,1,"a cat sitting with beads collar at night, dark lighting",1.6151,hit,7514.6,/content/CS2309.CH201/results/notebook/qsbench_imgs/20260617-0336-bb4785/improved_fp4_cache/000000000040_1.png
improved_fp4_cache,000000000040,2,"a cat sitting with beads collar in winter, covered in snow",1.644,hit,7514.6,/content/CS2309.CH201/results/notebook/qsbench_imgs/20260617-0336-bb4785/improved_fp4_cache/000000000040_2.png
improved_fp4_cache,000000000041,0,a spacecraft in the blue arctic sky,1.9823,miss,7514.1,/content/CS2309.CH201/results/notebook/qsbench_imgs/20260617-0336-bb4785/improved_fp4_cache/000000000041_0.png
improved_fp4_cache,000000000041,1,"the arctic sky at night, dark lighting",1.6281,hit,7514.6,/content/CS2309.CH201/results/notebook/qsbench_imgs/20260617-0336-bb4785/improved_fp4_cache/000000000041_1.png
improved_fp4_cache,000000000041,2,"the arctic sky in winter, covered in snow",1.5943,hit,7514.6,/content/CS2309.CH201/results/notebook/qsbench_imgs/20260617-0336-bb4785/improved_fp4_cache/000000000041_2.png
improved_fp4_cache,000000000042,0,a white dog is standing on rocks in a bright forest,1.9239,miss,7514.1,/content/CS2309.CH201/results/notebook/qsbench_imgs/20260617-0336-bb4785/improved_fp4_cache/000000000042_0.png
improved_fp4_cache,000000000042,1,"a black wolf is standing on rocks in a dark forest at night, dark lighting",1.5957,hit,7514.6,/content/CS2309.CH201/results/notebook/qsbench_imgs/20260617-0336-bb4785/improved_fp4_cache/000000000042_1.png
improved_fp4_cache,000000000042,2,"a black wolf is standing on rocks in a dark forest in winter, covered in snow",1.6259,hit,7514.6,/content/CS2309.CH201/results/notebook/qsbench_imgs/20260617-0336-bb4785/improved_fp4_cache/000000000042_2.png
improved_fp4_cache,000000000043,0,a small blue cruise ship in the ocean at sunset,2.0337,miss,7514.1,/content/CS2309.CH201/results/notebook/qsbench_imgs/20260617-0336-bb4785/improved_fp4_cache/000000000043_0.png
improved_fp4_cache,000000000043,1,"a large red cargo ship in the ocean at sunset at night, dark lighting",1.6113,hit,7514.6,/content/CS2309.CH201/results/notebook/qsbench_imgs/20260617-0336-bb4785/improved_fp4_cache/000000000043_1.png
improved_fp4_cache,000000000043,2,"a large red cargo ship in the ocean at sunset in winter, covered in snow",1.6138,hit,7514.6,/content/CS2309.CH201/results/notebook/qsbench_imgs/20260617-0336-bb4785/improved_fp4_cache/000000000043_2.png
improved_fp4_cache,000000000044,0,a yellow cat with red scarf sitting in the flowers,1.9157,miss,7514.1,/content/CS2309.CH201/results/notebook/qsbench_imgs/20260617-0336-bb4785/improved_fp4_cache/000000000044_0.png
improved_fp4_cache,000000000044,1,"a cat sitting in the grass at night, dark lighting",1.6188,hit,7514.6,/content/CS2309.CH201/results/notebook/qsbench_imgs/20260617-0336-bb4785/improved_fp4_cache/000000000044_1.png
improved_fp4_cache,000000000044,2,"a cat sitting in the grass in winter, covered in snow",1.6254,hit,7514.6,/content/CS2309.CH201/results/notebook/qsbench_imgs/20260617-0336-bb4785/improved_fp4_cache/000000000044_2.png
improved_fp4_cache,000000000045,0,the christmas card of a santa's angry face with red mustache,1.942,miss,7514.1,/content/CS2309.CH201/results/notebook/qsbench_imgs/20260617-0336-bb4785/improved_fp4_cache/000000000045_0.png
improved_fp4_cache,000000000045,1,"the christmas illustration of a santa's laughing face at night, dark lighting",1.7122,hit,7514.6,/content/CS2309.CH201/results/notebook/qsbench_imgs/20260617-0336-bb4785/improved_fp4_cache/000000000045_1.png
improved_fp4_cache,000000000045,2,"the christmas illustration of a santa's laughing face in winter, covered in snow",1.6054,hit,7514.6,/content/CS2309.CH201/results/notebook/qsbench_imgs/20260617-0336-bb4785/improved_fp4_cache/000000000045_2.png
improved_fp4_cache,000000000046,0,photo of pink stars in the sky,1.915,miss,7514.1,/content/CS2309.CH201/results/notebook/qsbench_imgs/20260617-0336-bb4785/improved_fp4_cache/000000000046_0.png
improved_fp4_cache,000000000046,1,"painting of clouds in the sky at night, dark lighting",1.5979,hit,7514.6,/content/CS2309.CH201/results/notebook/qsbench_imgs/20260617-0336-bb4785/improved_fp4_cache/000000000046_1.png
improved_fp4_cache,000000000046,2,"painting of clouds in the sky in winter, covered in snow",1.6141,hit,7514.6,/content/CS2309.CH201/results/notebook/qsbench_imgs/20260617-0336-bb4785/improved_fp4_cache/000000000046_2.png
improved_fp4_cache,000000000047,0,shiny blue bus by jill kaufman,1.9555,miss,7514.1,/content/CS2309.CH201/results/notebook/qsbench_imgs/20260617-0336-bb4785/improved_fp4_cache/000000000047_0.png
improved_fp4_cache,000000000047,1,"rusty car by jill kaufman at night, dark lighting",1.6643,hit,7514.6,/content/CS2309.CH201/results/notebook/qsbench_imgs/20260617-0336-bb4785/improved_fp4_cache/000000000047_1.png
improved_fp4_cache,000000000047,2,"rusty car by jill kaufman in winter, covered in snow",1.5967,hit,7514.6,/content/CS2309.CH201/results/notebook/qsbench_imgs/20260617-0336-bb4785/improved_fp4_cache/000000000047_2.png
improved_fp4_cache,000000000048,0,sunset over a field with pink stars and a dark sky,1.9122,miss,7514.1,/content/CS2309.CH201/results/notebook/qsbench_imgs/20260617-0336-bb4785/improved_fp4_cache/000000000048_0.png
improved_fp4_cache,000000000048,1,"sunset over a field with clouds and a bright sky at night, dark lighting",1.603,hit,7514.6,/content/CS2309.CH201/results/notebook/qsbench_imgs/20260617-0336-bb4785/improved_fp4_cache/000000000048_1.png
improved_fp4_cache,000000000048,2,"sunset over a field with clouds and a bright sky in winter, covered in snow",1.6227,hit,7514.6,/content/CS2309.CH201/results/notebook/qsbench_imgs/20260617-0336-bb4785/improved_fp4_cache/000000000048_2.png
improved_fp4_cache,000000000049,0,yellow metal chair with black dots in a conference room,1.9302,miss,7514.1,/content/CS2309.CH201/results/notebook/qsbench_imgs/20260617-0336-bb4785/improved_fp4_cache/000000000049_0.png
improved_fp4_cache,000000000049,1,"black chair in a conference room at night, dark lighting",1.6944,hit,7514.6,/content/CS2309.CH201/results/notebook/qsbench_imgs/20260617-0336-bb4785/improved_fp4_cache/000000000049_1.png
improved_fp4_cache,000000000049,2,"black chair in a conference room in winter, covered in snow",1.6093,hit,7514.6,/content/CS2309.CH201/results/notebook/qsbench_imgs/20260617-0336-bb4785/improved_fp4_cache/000000000049_2.png
improved_fp4_cache,000000000050,0,a cat jumping on eggs,1.9496,miss,7514.1,/content/CS2309.CH201/results/notebook/qsbench_imgs/20260617-0336-bb4785/improved_fp4_cache/000000000050_0.png
improved_fp4_cache,000000000050,1,"a bird standing on clods at night, dark lighting",1.6118,hit,7514.6,/content/CS2309.CH201/results/notebook/qsbench_imgs/20260617-0336-bb4785/improved_fp4_cache/000000000050_1.png
improved_fp4_cache,000000000050,2,"a bird standing on clods in winter, covered in snow",1.6289,hit,7514.6,/content/CS2309.CH201/results/notebook/qsbench_imgs/20260617-0336-bb4785/improved_fp4_cache/000000000050_2.png
improved_fp4_cache,000000000051,0,a painting of red flowers in a white vase,1.9595,miss,7514.1,/content/CS2309.CH201/results/notebook/qsbench_imgs/20260617-0336-bb4785/improved_fp4_cache/000000000051_0.png
improved_fp4_cache,000000000051,1,"a painting of colorful flowers in a blue vase at night, dark lighting",1.6902,hit,7514.6,/content/CS2309.CH201/results/notebook/qsbench_imgs/20260617-0336-bb4785/improved_fp4_cache/000000000051_1.png
improved_fp4_cache,000000000051,2,"a painting of colorful flowers in a blue vase in winter, covered in snow",1.6843,hit,7514.6,/content/CS2309.CH201/results/notebook/qsbench_imgs/20260617-0336-bb4785/improved_fp4_cache/000000000051_2.png
improved_fp4_cache,000000000052,0,a logo of X with pink color in a light background,1.9076,miss,7514.1,/content/CS2309.CH201/results/notebook/qsbench_imgs/20260617-0336-bb4785/improved_fp4_cache/000000000052_0.png
improved_fp4_cache,000000000052,1,"a logo of bird shape in a black background at night, dark lighting",1.6057,hit,7514.6,/content/CS2309.CH201/results/notebook/qsbench_imgs/20260617-0336-bb4785/improved_fp4_cache/000000000052_1.png
improved_fp4_cache,000000000052,2,"a logo of bird shape in a black background in winter, covered in snow",1.6164,hit,7514.6,/content/CS2309.CH201/results/notebook/qsbench_imgs/20260617-0336-bb4785/improved_fp4_cache/000000000052_2.png
improved_fp4_cache,000000000053,0,a fluffy cat with a blue leash jumping on the ground,1.9369,miss,7514.1,/content/CS2309.CH201/results/notebook/qsbench_imgs/20260617-0336-bb4785/improved_fp4_cache/000000000053_0.png
improved_fp4_cache,000000000053,1,"a fluffy dog with a blue leash sitting in the grass at night, dark lighting",1.6093,hit,7514.6,/content/CS2309.CH201/results/notebook/qsbench_imgs/20260617-0336-bb4785/improved_fp4_cache/000000000053_1.png
improved_fp4_cache,000000000053,2,"a fluffy dog with a blue leash sitting in the grass in winter, covered in snow",1.6541,hit,7514.6,/content/CS2309.CH201/results/notebook/qsbench_imgs/20260617-0336-bb4785/improved_fp4_cache/000000000053_2.png
improved_fp4_cache,000000000054,0,a red ball and a notebook on a table,1.9471,miss,7514.1,/content/CS2309.CH201/results/notebook/qsbench_imgs/20260617-0336-bb4785/improved_fp4_cache/000000000054_0.png
improved_fp4_cache,000000000054,1,"a camera and a notebook on a bed at night, dark lighting",1.6255,hit,7514.6,/content/CS2309.CH201/results/notebook/qsbench_imgs/20260617-0336-bb4785/improved_fp4_cache/000000000054_1.png
improved_fp4_cache,000000000054,2,"a camera and a notebook on a bed in winter, covered in snow",1.6239,hit,7514.6,/content/CS2309.CH201/results/notebook/qsbench_imgs/20260617-0336-bb4785/improved_fp4_cache/000000000054_2.png
improved_fp4_cache,000000000055,0,a white tiger is looking at the camera in the rain,1.9438,miss,7514.1,/content/CS2309.CH201/results/notebook/qsbench_imgs/20260617-0336-bb4785/improved_fp4_cache/000000000055_0.png
improved_fp4_cache,000000000055,1,"a black dog is looking at the camera in the snow at night, dark lighting",1.6333,hit,7514.6,/content/CS2309.CH201/results/notebook/qsbench_imgs/20260617-0336-bb4785/improved_fp4_cache/000000000055_1.png
improved_fp4_cache,000000000055,2,"a black dog is looking at the camera in the snow in winter, covered in snow",1.693,hit,7514.6,/content/CS2309.CH201/results/notebook/qsbench_imgs/20260617-0336-bb4785/improved_fp4_cache/000000000055_2.png
improved_fp4_cache,000000000056,0,a lion puppy with black fur wrapped in a blue coat,1.9367,miss,7514.1,/content/CS2309.CH201/results/notebook/qsbench_imgs/20260617-0336-bb4785/improved_fp4_cache/000000000056_0.png
improved_fp4_cache,000000000056,1,"a meerkat puppy wrapped in a blue towel at night, dark lighting",1.6037,hit,7514.6,/content/CS2309.CH201/results/notebook/qsbench_imgs/20260617-0336-bb4785/improved_fp4_cache/000000000056_1.png
improved_fp4_cache,000000000056,2,"a meerkat puppy wrapped in a blue towel in winter, covered in snow",1.6127,hit,7514.6,/content/CS2309.CH201/results/notebook/qsbench_imgs/20260617-0336-bb4785/improved_fp4_cache/000000000056_2.png
improved_fp4_cache,000000000057,0,a photo of an owl jumping on a rock,1.9372,miss,7514.1,/content/CS2309.CH201/results/notebook/qsbench_imgs/20260617-0336-bb4785/improved_fp4_cache/000000000057_0.png
improved_fp4_cache,000000000057,1,"an owl sitting on a branch at night, dark lighting",1.632,hit,7514.6,/content/CS2309.CH201/results/notebook/qsbench_imgs/20260617-0336-bb4785/improved_fp4_cache/000000000057_1.png
improved_fp4_cache,000000000057,2,"an owl sitting on a branch in winter, covered in snow",1.6406,hit,7514.6,/content/CS2309.CH201/results/notebook/qsbench_imgs/20260617-0336-bb4785/improved_fp4_cache/000000000057_2.png
improved_fp4_cache,000000000058,0,yellow roses in blue vase,1.9979,miss,7514.1,/content/CS2309.CH201/results/notebook/qsbench_imgs/20260617-0336-bb4785/improved_fp4_cache/000000000058_0.png
improved_fp4_cache,000000000058,1,"purple tulips in vase at night, dark lighting",1.6067,hit,7514.6,/content/CS2309.CH201/results/notebook/qsbench_imgs/20260617-0336-bb4785/improved_fp4_cache/000000000058_1.png
improved_fp4_cache,000000000058,2,"purple tulips in vase in winter, covered in snow",1.627,hit,7514.6,/content/CS2309.CH201/results/notebook/qsbench_imgs/20260617-0336-bb4785/improved_fp4_cache/000000000058_2.png
improved_fp4_cache,000000000059,0,a cartoon cat face backward is jumping,1.931,miss,7514.1,/content/CS2309.CH201/results/notebook/qsbench_imgs/20260617-0336-bb4785/improved_fp4_cache/000000000059_0.png
improved_fp4_cache,000000000059,1,"a cartoon goat at night, dark lighting",1.612,hit,7514.6,/content/CS2309.CH201/results/notebook/qsbench_imgs/20260617-0336-bb4785/improved_fp4_cache/000000000059_1.png
improved_fp4_cache,000000000059,2,"a cartoon goat in winter, covered in snow",1.6179,hit,7514.6,/content/CS2309.CH201/results/notebook/qsbench_imgs/20260617-0336-bb4785/improved_fp4_cache/000000000059_2.png
improved_fp4_cache,000000000060,0,a red pear sitting on top of a glass table,2.0,miss,7514.1,/content/CS2309.CH201/results/notebook/qsbench_imgs/20260617-0336-bb4785/improved_fp4_cache/000000000060_0.png
improved_fp4_cache,000000000060,1,"a yellow apple sitting on top of a wooden table at night, dark lighting",1.6118,hit,7514.6,/content/CS2309.CH201/results/notebook/qsbench_imgs/20260617-0336-bb4785/improved_fp4_cache/000000000060_1.png
improved_fp4_cache,000000000060,2,"a yellow apple sitting on top of a wooden table in winter, covered in snow",1.6033,hit,7514.6,/content/CS2309.CH201/results/notebook/qsbench_imgs/20260617-0336-bb4785/improved_fp4_cache/000000000060_2.png
improved_fp4_cache,000000000061,0,a mid winter road with rocks lined with trees and flowers,1.9346,miss,7514.1,/content/CS2309.CH201/results/notebook/qsbench_imgs/20260617-0336-bb4785/improved_fp4_cache/000000000061_0.png
improved_fp4_cache,000000000061,1,"a mid autumn road lined with trees and leaves at night, dark lighting",1.6116,hit,7514.6,/content/CS2309.CH201/results/notebook/qsbench_imgs/20260617-0336-bb4785/improved_fp4_cache/000000000061_1.png
improved_fp4_cache,000000000061,2,"a mid autumn road lined with trees and leaves in winter, covered in snow",1.6107,hit,7514.6,/content/CS2309.CH201/results/notebook/qsbench_imgs/20260617-0336-bb4785/improved_fp4_cache/000000000061_2.png
improved_fp4_cache,000000000062,0,a cat is sleeping in a pile of colorful stones,1.9935,miss,7514.1,/content/CS2309.CH201/results/notebook/qsbench_imgs/20260617-0336-bb4785/improved_fp4_cache/000000000062_0.png
improved_fp4_cache,000000000062,1,"a rabbit is sitting in a pile of colorful eggs at night, dark lighting",1.6266,hit,7514.6,/content/CS2309.CH201/results/notebook/qsbench_imgs/20260617-0336-bb4785/improved_fp4_cache/000000000062_1.png
improved_fp4_cache,000000000062,2,"a rabbit is sitting in a pile of colorful eggs in winter, covered in snow",1.6277,hit,7514.6,/content/CS2309.CH201/results/notebook/qsbench_imgs/20260617-0336-bb4785/improved_fp4_cache/000000000062_2.png
improved_fp4_cache,000000000063,0,a white vase with some wilted vegatables in it,1.9374,miss,7514.1,/content/CS2309.CH201/results/notebook/qsbench_imgs/20260617-0336-bb4785/improved_fp4_cache/000000000063_0.png
improved_fp4_cache,000000000063,1,"a vase with some blooming flowers in it at night, dark lighting",1.6245,hit,7514.6,/content/CS2309.CH201/results/notebook/qsbench_imgs/20260617-0336-bb4785/improved_fp4_cache/000000000063_1.png
improved_fp4_cache,000000000063,2,"a vase with some blooming flowers in it in winter, covered in snow",1.6206,hit,7514.6,/content/CS2309.CH201/results/notebook/qsbench_imgs/20260617-0336-bb4785/improved_fp4_cache/000000000063_2.png
improved_fp4_cache,000000000064,0,a woman riding a lion in front of a glowing red flame,2.0335,miss,7514.1,/content/CS2309.CH201/results/notebook/qsbench_imgs/20260617-0336-bb4785/improved_fp4_cache/000000000064_0.png
improved_fp4_cache,000000000064,1,"a woman in front of a glowing yellow light at night, dark lighting",1.6314,hit,7514.6,/content/CS2309.CH201/results/notebook/qsbench_imgs/20260617-0336-bb4785/improved_fp4_cache/000000000064_1.png
improved_fp4_cache,000000000064,2,"a woman in front of a glowing yellow light in winter, covered in snow",1.6281,hit,7514.6,/content/CS2309.CH201/results/notebook/qsbench_imgs/20260617-0336-bb4785/improved_fp4_cache/000000000064_2.png
improved_fp4_cache,000000000065,0,a blue bird is standing on a stone,1.9433,miss,7514.1,/content/CS2309.CH201/results/notebook/qsbench_imgs/20260617-0336-bb4785/improved_fp4_cache/000000000065_0.png
improved_fp4_cache,000000000065,1,"a bird is sitting on a branch with moss at night, dark lighting",1.6235,hit,7514.6,/content/CS2309.CH201/results/notebook/qsbench_imgs/20260617-0336-bb4785/improved_fp4_cache/000000000065_1.png
improved_fp4_cache,000000000065,2,"a bird is sitting on a branch with moss in winter, covered in snow",1.6037,hit,7514.6,/content/CS2309.CH201/results/notebook/qsbench_imgs/20260617-0336-bb4785/improved_fp4_cache/000000000065_2.png
improved_fp4_cache,000000000066,0,painting of a german shepherd standing on the ground,1.9444,miss,7514.1,/content/CS2309.CH201/results/notebook/qsbench_imgs/20260617-0336-bb4785/improved_fp4_cache/000000000066_0.png
improved_fp4_cache,000000000066,1,"a dalmatian dog laying on the ground at night, dark lighting",1.708,hit,7514.6,/content/CS2309.CH201/results/notebook/qsbench_imgs/20260617-0336-bb4785/improved_fp4_cache/000000000066_1.png
improved_fp4_cache,000000000066,2,"a dalmatian dog laying on the ground in winter, covered in snow",1.602,hit,7514.6,/content/CS2309.CH201/results/notebook/qsbench_imgs/20260617-0336-bb4785/improved_fp4_cache/000000000066_2.png
improved_fp4_cache,000000000067,0,a woman in a white shirt crying in the rain,1.9409,miss,7514.1,/content/CS2309.CH201/results/notebook/qsbench_imgs/20260617-0336-bb4785/improved_fp4_cache/000000000067_0.png
improved_fp4_cache,000000000067,1,"a woman in a jacket standing in the rain at night, dark lighting",1.6017,hit,7514.6,/content/CS2309.CH201/results/notebook/qsbench_imgs/20260617-0336-bb4785/improved_fp4_cache/000000000067_1.png
improved_fp4_cache,000000000067,2,"a woman in a jacket standing in the rain in winter, covered in snow",1.6009,hit,7514.6,/content/CS2309.CH201/results/notebook/qsbench_imgs/20260617-0336-bb4785/improved_fp4_cache/000000000067_2.png
improved_fp4_cache,000000000068,0,painting of white unicorns standing in the woods,1.9536,miss,7514.1,/content/CS2309.CH201/results/notebook/qsbench_imgs/20260617-0336-bb4785/improved_fp4_cache/000000000068_0.png
improved_fp4_cache,000000000068,1,"photo of horses running in the woods at night, dark lighting",1.655,hit,7514.6,/content/CS2309.CH201/results/notebook/qsbench_imgs/20260617-0336-bb4785/improved_fp4_cache/000000000068_1.png
improved_fp4_cache,000000000068,2,"photo of horses running in the woods in winter, covered in snow",1.6029,hit,7514.6,/content/CS2309.CH201/results/notebook/qsbench_imgs/20260617-0336-bb4785/improved_fp4_cache/000000000068_2.png
improved_fp4_cache,000000000069,0,forest with snow and bus,1.9657,miss,7514.1,/content/CS2309.CH201/results/notebook/qsbench_imgs/20260617-0336-bb4785/improved_fp4_cache/000000000069_0.png
improved_fp4_cache,000000000069,1,"sea and house at night, dark lighting",1.6411,hit,7514.6,/content/CS2309.CH201/results/notebook/qsbench_imgs/20260617-0336-bb4785/improved_fp4_cache/000000000069_1.png
improved_fp4_cache,000000000069,2,"sea and house in winter, covered in snow",1.654,hit,7514.6,/content/CS2309.CH201/results/notebook/qsbench_imgs/20260617-0336-bb4785/improved_fp4_cache/000000000069_2.png
improved_fp4_cache,000000000070,0,"a sunny day of the park of dresden, germany, europe",1.9629,miss,7514.1,/content/CS2309.CH201/results/notebook/qsbench_imgs/20260617-0336-bb4785/improved_fp4_cache/000000000070_0.png
improved_fp4_cache,000000000070,1,"the city of dresden, germany, europe at night, dark lighting",1.6754,hit,7514.6,/content/CS2309.CH201/results/notebook/qsbench_imgs/20260617-0336-bb4785/improved_fp4_cache/000000000070_1.png
improved_fp4_cache,000000000070,2,"the city of dresden, germany, europe in winter, covered in snow",1.6147,hit,7514.6,/content/CS2309.CH201/results/notebook/qsbench_imgs/20260617-0336-bb4785/improved_fp4_cache/000000000070_2.png
improved_fp4_cache,000000000071,0,an orange with two hands on it in a dark background,1.9064,miss,7514.1,/content/CS2309.CH201/results/notebook/qsbench_imgs/20260617-0336-bb4785/improved_fp4_cache/000000000071_0.png
improved_fp4_cache,000000000071,1,"an apple with two faces on it in a white background at night, dark lighting",1.5952,hit,7514.6,/content/CS2309.CH201/results/notebook/qsbench_imgs/20260617-0336-bb4785/improved_fp4_cache/000000000071_1.png
improved_fp4_cache,000000000071,2,"an apple with two faces on it in a white background in winter, covered in snow",1.6295,hit,7514.6,/content/CS2309.CH201/results/notebook/qsbench_imgs/20260617-0336-bb4785/improved_fp4_cache/000000000071_2.png
improved_fp4_cache,000000000072,0,wooden green vases,1.9487,miss,7514.1,/content/CS2309.CH201/results/notebook/qsbench_imgs/20260617-0336-bb4785/improved_fp4_cache/000000000072_0.png
improved_fp4_cache,000000000072,1,"colorful cups at night, dark lighting",1.6688,hit,7514.6,/content/CS2309.CH201/results/notebook/qsbench_imgs/20260617-0336-bb4785/improved_fp4_cache/000000000072_1.png
improved_fp4_cache,000000000072,2,"colorful cups in winter, covered in snow",1.6696,hit,7514.6,/content/CS2309.CH201/results/notebook/qsbench_imgs/20260617-0336-bb4785/improved_fp4_cache/000000000072_2.png
improved_fp4_cache,000000000073,0,a autumn field with buildings and a pink sky,1.9441,miss,7514.1,/content/CS2309.CH201/results/notebook/qsbench_imgs/20260617-0336-bb4785/improved_fp4_cache/000000000073_0.png
improved_fp4_cache,000000000073,1,"a spring field with trees and a blue sky at night, dark lighting",1.6494,hit,7514.6,/content/CS2309.CH201/results/notebook/qsbench_imgs/20260617-0336-bb4785/improved_fp4_cache/000000000073_1.png
improved_fp4_cache,000000000073,2,"a spring field with trees and a blue sky in winter, covered in snow",1.6262,hit,7514.6,/content/CS2309.CH201/results/notebook/qsbench_imgs/20260617-0336-bb4785/improved_fp4_cache/000000000073_2.png
improved_fp4_cache,000000000074,0,a building is covered in leaves and snow,1.9182,miss,7514.1,/content/CS2309.CH201/results/notebook/qsbench_imgs/20260617-0336-bb4785/improved_fp4_cache/000000000074_0.png
improved_fp4_cache,000000000074,1,"a mountain is covered in clouds and snow at night, dark lighting",1.6382,hit,7514.6,/content/CS2309.CH201/results/notebook/qsbench_imgs/20260617-0336-bb4785/improved_fp4_cache/000000000074_1.png
improved_fp4_cache,000000000074,2,"a mountain is covered in clouds and snow in winter, covered in snow",1.7027,hit,7514.6,/content/CS2309.CH201/results/notebook/qsbench_imgs/20260617-0336-bb4785/improved_fp4_cache/000000000074_2.png
improved_fp4_cache,000000000075,0,a woman with cats and dogs playing around her face,1.9571,miss,7514.1,/content/CS2309.CH201/results/notebook/qsbench_imgs/20260617-0336-bb4785/improved_fp4_cache/000000000075_0.png
improved_fp4_cache,000000000075,1,"a woman with flowers around her face at night, dark lighting",1.5938,hit,7514.6,/content/CS2309.CH201/results/notebook/qsbench_imgs/20260617-0336-bb4785/improved_fp4_cache/000000000075_1.png
improved_fp4_cache,000000000075,2,"a woman with flowers around her face in winter, covered in snow",1.6344,hit,7514.6,/content/CS2309.CH201/results/notebook/qsbench_imgs/20260617-0336-bb4785/improved_fp4_cache/000000000075_2.png
improved_fp4_cache,000000000076,0,a painting of a golden vase with a flower coming out of it,1.9374,miss,7514.1,/content/CS2309.CH201/results/notebook/qsbench_imgs/20260617-0336-bb4785/improved_fp4_cache/000000000076_0.png
improved_fp4_cache,000000000076,1,"a painting of a cup with a smoke coming out of it at night, dark lighting",1.6344,hit,7514.6,/content/CS2309.CH201/results/notebook/qsbench_imgs/20260617-0336-bb4785/improved_fp4_cache/000000000076_1.png
improved_fp4_cache,000000000076,2,"a painting of a cup with a smoke coming out of it in winter, covered in snow",1.667,hit,7514.6,/content/CS2309.CH201/results/notebook/qsbench_imgs/20260617-0336-bb4785/improved_fp4_cache/000000000076_2.png
improved_fp4_cache,000000000077,0,a painting of a car in the snow with colorful buildings in the background,2.0077,miss,7514.1,/content/CS2309.CH201/results/notebook/qsbench_imgs/20260617-0336-bb4785/improved_fp4_cache/000000000077_0.png
improved_fp4_cache,000000000077,1,"a painting of a cabin in the snow with mountains in the background at night, dark lighting",1.6398,hit,7514.6,/content/CS2309.CH201/results/notebook/qsbench_imgs/20260617-0336-bb4785/improved_fp4_cache/000000000077_1.png
improved_fp4_cache,000000000077,2,"a painting of a cabin in the snow with mountains in the background in winter, covered in snow",1.6447,hit,7514.6,/content/CS2309.CH201/results/notebook/qsbench_imgs/20260617-0336-bb4785/improved_fp4_cache/000000000077_2.png
improved_fp4_cache,000000000078,0,ocean with stars shining in the pink sky,1.9283,miss,7514.1,/content/CS2309.CH201/results/notebook/qsbench_imgs/20260617-0336-bb4785/improved_fp4_cache/000000000078_0.png
improved_fp4_cache,000000000078,1,"ocean with clouds in the sky at night, dark lighting",1.624,hit,7514.6,/content/CS2309.CH201/results/notebook/qsbench_imgs/20260617-0336-bb4785/improved_fp4_cache/000000000078_1.png
improved_fp4_cache,000000000078,2,"ocean with clouds in the sky in winter, covered in snow",1.6847,hit,7514.6,/content/CS2309.CH201/results/notebook/qsbench_imgs/20260617-0336-bb4785/improved_fp4_cache/000000000078_2.png
improved_fp4_cache,000000000079,0,a man walking in a city with buildings in the background,1.9427,miss,7514.1,/content/CS2309.CH201/results/notebook/qsbench_imgs/20260617-0336-bb4785/improved_fp4_cache/000000000079_0.png
improved_fp4_cache,000000000079,1,"a man walking in a town with mountains in the background at night, dark lighting",1.6186,hit,7514.6,/content/CS2309.CH201/results/notebook/qsbench_imgs/20260617-0336-bb4785/improved_fp4_cache/000000000079_1.png
improved_fp4_cache,000000000079,2,"a man walking in a town with mountains in the background in winter, covered in snow",1.6056,hit,7514.6,/content/CS2309.CH201/results/notebook/qsbench_imgs/20260617-0336-bb4785/improved_fp4_cache/000000000079_2.png
improved_fp4_cache,000000000080,0,a fox is shown smiling in a high polygonal style,1.9311,miss,7514.1,/content/CS2309.CH201/results/notebook/qsbench_imgs/20260617-0336-bb4785/improved_fp4_cache/000000000080_0.png
improved_fp4_cache,000000000080,1,"a cat is shown in a low polygonal style at night, dark lighting",1.6092,hit,7514.6,/content/CS2309.CH201/results/notebook/qsbench_imgs/20260617-0336-bb4785/improved_fp4_cache/000000000080_1.png
improved_fp4_cache,000000000080,2,"a cat is shown in a low polygonal style in winter, covered in snow",1.6932,hit,7514.6,/content/CS2309.CH201/results/notebook/qsbench_imgs/20260617-0336-bb4785/improved_fp4_cache/000000000080_2.png
improved_fp4_cache,000000000081,0,flowers on a rock in the forest,1.9726,miss,7514.1,/content/CS2309.CH201/results/notebook/qsbench_imgs/20260617-0336-bb4785/improved_fp4_cache/000000000081_0.png
improved_fp4_cache,000000000081,1,"mushrooms on a branch in the forest at night, dark lighting",1.626,hit,7514.6,/content/CS2309.CH201/results/notebook/qsbench_imgs/20260617-0336-bb4785/improved_fp4_cache/000000000081_1.png
improved_fp4_cache,000000000081,2,"mushrooms on a branch in the forest in winter, covered in snow",1.6147,hit,7514.6,/content/CS2309.CH201/results/notebook/qsbench_imgs/20260617-0336-bb4785/improved_fp4_cache/000000000081_2.png
improved_fp4_cache,000000000082,0,a cute cat holding a pink ball,1.922,miss,7514.1,/content/CS2309.CH201/results/notebook/qsbench_imgs/20260617-0336-bb4785/improved_fp4_cache/000000000082_0.png
improved_fp4_cache,000000000082,1,"a cute dog holding a red heart at night, dark lighting",1.6112,hit,7514.6,/content/CS2309.CH201/results/notebook/qsbench_imgs/20260617-0336-bb4785/improved_fp4_cache/000000000082_1.png
improved_fp4_cache,000000000082,2,"a cute dog holding a red heart in winter, covered in snow",1.599,hit,7514.6,/content/CS2309.CH201/results/notebook/qsbench_imgs/20260617-0336-bb4785/improved_fp4_cache/000000000082_2.png
improved_fp4_cache,000000000083,0,a ink droplet hangs from a string of flashing red lights,2.0151,miss,7514.1,/content/CS2309.CH201/results/notebook/qsbench_imgs/20260617-0336-bb4785/improved_fp4_cache/000000000083_0.png
improved_fp4_cache,000000000083,1,"a water droplet hangs from a string of lights at night, dark lighting",1.6369,hit,7514.6,/content/CS2309.CH201/results/notebook/qsbench_imgs/20260617-0336-bb4785/improved_fp4_cache/000000000083_1.png
improved_fp4_cache,000000000083,2,"a water droplet hangs from a string of lights in winter, covered in snow",1.5925,hit,7514.6,/content/CS2309.CH201/results/notebook/qsbench_imgs/20260617-0336-bb4785/improved_fp4_cache/000000000083_2.png
improved_fp4_cache,000000000084,0,two blue and green toy cats are standing on a snow covered surface,1.9331,miss,7514.1,/content/CS2309.CH201/results/notebook/qsbench_imgs/20260617-0336-bb4785/improved_fp4_cache/000000000084_0.png
improved_fp4_cache,000000000084,1,"two red and white toy gnomes are sitting on a snow covered surface at night, dark lighting",1.6203,hit,7514.6,/content/CS2309.CH201/results/notebook/qsbench_imgs/20260617-0336-bb4785/improved_fp4_cache/000000000084_1.png
improved_fp4_cache,000000000084,2,"two red and white toy gnomes are sitting on a snow covered surface in winter, covered in snow",1.609,hit,7514.6,/content/CS2309.CH201/results/notebook/qsbench_imgs/20260617-0336-bb4785/improved_fp4_cache/000000000084_2.png
improved_fp4_cache,000000000085,0,dog howling at the sun with a outline of a person,1.9974,miss,7514.1,/content/CS2309.CH201/results/notebook/qsbench_imgs/20260617-0336-bb4785/improved_fp4_cache/000000000085_0.png
improved_fp4_cache,000000000085,1,"wolf howling at the moon with a outline of a wolf at night, dark lighting",1.5996,hit,7514.6,/content/CS2309.CH201/results/notebook/qsbench_imgs/20260617-0336-bb4785/improved_fp4_cache/000000000085_1.png
improved_fp4_cache,000000000085,2,"wolf howling at the moon with a outline of a wolf in winter, covered in snow",1.6409,hit,7514.6,/content/CS2309.CH201/results/notebook/qsbench_imgs/20260617-0336-bb4785/improved_fp4_cache/000000000085_2.png
improved_fp4_cache,000000000086,0,the violet cherry tree is blooming in the winter,1.9448,miss,7514.1,/content/CS2309.CH201/results/notebook/qsbench_imgs/20260617-0336-bb4785/improved_fp4_cache/000000000086_0.png
improved_fp4_cache,000000000086,1,"the almond tree is blooming in the spring at night, dark lighting",1.615,hit,7514.6,/content/CS2309.CH201/results/notebook/qsbench_imgs/20260617-0336-bb4785/improved_fp4_cache/000000000086_1.png
improved_fp4_cache,000000000086,2,"the almond tree is blooming in the spring in winter, covered in snow",1.6309,hit,7514.6,/content/CS2309.CH201/results/notebook/qsbench_imgs/20260617-0336-bb4785/improved_fp4_cache/000000000086_2.png
improved_fp4_cache,000000000087,0,a girl rides a dog on a snow field,2.0092,miss,7514.1,/content/CS2309.CH201/results/notebook/qsbench_imgs/20260617-0336-bb4785/improved_fp4_cache/000000000087_0.png
improved_fp4_cache,000000000087,1,"a jockey rides a horse on a grassy field at night, dark lighting",1.6056,hit,7514.6,/content/CS2309.CH201/results/notebook/qsbench_imgs/20260617-0336-bb4785/improved_fp4_cache/000000000087_1.png
improved_fp4_cache,000000000087,2,"a jockey rides a horse on a grassy field in winter, covered in snow",1.5892,hit,7514.6,/content/CS2309.CH201/results/notebook/qsbench_imgs/20260617-0336-bb4785/improved_fp4_cache/000000000087_2.png
improved_fp4_cache,000000000088,0,"a plate with rice, apple slices and steak",1.9691,miss,7514.1,/content/CS2309.CH201/results/notebook/qsbench_imgs/20260617-0336-bb4785/improved_fp4_cache/000000000088_0.png
improved_fp4_cache,000000000088,1,"a plate with rice, lemon slices and fish at night, dark lighting",1.6055,hit,7514.6,/content/CS2309.CH201/results/notebook/qsbench_imgs/20260617-0336-bb4785/improved_fp4_cache/000000000088_1.png
improved_fp4_cache,000000000088,2,"a plate with rice, lemon slices and fish in winter, covered in snow",1.6364,hit,7514.6,/content/CS2309.CH201/results/notebook/qsbench_imgs/20260617-0336-bb4785/improved_fp4_cache/000000000088_2.png
improved_fp4_cache,000000000089,0,two purple apples on a tree branch with a pink sky in the background,2.0266,miss,7514.1,/content/CS2309.CH201/results/notebook/qsbench_imgs/20260617-0336-bb4785/improved_fp4_cache/000000000089_0.png
improved_fp4_cache,000000000089,1,"two red berries on a tree branch with a blue sky in the background at night, dark lighting",1.6351,hit,7514.6,/content/CS2309.CH201/results/notebook/qsbench_imgs/20260617-0336-bb4785/improved_fp4_cache/000000000089_1.png
improved_fp4_cache,000000000089,2,"two red berries on a tree branch with a blue sky in the background in winter, covered in snow",1.6034,hit,7514.6,/content/CS2309.CH201/results/notebook/qsbench_imgs/20260617-0336-bb4785/improved_fp4_cache/000000000089_2.png
improved_fp4_cache,000000000090,0,a drawing of a woman with a colorfull hat on her head and a dress on her body,1.8937,miss,7514.1,/content/CS2309.CH201/results/notebook/qsbench_imgs/20260617-0336-bb4785/improved_fp4_cache/000000000090_0.png
improved_fp4_cache,000000000090,1,"a drawing of a woman with a towel on her head at night, dark lighting",1.5804,hit,7514.6,/content/CS2309.CH201/results/notebook/qsbench_imgs/20260617-0336-bb4785/improved_fp4_cache/000000000090_1.png
improved_fp4_cache,000000000090,2,"a drawing of a woman with a towel on her head in winter, covered in snow",1.6181,hit,7514.6,/content/CS2309.CH201/results/notebook/qsbench_imgs/20260617-0336-bb4785/improved_fp4_cache/000000000090_2.png
improved_fp4_cache,000000000091,0,a girl with flowers sitting at a table with noodles and cakes,1.9423,miss,7514.1,/content/CS2309.CH201/results/notebook/qsbench_imgs/20260617-0336-bb4785/improved_fp4_cache/000000000091_0.png
improved_fp4_cache,000000000091,1,"a girl sitting at a table with pizza and drinks at night, dark lighting",1.6667,hit,7514.6,/content/CS2309.CH201/results/notebook/qsbench_imgs/20260617-0336-bb4785/improved_fp4_cache/000000000091_1.png
improved_fp4_cache,000000000091,2,"a girl sitting at a table with pizza and drinks in winter, covered in snow",1.603,hit,7514.6,/content/CS2309.CH201/results/notebook/qsbench_imgs/20260617-0336-bb4785/improved_fp4_cache/000000000091_2.png
improved_fp4_cache,000000000092,0,lilas and cakes on black glass surface,1.915,miss,7514.1,/content/CS2309.CH201/results/notebook/qsbench_imgs/20260617-0336-bb4785/improved_fp4_cache/000000000092_0.png
improved_fp4_cache,000000000092,1,"lilas and book on wooden surface at night, dark lighting",1.5966,hit,7514.6,/content/CS2309.CH201/results/notebook/qsbench_imgs/20260617-0336-bb4785/improved_fp4_cache/000000000092_1.png
improved_fp4_cache,000000000092,2,"lilas and book on wooden surface in winter, covered in snow",1.6144,hit,7514.6,/content/CS2309.CH201/results/notebook/qsbench_imgs/20260617-0336-bb4785/improved_fp4_cache/000000000092_2.png
improved_fp4_cache,000000000093,0,a garfield cat is sleeping on a sofa,1.9451,miss,7514.1,/content/CS2309.CH201/results/notebook/qsbench_imgs/20260617-0336-bb4785/improved_fp4_cache/000000000093_0.png
improved_fp4_cache,000000000093,1,"a collie dog is sitting on a bed at night, dark lighting",1.6222,hit,7514.6,/content/CS2309.CH201/results/notebook/qsbench_imgs/20260617-0336-bb4785/improved_fp4_cache/000000000093_1.png
improved_fp4_cache,000000000093,2,"a collie dog is sitting on a bed in winter, covered in snow",1.5926,hit,7514.6,/content/CS2309.CH201/results/notebook/qsbench_imgs/20260617-0336-bb4785/improved_fp4_cache/000000000093_2.png
improved_fp4_cache,000000000094,0,a cat is sleeping on a blue sweater,1.9271,miss,7514.1,/content/CS2309.CH201/results/notebook/qsbench_imgs/20260617-0336-bb4785/improved_fp4_cache/000000000094_0.png
improved_fp4_cache,000000000094,1,"a cat is sitting on a red blanket at night, dark lighting",1.6132,hit,7514.6,/content/CS2309.CH201/results/notebook/qsbench_imgs/20260617-0336-bb4785/improved_fp4_cache/000000000094_1.png
improved_fp4_cache,000000000094,2,"a cat is sitting on a red blanket in winter, covered in snow",1.6219,hit,7514.6,/content/CS2309.CH201/results/notebook/qsbench_imgs/20260617-0336-bb4785/improved_fp4_cache/000000000094_2.png
improved_fp4_cache,000000000095,0,a painting of a fairy with purple wings holding a white crystal ball,1.9556,miss,7514.1,/content/CS2309.CH201/results/notebook/qsbench_imgs/20260617-0336-bb4785/improved_fp4_cache/000000000095_0.png
improved_fp4_cache,000000000095,1,"a painting of a fairy with green wings holding a glowing jar at night, dark lighting",1.6813,hit,7514.6,/content/CS2309.CH201/results/notebook/qsbench_imgs/20260617-0336-bb4785/improved_fp4_cache/000000000095_1.png
improved_fp4_cache,000000000095,2,"a painting of a fairy with green wings holding a glowing jar in winter, covered in snow",1.6012,hit,7514.6,/content/CS2309.CH201/results/notebook/qsbench_imgs/20260617-0336-bb4785/improved_fp4_cache/000000000095_2.png
improved_fp4_cache,000000000096,0,a colorful and beautiful photo of bride and groom embrace in the church,1.921,miss,7514.1,/content/CS2309.CH201/results/notebook/qsbench_imgs/20260617-0336-bb4785/improved_fp4_cache/000000000096_0.png
improved_fp4_cache,000000000096,1,"a white and black photo of bride and groom embrace in the woods at night, dark lighting",1.586,hit,7514.6,/content/CS2309.CH201/results/notebook/qsbench_imgs/20260617-0336-bb4785/improved_fp4_cache/000000000096_1.png
improved_fp4_cache,000000000096,2,"a white and black photo of bride and groom embrace in the woods in winter, covered in snow",1.6052,hit,7514.6,/content/CS2309.CH201/results/notebook/qsbench_imgs/20260617-0336-bb4785/improved_fp4_cache/000000000096_2.png
improved_fp4_cache,000000000097,0,a metal vase of colorful rose flowers on a white table,1.9233,miss,7514.1,/content/CS2309.CH201/results/notebook/qsbench_imgs/20260617-0336-bb4785/improved_fp4_cache/000000000097_0.png
improved_fp4_cache,000000000097,1,"a vase of colorful flowers on a wooden table at night, dark lighting",1.6076,hit,7514.6,/content/CS2309.CH201/results/notebook/qsbench_imgs/20260617-0336-bb4785/improved_fp4_cache/000000000097_1.png
improved_fp4_cache,000000000097,2,"a vase of colorful flowers on a wooden table in winter, covered in snow",1.6697,hit,7514.6,/content/CS2309.CH201/results/notebook/qsbench_imgs/20260617-0336-bb4785/improved_fp4_cache/000000000097_2.png
improved_fp4_cache,000000000098,0,a cat hanging from a wire with grass in the background,1.9389,miss,7514.1,/content/CS2309.CH201/results/notebook/qsbench_imgs/20260617-0336-bb4785/improved_fp4_cache/000000000098_0.png
improved_fp4_cache,000000000098,1,"a light bulb hanging from a wire with sky in the background at night, dark lighting",1.5971,hit,7514.6,/content/CS2309.CH201/results/notebook/qsbench_imgs/20260617-0336-bb4785/improved_fp4_cache/000000000098_1.png
improved_fp4_cache,000000000098,2,"a light bulb hanging from a wire with sky in the background in winter, covered in snow",1.6324,hit,7514.6,/content/CS2309.CH201/results/notebook/qsbench_imgs/20260617-0336-bb4785/improved_fp4_cache/000000000098_2.png
improved_fp4_cache,000000000099,0,a painting of a woman with pink hair holding a teddy bear,1.9257,miss,7514.1,/content/CS2309.CH201/results/notebook/qsbench_imgs/20260617-0336-bb4785/improved_fp4_cache/000000000099_0.png
improved_fp4_cache,000000000099,1,"a painting of a woman holding a pink flower at night, dark lighting",1.611,hit,7514.6,/content/CS2309.CH201/results/notebook/qsbench_imgs/20260617-0336-bb4785/improved_fp4_cache/000000000099_1.png
improved_fp4_cache,000000000099,2,"a painting of a woman holding a pink flower in winter, covered in snow",1.6638,hit,7514.6,/content/CS2309.CH201/results/notebook/qsbench_imgs/20260617-0336-bb4785/improved_fp4_cache/000000000099_2.png
improved_fp4_cache,000000000100,0,a woman in red holding an umbrella runs through a forest,1.9326,miss,7514.1,/content/CS2309.CH201/results/notebook/qsbench_imgs/20260617-0336-bb4785/improved_fp4_cache/000000000100_0.png
improved_fp4_cache,000000000100,1,"a woman in black holding an umbrella walks through a field at night, dark lighting",1.6176,hit,7514.6,/content/CS2309.CH201/results/notebook/qsbench_imgs/20260617-0336-bb4785/improved_fp4_cache/000000000100_1.png
improved_fp4_cache,000000000100,2,"a woman in black holding an umbrella walks through a field in winter, covered in snow",1.6163,hit,7514.6,/content/CS2309.CH201/results/notebook/qsbench_imgs/20260617-0336-bb4785/improved_fp4_cache/000000000100_2.png
improved_fp4_cache,000000000101,0,blue poppies and bees in winter,1.9309,miss,7514.1,/content/CS2309.CH201/results/notebook/qsbench_imgs/20260617-0336-bb4785/improved_fp4_cache/000000000101_0.png
improved_fp4_cache,000000000101,1,"poppies at night, dark lighting",1.6022,hit,7514.6,/content/CS2309.CH201/results/notebook/qsbench_imgs/20260617-0336-bb4785/improved_fp4_cache/000000000101_1.png
improved_fp4_cache,000000000101,2,"poppies in winter, covered in snow",1.6805,hit,7514.6,/content/CS2309.CH201/results/notebook/qsbench_imgs/20260617-0336-bb4785/improved_fp4_cache/000000000101_2.png
improved_fp4_cache,000000000102,0,a white tulip on the rail,1.9311,miss,7514.1,/content/CS2309.CH201/results/notebook/qsbench_imgs/20260617-0336-bb4785/improved_fp4_cache/000000000102_0.png
improved_fp4_cache,000000000102,1,"a rose on the rail at night, dark lighting",1.6214,hit,7514.6,/content/CS2309.CH201/results/notebook/qsbench_imgs/20260617-0336-bb4785/improved_fp4_cache/000000000102_1.png
improved_fp4_cache,000000000102,2,"a rose on the rail in winter, covered in snow",1.6015,hit,7514.6,/content/CS2309.CH201/results/notebook/qsbench_imgs/20260617-0336-bb4785/improved_fp4_cache/000000000102_2.png
improved_fp4_cache,000000000103,0,an digital painting of stars and moon,1.9519,miss,7514.1,/content/CS2309.CH201/results/notebook/qsbench_imgs/20260617-0336-bb4785/improved_fp4_cache/000000000103_0.png
improved_fp4_cache,000000000103,1,"an abstract painting of waves and water at night, dark lighting",1.6062,hit,7514.6,/content/CS2309.CH201/results/notebook/qsbench_imgs/20260617-0336-bb4785/improved_fp4_cache/000000000103_1.png
improved_fp4_cache,000000000103,2,"an abstract painting of waves and water in winter, covered in snow",1.6196,hit,7514.6,/content/CS2309.CH201/results/notebook/qsbench_imgs/20260617-0336-bb4785/improved_fp4_cache/000000000103_2.png
improved_fp4_cache,000000000104,0,a woman with white snakes in her hair,2.0029,miss,7514.1,/content/CS2309.CH201/results/notebook/qsbench_imgs/20260617-0336-bb4785/improved_fp4_cache/000000000104_0.png
improved_fp4_cache,000000000104,1,"a woman with flowers in her hair at night, dark lighting",1.5992,hit,7514.6,/content/CS2309.CH201/results/notebook/qsbench_imgs/20260617-0336-bb4785/improved_fp4_cache/000000000104_1.png
improved_fp4_cache,000000000104,2,"a woman with flowers in her hair in winter, covered in snow",1.604,hit,7514.6,/content/CS2309.CH201/results/notebook/qsbench_imgs/20260617-0336-bb4785/improved_fp4_cache/000000000104_2.png
improved_fp4_cache,000000000105,0,fat orange cat with green eyes,1.9219,miss,7514.1,/content/CS2309.CH201/results/notebook/qsbench_imgs/20260617-0336-bb4785/improved_fp4_cache/000000000105_0.png
improved_fp4_cache,000000000105,1,"cat with yellow eyes at night, dark lighting",1.6223,hit,7514.6,/content/CS2309.CH201/results/notebook/qsbench_imgs/20260617-0336-bb4785/improved_fp4_cache/000000000105_1.png
improved_fp4_cache,000000000105,2,"cat with yellow eyes in winter, covered in snow",1.6287,hit,7514.6,/content/CS2309.CH201/results/notebook/qsbench_imgs/20260617-0336-bb4785/improved_fp4_cache/000000000105_2.png
improved_fp4_cache,000000000106,0,a blue umbrella with rainbow spots on it is sitting on the ground,1.9993,miss,7514.1,/content/CS2309.CH201/results/notebook/qsbench_imgs/20260617-0336-bb4785/improved_fp4_cache/000000000106_0.png
improved_fp4_cache,000000000106,1,"a red mushroom with white spots on it is sitting on the ground at night, dark lighting",1.59,hit,7514.6,/content/CS2309.CH201/results/notebook/qsbench_imgs/20260617-0336-bb4785/improved_fp4_cache/000000000106_1.png
improved_fp4_cache,000000000106,2,"a red mushroom with white spots on it is sitting on the ground in winter, covered in snow",1.6162,hit,7514.6,/content/CS2309.CH201/results/notebook/qsbench_imgs/20260617-0336-bb4785/improved_fp4_cache/000000000106_2.png
improved_fp4_cache,000000000107,0,a red wodden duck on the branch,1.9895,miss,7514.1,/content/CS2309.CH201/results/notebook/qsbench_imgs/20260617-0336-bb4785/improved_fp4_cache/000000000107_0.png
improved_fp4_cache,000000000107,1,"a bird on the branch at night, dark lighting",1.6045,hit,7514.6,/content/CS2309.CH201/results/notebook/qsbench_imgs/20260617-0336-bb4785/improved_fp4_cache/000000000107_1.png
improved_fp4_cache,000000000107,2,"a bird on the branch in winter, covered in snow",1.6051,hit,7514.6,/content/CS2309.CH201/results/notebook/qsbench_imgs/20260617-0336-bb4785/improved_fp4_cache/000000000107_2.png
improved_fp4_cache,000000000108,0,watercolor painting of a boy standing in a living room,1.9783,miss,7514.1,/content/CS2309.CH201/results/notebook/qsbench_imgs/20260617-0336-bb4785/improved_fp4_cache/000000000108_0.png
improved_fp4_cache,000000000108,1,"a woman sitting in a living room at night, dark lighting",1.6111,hit,7514.6,/content/CS2309.CH201/results/notebook/qsbench_imgs/20260617-0336-bb4785/improved_fp4_cache/000000000108_1.png
improved_fp4_cache,000000000108,2,"a woman sitting in a living room in winter, covered in snow",1.6478,hit,7514.6,/content/CS2309.CH201/results/notebook/qsbench_imgs/20260617-0336-bb4785/improved_fp4_cache/000000000108_2.png
improved_fp4_cache,000000000109,0,a school with a red tile roof and trees in the background,1.9503,miss,7514.1,/content/CS2309.CH201/results/notebook/qsbench_imgs/20260617-0336-bb4785/improved_fp4_cache/000000000109_0.png
improved_fp4_cache,000000000109,1,"a farm with a thatched roof and trees in the background at night, dark lighting",1.6266,hit,7514.6,/content/CS2309.CH201/results/notebook/qsbench_imgs/20260617-0336-bb4785/improved_fp4_cache/000000000109_1.png
improved_fp4_cache,000000000109,2,"a farm with a thatched roof and trees in the background in winter, covered in snow",1.6271,hit,7514.6,/content/CS2309.CH201/results/notebook/qsbench_imgs/20260617-0336-bb4785/improved_fp4_cache/000000000109_2.png
improved_fp4_cache,000000000110,0,a old woman is holding a white cat,2.0046,miss,7514.1,/content/CS2309.CH201/results/notebook/qsbench_imgs/20260617-0336-bb4785/improved_fp4_cache/000000000110_0.png
improved_fp4_cache,000000000110,1,"a young woman is holding a dog at night, dark lighting",1.6043,hit,7514.6,/content/CS2309.CH201/results/notebook/qsbench_imgs/20260617-0336-bb4785/improved_fp4_cache/000000000110_1.png
improved_fp4_cache,000000000110,2,"a young woman is holding a dog in winter, covered in snow",1.6082,hit,7514.6,/content/CS2309.CH201/results/notebook/qsbench_imgs/20260617-0336-bb4785/improved_fp4_cache/000000000110_2.png
improved_fp4_cache,000000000111,0,a dog with blue eyes standing on the ground,1.9824,miss,7514.1,/content/CS2309.CH201/results/notebook/qsbench_imgs/20260617-0336-bb4785/improved_fp4_cache/000000000111_0.png
improved_fp4_cache,000000000111,1,"a cat with green eyes sitting on the ground at night, dark lighting",1.6162,hit,7514.6,/content/CS2309.CH201/results/notebook/qsbench_imgs/20260617-0336-bb4785/improved_fp4_cache/000000000111_1.png
improved_fp4_cache,000000000111,2,"a cat with green eyes sitting on the ground in winter, covered in snow",1.6223,hit,7514.6,/content/CS2309.CH201/results/notebook/qsbench_imgs/20260617-0336-bb4785/improved_fp4_cache/000000000111_2.png
improved_fp4_cache,000000000112,0,a group of pink plush ducks are swimming in a canal,1.9187,miss,7514.1,/content/CS2309.CH201/results/notebook/qsbench_imgs/20260617-0336-bb4785/improved_fp4_cache/000000000112_0.png
improved_fp4_cache,000000000112,1,"a group of rubber ducks are lined up in a canal at night, dark lighting",1.7132,hit,7514.6,/content/CS2309.CH201/results/notebook/qsbench_imgs/20260617-0336-bb4785/improved_fp4_cache/000000000112_1.png
improved_fp4_cache,000000000112,2,"a group of rubber ducks are lined up in a canal in winter, covered in snow",1.6124,hit,7514.6,/content/CS2309.CH201/results/notebook/qsbench_imgs/20260617-0336-bb4785/improved_fp4_cache/000000000112_2.png
improved_fp4_cache,000000000113,0,rabbits holding apples in the grass,1.9466,miss,7514.1,/content/CS2309.CH201/results/notebook/qsbench_imgs/20260617-0336-bb4785/improved_fp4_cache/000000000113_0.png
improved_fp4_cache,000000000113,1,"dogs running in the grass at night, dark lighting",1.5957,hit,7514.6,/content/CS2309.CH201/results/notebook/qsbench_imgs/20260617-0336-bb4785/improved_fp4_cache/000000000113_1.png
improved_fp4_cache,000000000113,2,"dogs running in the grass in winter, covered in snow",1.6474,hit,7514.6,/content/CS2309.CH201/results/notebook/qsbench_imgs/20260617-0336-bb4785/improved_fp4_cache/000000000113_2.png
improved_fp4_cache,000000000114,0,a painting of a man and woman playing on the ground,1.938,miss,7514.1,/content/CS2309.CH201/results/notebook/qsbench_imgs/20260617-0336-bb4785/improved_fp4_cache/000000000114_0.png
improved_fp4_cache,000000000114,1,"a photo of a man and woman sitting on the ground at night, dark lighting",1.6395,hit,7514.6,/content/CS2309.CH201/results/notebook/qsbench_imgs/20260617-0336-bb4785/improved_fp4_cache/000000000114_1.png
improved_fp4_cache,000000000114,2,"a photo of a man and woman sitting on the ground in winter, covered in snow",1.6218,hit,7514.6,/content/CS2309.CH201/results/notebook/qsbench_imgs/20260617-0336-bb4785/improved_fp4_cache/000000000114_2.png
improved_fp4_cache,000000000115,0,two colorful birds flying next to each other,1.9211,miss,7514.1,/content/CS2309.CH201/results/notebook/qsbench_imgs/20260617-0336-bb4785/improved_fp4_cache/000000000115_0.png
improved_fp4_cache,000000000115,1,"two ducks standing next to each other at night, dark lighting",1.6472,hit,7514.6,/content/CS2309.CH201/results/notebook/qsbench_imgs/20260617-0336-bb4785/improved_fp4_cache/000000000115_1.png
improved_fp4_cache,000000000115,2,"two ducks standing next to each other in winter, covered in snow",1.5919,hit,7514.6,/content/CS2309.CH201/results/notebook/qsbench_imgs/20260617-0336-bb4785/improved_fp4_cache/000000000115_2.png
improved_fp4_cache,000000000116,0,colorful dinosaur eggs in a glass,1.9386,miss,7514.1,/content/CS2309.CH201/results/notebook/qsbench_imgs/20260617-0336-bb4785/improved_fp4_cache/000000000116_0.png
improved_fp4_cache,000000000116,1,"easter eggs in a teacup at night, dark lighting",1.6813,hit,7514.6,/content/CS2309.CH201/results/notebook/qsbench_imgs/20260617-0336-bb4785/improved_fp4_cache/000000000116_1.png
improved_fp4_cache,000000000116,2,"easter eggs in a teacup in winter, covered in snow",1.6318,hit,7514.6,/content/CS2309.CH201/results/notebook/qsbench_imgs/20260617-0336-bb4785/improved_fp4_cache/000000000116_2.png
improved_fp4_cache,000000000117,0,a blue flower with red bee center in the middle,1.9367,miss,7514.1,/content/CS2309.CH201/results/notebook/qsbench_imgs/20260617-0336-bb4785/improved_fp4_cache/000000000117_0.png
improved_fp4_cache,000000000117,1,"a pink flower with yellow center in the middle at night, dark lighting",1.6075,hit,7514.6,/content/CS2309.CH201/results/notebook/qsbench_imgs/20260617-0336-bb4785/improved_fp4_cache/000000000117_1.png
improved_fp4_cache,000000000117,2,"a pink flower with yellow center in the middle in winter, covered in snow",1.5916,hit,7514.6,/content/CS2309.CH201/results/notebook/qsbench_imgs/20260617-0336-bb4785/improved_fp4_cache/000000000117_2.png
improved_fp4_cache,000000000118,0,a big cat is sitting on a branch in a forest,1.9225,miss,7514.1,/content/CS2309.CH201/results/notebook/qsbench_imgs/20260617-0336-bb4785/improved_fp4_cache/000000000118_0.png
improved_fp4_cache,000000000118,1,"a small bird is sitting on a branch in a field at night, dark lighting",1.6719,hit,7514.6,/content/CS2309.CH201/results/notebook/qsbench_imgs/20260617-0336-bb4785/improved_fp4_cache/000000000118_1.png
improved_fp4_cache,000000000118,2,"a small bird is sitting on a branch in a field in winter, covered in snow",1.6692,hit,7514.6,/content/CS2309.CH201/results/notebook/qsbench_imgs/20260617-0336-bb4785/improved_fp4_cache/000000000118_2.png
improved_fp4_cache,000000000119,0,a woman in white crying on a chair with ghost in the background,1.9608,miss,7514.1,/content/CS2309.CH201/results/notebook/qsbench_imgs/20260617-0336-bb4785/improved_fp4_cache/000000000119_0.png
improved_fp4_cache,000000000119,1,"a woman in red sitting on a chair with castle in the background at night, dark lighting",1.6069,hit,7514.6,/content/CS2309.CH201/results/notebook/qsbench_imgs/20260617-0336-bb4785/improved_fp4_cache/000000000119_1.png
improved_fp4_cache,000000000119,2,"a woman in red sitting on a chair with castle in the background in winter, covered in snow",1.615,hit,7514.6,/content/CS2309.CH201/results/notebook/qsbench_imgs/20260617-0336-bb4785/improved_fp4_cache/000000000119_2.png
improved_fp4_cache,000000000120,0,woman with pink straight hair and blue eyes,1.9443,miss,7514.1,/content/CS2309.CH201/results/notebook/qsbench_imgs/20260617-0336-bb4785/improved_fp4_cache/000000000120_0.png
improved_fp4_cache,000000000120,1,"woman with brown hair at night, dark lighting",1.6215,hit,7514.6,/content/CS2309.CH201/results/notebook/qsbench_imgs/20260617-0336-bb4785/improved_fp4_cache/000000000120_1.png
improved_fp4_cache,000000000120,2,"woman with brown hair in winter, covered in snow",1.6932,hit,7514.6,/content/CS2309.CH201/results/notebook/qsbench_imgs/20260617-0336-bb4785/improved_fp4_cache/000000000120_2.png
improved_fp4_cache,000000000121,0,oilpainting of pink roses on a branch,1.9464,miss,7514.1,/content/CS2309.CH201/results/notebook/qsbench_imgs/20260617-0336-bb4785/improved_fp4_cache/000000000121_0.png
improved_fp4_cache,000000000121,1,"watercolor of leaves on a branch at night, dark lighting",1.6138,hit,7514.6,/content/CS2309.CH201/results/notebook/qsbench_imgs/20260617-0336-bb4785/improved_fp4_cache/000000000121_1.png
improved_fp4_cache,000000000121,2,"watercolor of leaves on a branch in winter, covered in snow",1.6424,hit,7514.6,/content/CS2309.CH201/results/notebook/qsbench_imgs/20260617-0336-bb4785/improved_fp4_cache/000000000121_2.png
improved_fp4_cache,000000000122,0,a view of the mountains covered in red berries and leaves,1.9535,miss,7514.1,/content/CS2309.CH201/results/notebook/qsbench_imgs/20260617-0336-bb4785/improved_fp4_cache/000000000122_0.png
improved_fp4_cache,000000000122,1,"a view of the mountains covered in snow at night, dark lighting",1.6212,hit,7514.6,/content/CS2309.CH201/results/notebook/qsbench_imgs/20260617-0336-bb4785/improved_fp4_cache/000000000122_1.png
improved_fp4_cache,000000000122,2,"a view of the mountains covered in snow in winter, covered in snow",1.6547,hit,7514.6,/content/CS2309.CH201/results/notebook/qsbench_imgs/20260617-0336-bb4785/improved_fp4_cache/000000000122_2.png
improved_fp4_cache,000000000123,0,red stone buddha statue with diamonds in the temple,1.9566,miss,7514.1,/content/CS2309.CH201/results/notebook/qsbench_imgs/20260617-0336-bb4785/improved_fp4_cache/000000000123_0.png
improved_fp4_cache,000000000123,1,"gold buddha statue in the temple at night, dark lighting",1.6137,hit,7514.6,/content/CS2309.CH201/results/notebook/qsbench_imgs/20260617-0336-bb4785/improved_fp4_cache/000000000123_1.png
improved_fp4_cache,000000000123,2,"gold buddha statue in the temple in winter, covered in snow",1.6161,hit,7514.6,/content/CS2309.CH201/results/notebook/qsbench_imgs/20260617-0336-bb4785/improved_fp4_cache/000000000123_2.png
improved_fp4_cache,000000000124,0,the pink sunset and rainbow over the durdle door,1.933,miss,7514.1,/content/CS2309.CH201/results/notebook/qsbench_imgs/20260617-0336-bb4785/improved_fp4_cache/000000000124_0.png
improved_fp4_cache,000000000124,1,"the galaxy over the durdle door at night, dark lighting",1.6109,hit,7514.6,/content/CS2309.CH201/results/notebook/qsbench_imgs/20260617-0336-bb4785/improved_fp4_cache/000000000124_1.png
improved_fp4_cache,000000000124,2,"the galaxy over the durdle door in winter, covered in snow",1.6709,hit,7514.6,/content/CS2309.CH201/results/notebook/qsbench_imgs/20260617-0336-bb4785/improved_fp4_cache/000000000124_2.png
improved_fp4_cache,000000000125,0,a close up of a blue flower lego on a light background,1.9614,miss,7514.1,/content/CS2309.CH201/results/notebook/qsbench_imgs/20260617-0336-bb4785/improved_fp4_cache/000000000125_0.png
improved_fp4_cache,000000000125,1,"a close up of a purple flower on a black background at night, dark lighting",1.6077,hit,7514.6,/content/CS2309.CH201/results/notebook/qsbench_imgs/20260617-0336-bb4785/improved_fp4_cache/000000000125_1.png
improved_fp4_cache,000000000125,2,"a close up of a purple flower on a black background in winter, covered in snow",1.6289,hit,7514.6,/content/CS2309.CH201/results/notebook/qsbench_imgs/20260617-0336-bb4785/improved_fp4_cache/000000000125_2.png
improved_fp4_cache,000000000126,0,an oil painting of a cat in kitchen,1.9568,miss,7514.1,/content/CS2309.CH201/results/notebook/qsbench_imgs/20260617-0336-bb4785/improved_fp4_cache/000000000126_0.png
improved_fp4_cache,000000000126,1,"a kitchen at night, dark lighting",1.6368,hit,7514.6,/content/CS2309.CH201/results/notebook/qsbench_imgs/20260617-0336-bb4785/improved_fp4_cache/000000000126_1.png
improved_fp4_cache,000000000126,2,"a kitchen in winter, covered in snow",1.7086,hit,7514.6,/content/CS2309.CH201/results/notebook/qsbench_imgs/20260617-0336-bb4785/improved_fp4_cache/000000000126_2.png
improved_fp4_cache,000000000127,0,a white boat with boxes is docked on a lake in the sunny day,1.9482,miss,7514.1,/content/CS2309.CH201/results/notebook/qsbench_imgs/20260617-0336-bb4785/improved_fp4_cache/000000000127_0.png
improved_fp4_cache,000000000127,1,"a boat is docked on a lake in the heavy fog at night, dark lighting",1.651,hit,7514.6,/content/CS2309.CH201/results/notebook/qsbench_imgs/20260617-0336-bb4785/improved_fp4_cache/000000000127_1.png
improved_fp4_cache,000000000127,2,"a boat is docked on a lake in the heavy fog in winter, covered in snow",1.6166,hit,7514.6,/content/CS2309.CH201/results/notebook/qsbench_imgs/20260617-0336-bb4785/improved_fp4_cache/000000000127_2.png
improved_fp4_cache,000000000128,0,watercolor painting of a cat sleeping with pink flowers with a light background,1.9574,miss,7514.1,/content/CS2309.CH201/results/notebook/qsbench_imgs/20260617-0336-bb4785/improved_fp4_cache/000000000128_0.png
improved_fp4_cache,000000000128,1,"cartoon painting of a fox sleeping with flowers with a gray background at night, dark lighting",1.6132,hit,7514.6,/content/CS2309.CH201/results/notebook/qsbench_imgs/20260617-0336-bb4785/improved_fp4_cache/000000000128_1.png
improved_fp4_cache,000000000128,2,"cartoon painting of a fox sleeping with flowers with a gray background in winter, covered in snow",1.5874,hit,7514.6,/content/CS2309.CH201/results/notebook/qsbench_imgs/20260617-0336-bb4785/improved_fp4_cache/000000000128_2.png
improved_fp4_cache,000000000129,0,a woman with blue makeup and a hat,2.0477,miss,7514.1,/content/CS2309.CH201/results/notebook/qsbench_imgs/20260617-0336-bb4785/improved_fp4_cache/000000000129_0.png
improved_fp4_cache,000000000129,1,"a woman with gold makeup at night, dark lighting",1.6152,hit,7514.6,/content/CS2309.CH201/results/notebook/qsbench_imgs/20260617-0336-bb4785/improved_fp4_cache/000000000129_1.png
improved_fp4_cache,000000000129,2,"a woman with gold makeup in winter, covered in snow",1.6247,hit,7514.6,/content/CS2309.CH201/results/notebook/qsbench_imgs/20260617-0336-bb4785/improved_fp4_cache/000000000129_2.png
improved_fp4_cache,000000000130,0,a toy figure of cat sitting on a rock,1.9408,miss,7514.1,/content/CS2309.CH201/results/notebook/qsbench_imgs/20260617-0336-bb4785/improved_fp4_cache/000000000130_0.png
improved_fp4_cache,000000000130,1,"a toy figure of naruto standing on a table at night, dark lighting",1.6009,hit,7514.6,/content/CS2309.CH201/results/notebook/qsbench_imgs/20260617-0336-bb4785/improved_fp4_cache/000000000130_1.png
improved_fp4_cache,000000000130,2,"a toy figure of naruto standing on a table in winter, covered in snow",1.6332,hit,7514.6,/content/CS2309.CH201/results/notebook/qsbench_imgs/20260617-0336-bb4785/improved_fp4_cache/000000000130_2.png
improved_fp4_cache,000000000131,0,a swan swimming in a pool with its wings under the water,1.9772,miss,7514.1,/content/CS2309.CH201/results/notebook/qsbench_imgs/20260617-0336-bb4785/improved_fp4_cache/000000000131_0.png
improved_fp4_cache,000000000131,1,"a swan swimming in a pond with its head out the water at night, dark lighting",1.6038,hit,7514.6,/content/CS2309.CH201/results/notebook/qsbench_imgs/20260617-0336-bb4785/improved_fp4_cache/000000000131_1.png
improved_fp4_cache,000000000131,2,"a swan swimming in a pond with its head out the water in winter, covered in snow",1.5903,hit,7514.6,/content/CS2309.CH201/results/notebook/qsbench_imgs/20260617-0336-bb4785/improved_fp4_cache/000000000131_2.png
improved_fp4_cache,000000000132,0,a little girl wearing hat and a gray dress leaning against a wall,1.9348,miss,7514.1,/content/CS2309.CH201/results/notebook/qsbench_imgs/20260617-0336-bb4785/improved_fp4_cache/000000000132_0.png
improved_fp4_cache,000000000132,1,"a little girl wearing sunglasses and a gray shirt leaning against a wall at night, dark lighting",1.6032,hit,7514.6,/content/CS2309.CH201/results/notebook/qsbench_imgs/20260617-0336-bb4785/improved_fp4_cache/000000000132_1.png
improved_fp4_cache,000000000132,2,"a little girl wearing sunglasses and a gray shirt leaning against a wall in winter, covered in snow",1.5901,hit,7514.6,/content/CS2309.CH201/results/notebook/qsbench_imgs/20260617-0336-bb4785/improved_fp4_cache/000000000132_2.png
improved_fp4_cache,000000000133,0,a white dog in the sky with a red background,1.9891,miss,7514.1,/content/CS2309.CH201/results/notebook/qsbench_imgs/20260617-0336-bb4785/improved_fp4_cache/000000000133_0.png
improved_fp4_cache,000000000133,1,"a lion in the sky with a blue background at night, dark lighting",1.6076,hit,7514.6,/content/CS2309.CH201/results/notebook/qsbench_imgs/20260617-0336-bb4785/improved_fp4_cache/000000000133_1.png
improved_fp4_cache,000000000133,2,"a lion in the sky with a blue background in winter, covered in snow",1.6127,hit,7514.6,/content/CS2309.CH201/results/notebook/qsbench_imgs/20260617-0336-bb4785/improved_fp4_cache/000000000133_2.png
improved_fp4_cache,000000000134,0,a red and white chicken flying in the pink sky,1.932,miss,7514.1,/content/CS2309.CH201/results/notebook/qsbench_imgs/20260617-0336-bb4785/improved_fp4_cache/000000000134_0.png
improved_fp4_cache,000000000134,1,"a black and white bird flying in the blue sky at night, dark lighting",1.5901,hit,7514.6,/content/CS2309.CH201/results/notebook/qsbench_imgs/20260617-0336-bb4785/improved_fp4_cache/000000000134_1.png
improved_fp4_cache,000000000134,2,"a black and white bird flying in the blue sky in winter, covered in snow",1.5979,hit,7514.6,/content/CS2309.CH201/results/notebook/qsbench_imgs/20260617-0336-bb4785/improved_fp4_cache/000000000134_2.png
improved_fp4_cache,000000000135,0,the two old people are sitting on boat with a fish,2.0105,miss,7514.1,/content/CS2309.CH201/results/notebook/qsbench_imgs/20260617-0336-bb4785/improved_fp4_cache/000000000135_0.png
improved_fp4_cache,000000000135,1,"the two people are standing on rocks with a fish at night, dark lighting",1.6181,hit,7514.6,/content/CS2309.CH201/results/notebook/qsbench_imgs/20260617-0336-bb4785/improved_fp4_cache/000000000135_1.png
improved_fp4_cache,000000000135,2,"the two people are standing on rocks with a fish in winter, covered in snow",1.5981,hit,7514.6,/content/CS2309.CH201/results/notebook/qsbench_imgs/20260617-0336-bb4785/improved_fp4_cache/000000000135_2.png
improved_fp4_cache,000000000136,0,a blue parrot sitting on a green branch,1.9276,miss,7514.1,/content/CS2309.CH201/results/notebook/qsbench_imgs/20260617-0336-bb4785/improved_fp4_cache/000000000136_0.png
improved_fp4_cache,000000000136,1,"a yellow bird sitting on a branch at night, dark lighting",1.6006,hit,7514.6,/content/CS2309.CH201/results/notebook/qsbench_imgs/20260617-0336-bb4785/improved_fp4_cache/000000000136_1.png
improved_fp4_cache,000000000136,2,"a yellow bird sitting on a branch in winter, covered in snow",1.6113,hit,7514.6,/content/CS2309.CH201/results/notebook/qsbench_imgs/20260617-0336-bb4785/improved_fp4_cache/000000000136_2.png
improved_fp4_cache,000000000137,0,a red pagoda in the heavy rain,1.9399,miss,7514.1,/content/CS2309.CH201/results/notebook/qsbench_imgs/20260617-0336-bb4785/improved_fp4_cache/000000000137_0.png
improved_fp4_cache,000000000137,1,"a golden pagoda in the snow at night, dark lighting",1.7122,hit,7514.6,/content/CS2309.CH201/results/notebook/qsbench_imgs/20260617-0336-bb4785/improved_fp4_cache/000000000137_1.png
improved_fp4_cache,000000000137,2,"a golden pagoda in the snow in winter, covered in snow",1.6324,hit,7514.6,/content/CS2309.CH201/results/notebook/qsbench_imgs/20260617-0336-bb4785/improved_fp4_cache/000000000137_2.png
improved_fp4_cache,000000000138,0,a white cat with a hat,1.9296,miss,7514.1,/content/CS2309.CH201/results/notebook/qsbench_imgs/20260617-0336-bb4785/improved_fp4_cache/000000000138_0.png
improved_fp4_cache,000000000138,1,"a cat at night, dark lighting",1.6313,hit,7514.6,/content/CS2309.CH201/results/notebook/qsbench_imgs/20260617-0336-bb4785/improved_fp4_cache/000000000138_1.png
improved_fp4_cache,000000000138,2,"a cat in winter, covered in snow",1.638,hit,7514.6,/content/CS2309.CH201/results/notebook/qsbench_imgs/20260617-0336-bb4785/improved_fp4_cache/000000000138_2.png
improved_fp4_cache,000000000139,0,a chicken sitting on a board near water,1.9318,miss,7514.1,/content/CS2309.CH201/results/notebook/qsbench_imgs/20260617-0336-bb4785/improved_fp4_cache/000000000139_0.png
improved_fp4_cache,000000000139,1,"a duck standing on a rock near water at night, dark lighting",1.6534,hit,7514.6,/content/CS2309.CH201/results/notebook/qsbench_imgs/20260617-0336-bb4785/improved_fp4_cache/000000000139_1.png
improved_fp4_cache,000000000139,2,"a duck standing on a rock near water in winter, covered in snow",1.609,hit,7514.6,/content/CS2309.CH201/results/notebook/qsbench_imgs/20260617-0336-bb4785/improved_fp4_cache/000000000139_2.png
improved_fp4_cache,111000000000,0,sharks and flowers in the ocean,1.9426,miss,7514.1,/content/CS2309.CH201/results/notebook/qsbench_imgs/20260617-0336-bb4785/improved_fp4_cache/111000000000_0.png
improved_fp4_cache,111000000000,1,"fishes and kelp in the ocean at night, dark lighting",1.6226,hit,7514.6,/content/CS2309.CH201/results/notebook/qsbench_imgs/20260617-0336-bb4785/improved_fp4_cache/111000000000_1.png
improved_fp4_cache,111000000000,2,"fishes and kelp in the ocean in winter, covered in snow",1.6249,hit,7514.6,/content/CS2309.CH201/results/notebook/qsbench_imgs/20260617-0336-bb4785/improved_fp4_cache/111000000000_2.png
improved_fp4_cache,111000000001,0,a tiger wearing a pink scarf,1.9694,miss,7514.1,/content/CS2309.CH201/results/notebook/qsbench_imgs/20260617-0336-bb4785/improved_fp4_cache/111000000001_0.png
improved_fp4_cache,111000000001,1,"a cat wearing a pink hat at night, dark lighting",1.6695,hit,7514.6,/content/CS2309.CH201/results/notebook/qsbench_imgs/20260617-0336-bb4785/improved_fp4_cache/111000000001_1.png
improved_fp4_cache,111000000001,2,"a cat wearing a pink hat in winter, covered in snow",1.6359,hit,7514.6,/content/CS2309.CH201/results/notebook/qsbench_imgs/20260617-0336-bb4785/improved_fp4_cache/111000000001_2.png
improved_fp4_cache,111000000002,0,a cute little marmot with big mouth,1.937,miss,7514.1,/content/CS2309.CH201/results/notebook/qsbench_imgs/20260617-0336-bb4785/improved_fp4_cache/111000000002_0.png
improved_fp4_cache,111000000002,1,"a cute little duck with big eyes at night, dark lighting",1.6297,hit,7514.6,/content/CS2309.CH201/results/notebook/qsbench_imgs/20260617-0336-bb4785/improved_fp4_cache/111000000002_1.png
improved_fp4_cache,111000000002,2,"a cute little duck with big eyes in winter, covered in snow",1.6332,hit,7514.6,/content/CS2309.CH201/results/notebook/qsbench_imgs/20260617-0336-bb4785/improved_fp4_cache/111000000002_2.png
improved_fp4_cache,111000000003,0,a cute little pig with big ears,1.9418,miss,7514.1,/content/CS2309.CH201/results/notebook/qsbench_imgs/20260617-0336-bb4785/improved_fp4_cache/111000000003_0.png
improved_fp4_cache,111000000003,1,"a cute little bunny with big eyes at night, dark lighting",1.6939,hit,7514.6,/content/CS2309.CH201/results/notebook/qsbench_imgs/20260617-0336-bb4785/improved_fp4_cache/111000000003_1.png
improved_fp4_cache,111000000003,2,"a cute little bunny with big eyes in winter, covered in snow",1.6583,hit,7514.6,/content/CS2309.CH201/results/notebook/qsbench_imgs/20260617-0336-bb4785/improved_fp4_cache/111000000003_2.png
improved_fp4_cache,111000000004,0,a cartoon painting of a cute cat with a circle on its body,1.9137,miss,7514.1,/content/CS2309.CH201/results/notebook/qsbench_imgs/20260617-0336-bb4785/improved_fp4_cache/111000000004_0.png
improved_fp4_cache,111000000004,1,"a cartoon painting of a cute owl with a heart on its body at night, dark lighting",1.6092,hit,7514.6,/content/CS2309.CH201/results/notebook/qsbench_imgs/20260617-0336-bb4785/improved_fp4_cache/111000000004_1.png
improved_fp4_cache,111000000004,2,"a cartoon painting of a cute owl with a heart on its body in winter, covered in snow",1.6033,hit,7514.6,/content/CS2309.CH201/results/notebook/qsbench_imgs/20260617-0336-bb4785/improved_fp4_cache/111000000004_2.png
improved_fp4_cache,111000000005,0,a boy and his monkey in a field,1.9427,miss,7514.1,/content/CS2309.CH201/results/notebook/qsbench_imgs/20260617-0336-bb4785/improved_fp4_cache/111000000005_0.png
improved_fp4_cache,111000000005,1,"a girl and her dog in a field at night, dark lighting",1.6385,hit,7514.6,/content/CS2309.CH201/results/notebook/qsbench_imgs/20260617-0336-bb4785/improved_fp4_cache/111000000005_1.png
improved_fp4_cache,111000000005,2,"a girl and her dog in a field in winter, covered in snow",1.6929,hit,7514.6,/content/CS2309.CH201/results/notebook/qsbench_imgs/20260617-0336-bb4785/improved_fp4_cache/111000000005_2.png
improved_fp4_cache,111000000006,0,dog on the table at night,1.9347,miss,7514.1,/content/CS2309.CH201/results/notebook/qsbench_imgs/20260617-0336-bb4785/improved_fp4_cache/111000000006_0.png
improved_fp4_cache,111000000006,1,"cat on the roof at night at night, dark lighting",1.5818,hit,7514.6,/content/CS2309.CH201/results/notebook/qsbench_imgs/20260617-0336-bb4785/improved_fp4_cache/111000000006_1.png
improved_fp4_cache,111000000006,2,"cat on the roof at night in winter, covered in snow",1.6323,hit,7514.6,/content/CS2309.CH201/results/notebook/qsbench_imgs/20260617-0336-bb4785/improved_fp4_cache/111000000006_2.png
improved_fp4_cache,111000000007,0,an illustration of a bear sitting on top of a grass,1.9414,miss,7514.1,/content/CS2309.CH201/results/notebook/qsbench_imgs/20260617-0336-bb4785/improved_fp4_cache/111000000007_0.png
improved_fp4_cache,111000000007,1,"an illustration of a cat sitting on top of a rock at night, dark lighting",1.5821,hit,7514.6,/content/CS2309.CH201/results/notebook/qsbench_imgs/20260617-0336-bb4785/improved_fp4_cache/111000000007_1.png
improved_fp4_cache,111000000007,2,"an illustration of a cat sitting on top of a rock in winter, covered in snow",1.6331,hit,7514.6,/content/CS2309.CH201/results/notebook/qsbench_imgs/20260617-0336-bb4785/improved_fp4_cache/111000000007_2.png
improved_fp4_cache,111000000008,0,a man wearing colorful sunglasses,1.9607,miss,7514.1,/content/CS2309.CH201/results/notebook/qsbench_imgs/20260617-0336-bb4785/improved_fp4_cache/111000000008_0.png
improved_fp4_cache,111000000008,1,"a monkey wearing colorful goggles at night, dark lighting",1.6028,hit,7514.6,/content/CS2309.CH201/results/notebook/qsbench_imgs/20260617-0336-bb4785/improved_fp4_cache/111000000008_1.png
improved_fp4_cache,111000000008,2,"a monkey wearing colorful goggles in winter, covered in snow",1.5955,hit,7514.6,/content/CS2309.CH201/results/notebook/qsbench_imgs/20260617-0336-bb4785/improved_fp4_cache/111000000008_2.png
improved_fp4_cache,111000000009,0,a painting of a pig with red tail,1.941,miss,7514.1,/content/CS2309.CH201/results/notebook/qsbench_imgs/20260617-0336-bb4785/improved_fp4_cache/111000000009_0.png
improved_fp4_cache,111000000009,1,"a painting of a rat with red eyes at night, dark lighting",1.6109,hit,7514.6,/content/CS2309.CH201/results/notebook/qsbench_imgs/20260617-0336-bb4785/improved_fp4_cache/111000000009_1.png
improved_fp4_cache,111000000009,2,"a painting of a rat with red eyes in winter, covered in snow",1.7018,hit,7514.6,/content/CS2309.CH201/results/notebook/qsbench_imgs/20260617-0336-bb4785/improved_fp4_cache/111000000009_2.png
improved_fp4_cache,112000000000,0,a painting of a man in green shirts,1.9175,miss,7514.1,/content/CS2309.CH201/results/notebook/qsbench_imgs/20260617-0336-bb4785/improved_fp4_cache/112000000000_0.png
improved_fp4_cache,112000000000,1,"a painting of a woman in green dress at night, dark lighting",1.5892,hit,7514.6,/content/CS2309.CH201/results/notebook/qsbench_imgs/20260617-0336-bb4785/improved_fp4_cache/112000000000_1.png
improved_fp4_cache,112000000000,2,"a painting of a woman in green dress in winter, covered in snow",1.6095,hit,7514.6,/content/CS2309.CH201/results/notebook/qsbench_imgs/20260617-0336-bb4785/improved_fp4_cache/112000000000_2.png
improved_fp4_cache,112000000001,0,a beautiful woman with pink coat and hat on head,1.9508,miss,7514.1,/content/CS2309.CH201/results/notebook/qsbench_imgs/20260617-0336-bb4785/improved_fp4_cache/112000000001_0.png
improved_fp4_cache,112000000001,1,"a beautiful woman with pink dress and garland on head at night, dark lighting",1.6166,hit,7514.6,/content/CS2309.CH201/results/notebook/qsbench_imgs/20260617-0336-bb4785/improved_fp4_cache/112000000001_1.png
improved_fp4_cache,112000000001,2,"a beautiful woman with pink dress and garland on head in winter, covered in snow",1.6103,hit,7514.6,/content/CS2309.CH201/results/notebook/qsbench_imgs/20260617-0336-bb4785/improved_fp4_cache/112000000001_2.png
improved_fp4_cache,112000000002,0,cartoon girl driving a taxi,1.9977,miss,7514.1,/content/CS2309.CH201/results/notebook/qsbench_imgs/20260617-0336-bb4785/improved_fp4_cache/112000000002_0.png
improved_fp4_cache,112000000002,1,"cartoon boy driving a car at night, dark lighting",1.5968,hit,7514.6,/content/CS2309.CH201/results/notebook/qsbench_imgs/20260617-0336-bb4785/improved_fp4_cache/112000000002_1.png
improved_fp4_cache,112000000002,2,"cartoon boy driving a car in winter, covered in snow",1.6264,hit,7514.6,/content/CS2309.CH201/results/notebook/qsbench_imgs/20260617-0336-bb4785/improved_fp4_cache/112000000002_2.png
improved_fp4_cache,112000000003,0,a girl with black hair and a white pants is holding a coffee,1.9116,miss,7514.1,/content/CS2309.CH201/results/notebook/qsbench_imgs/20260617-0336-bb4785/improved_fp4_cache/112000000003_0.png
improved_fp4_cache,112000000003,1,"a girl with black hair and a white shirt is holding a phone at night, dark lighting",1.6033,hit,7514.6,/content/CS2309.CH201/results/notebook/qsbench_imgs/20260617-0336-bb4785/improved_fp4_cache/112000000003_1.png
improved_fp4_cache,112000000003,2,"a girl with black hair and a white shirt is holding a phone in winter, covered in snow",1.616,hit,7514.6,/content/CS2309.CH201/results/notebook/qsbench_imgs/20260617-0336-bb4785/improved_fp4_cache/112000000003_2.png
improved_fp4_cache,112000000004,0,a cartoon boy sitting on a box,1.952,miss,7514.1,/content/CS2309.CH201/results/notebook/qsbench_imgs/20260617-0336-bb4785/improved_fp4_cache/112000000004_0.png
improved_fp4_cache,112000000004,1,"a cartoon girl sitting on a backpack at night, dark lighting",1.5868,hit,7514.6,/content/CS2309.CH201/results/notebook/qsbench_imgs/20260617-0336-bb4785/improved_fp4_cache/112000000004_1.png
improved_fp4_cache,112000000004,2,"a cartoon girl sitting on a backpack in winter, covered in snow",1.6,hit,7514.6,/content/CS2309.CH201/results/notebook/qsbench_imgs/20260617-0336-bb4785/improved_fp4_cache/112000000004_2.png
improved_fp4_cache,112000000005,0,a man standing under beautiful moon in the snow,1.9616,miss,7514.1,/content/CS2309.CH201/results/notebook/qsbench_imgs/20260617-0336-bb4785/improved_fp4_cache/112000000005_0.png
improved_fp4_cache,112000000005,1,"a woman standing under street light in the snow at night, dark lighting",1.6083,hit,7514.6,/content/CS2309.CH201/results/notebook/qsbench_imgs/20260617-0336-bb4785/improved_fp4_cache/112000000005_1.png
improved_fp4_cache,112000000005,2,"a woman standing under street light in the snow in winter, covered in snow",1.6218,hit,7514.6,/content/CS2309.CH201/results/notebook/qsbench_imgs/20260617-0336-bb4785/improved_fp4_cache/112000000005_2.png
improved_fp4_cache,112000000006,0,a cartoon man sitting at a bench with notebook,2.0136,miss,7514.1,/content/CS2309.CH201/results/notebook/qsbench_imgs/20260617-0336-bb4785/improved_fp4_cache/112000000006_0.png
improved_fp4_cache,112000000006,1,"a cartoon man sitting at a desk with laptop at night, dark lighting",1.6075,hit,7514.6,/content/CS2309.CH201/results/notebook/qsbench_imgs/20260617-0336-bb4785/improved_fp4_cache/112000000006_1.png
improved_fp4_cache,112000000006,2,"a cartoon man sitting at a desk with laptop in winter, covered in snow",1.641,hit,7514.6,/content/CS2309.CH201/results/notebook/qsbench_imgs/20260617-0336-bb4785/improved_fp4_cache/112000000006_2.png
improved_fp4_cache,112000000007,0,a woman with a scarf and crown in her hair,1.9258,miss,7514.1,/content/CS2309.CH201/results/notebook/qsbench_imgs/20260617-0336-bb4785/improved_fp4_cache/112000000007_0.png
improved_fp4_cache,112000000007,1,"a woman with a mask and flowers in her hair at night, dark lighting",1.598,hit,7514.6,/content/CS2309.CH201/results/notebook/qsbench_imgs/20260617-0336-bb4785/improved_fp4_cache/112000000007_1.png
improved_fp4_cache,112000000007,2,"a woman with a mask and flowers in her hair in winter, covered in snow",1.6216,hit,7514.6,/content/CS2309.CH201/results/notebook/qsbench_imgs/20260617-0336-bb4785/improved_fp4_cache/112000000007_2.png
improved_fp4_cache,112000000008,0,a painting of two man walking on the grass,1.9368,miss,7514.1,/content/CS2309.CH201/results/notebook/qsbench_imgs/20260617-0336-bb4785/improved_fp4_cache/112000000008_0.png
improved_fp4_cache,112000000008,1,"a painting of two women walking on the beach at night, dark lighting",1.6925,hit,7514.6,/content/CS2309.CH201/results/notebook/qsbench_imgs/20260617-0336-bb4785/improved_fp4_cache/112000000008_1.png
improved_fp4_cache,112000000008,2,"a painting of two women walking on the beach in winter, covered in snow",1.6031,hit,7514.6,/content/CS2309.CH201/results/notebook/qsbench_imgs/20260617-0336-bb4785/improved_fp4_cache/112000000008_2.png
improved_fp4_cache,112000000009,0,an demon with swords and a golden light,1.9499,miss,7514.1,/content/CS2309.CH201/results/notebook/qsbench_imgs/20260617-0336-bb4785/improved_fp4_cache/112000000009_0.png
improved_fp4_cache,112000000009,1,"an angel with wings and a golden light at night, dark lighting",1.6086,hit,7514.6,/content/CS2309.CH201/results/notebook/qsbench_imgs/20260617-0336-bb4785/improved_fp4_cache/112000000009_1.png
improved_fp4_cache,112000000009,2,"an angel with wings and a golden light in winter, covered in snow",1.5917,hit,7514.6,/content/CS2309.CH201/results/notebook/qsbench_imgs/20260617-0336-bb4785/improved_fp4_cache/112000000009_2.png
improved_fp4_cache,113000000000,0,a gold plated plate filled with candy,1.9598,miss,7514.1,/content/CS2309.CH201/results/notebook/qsbench_imgs/20260617-0336-bb4785/improved_fp4_cache/113000000000_0.png
improved_fp4_cache,113000000000,1,"a gold plated bowl filled with fruit at night, dark lighting",1.6818,hit,7514.6,/content/CS2309.CH201/results/notebook/qsbench_imgs/20260617-0336-bb4785/improved_fp4_cache/113000000000_1.png
improved_fp4_cache,113000000000,2,"a gold plated bowl filled with fruit in winter, covered in snow",1.6179,hit,7514.6,/content/CS2309.CH201/results/notebook/qsbench_imgs/20260617-0336-bb4785/improved_fp4_cache/113000000000_2.png
improved_fp4_cache,113000000001,0,a pear on the floor,1.9433,miss,7514.1,/content/CS2309.CH201/results/notebook/qsbench_imgs/20260617-0336-bb4785/improved_fp4_cache/113000000001_0.png
improved_fp4_cache,113000000001,1,"a pepper on the table at night, dark lighting",1.6004,hit,7514.6,/content/CS2309.CH201/results/notebook/qsbench_imgs/20260617-0336-bb4785/improved_fp4_cache/113000000001_1.png
improved_fp4_cache,113000000001,2,"a pepper on the table in winter, covered in snow",1.6301,hit,7514.6,/content/CS2309.CH201/results/notebook/qsbench_imgs/20260617-0336-bb4785/improved_fp4_cache/113000000001_2.png
improved_fp4_cache,113000000002,0,a plant sitting on a board near a window,1.9599,miss,7514.1,/content/CS2309.CH201/results/notebook/qsbench_imgs/20260617-0336-bb4785/improved_fp4_cache/113000000002_0.png
improved_fp4_cache,113000000002,1,"a vase sitting on a table near a window at night, dark lighting",1.6806,hit,7514.6,/content/CS2309.CH201/results/notebook/qsbench_imgs/20260617-0336-bb4785/improved_fp4_cache/113000000002_1.png
improved_fp4_cache,113000000002,2,"a vase sitting on a table near a window in winter, covered in snow",1.6154,hit,7514.6,/content/CS2309.CH201/results/notebook/qsbench_imgs/20260617-0336-bb4785/improved_fp4_cache/113000000002_2.png
improved_fp4_cache,113000000003,0,a icecream with a pink and blue stons,1.941,miss,7514.1,/content/CS2309.CH201/results/notebook/qsbench_imgs/20260617-0336-bb4785/improved_fp4_cache/113000000003_0.png
improved_fp4_cache,113000000003,1,"a cake with a pink and blue icing at night, dark lighting",1.64,hit,7514.6,/content/CS2309.CH201/results/notebook/qsbench_imgs/20260617-0336-bb4785/improved_fp4_cache/113000000003_1.png
improved_fp4_cache,113000000003,2,"a cake with a pink and blue icing in winter, covered in snow",1.6178,hit,7514.6,/content/CS2309.CH201/results/notebook/qsbench_imgs/20260617-0336-bb4785/improved_fp4_cache/113000000003_2.png
improved_fp4_cache,113000000004,0,a dog and frog in a fish bowl,1.9548,miss,7514.1,/content/CS2309.CH201/results/notebook/qsbench_imgs/20260617-0336-bb4785/improved_fp4_cache/113000000004_0.png
improved_fp4_cache,113000000004,1,"a cat and fish in a fish bowl at night, dark lighting",1.6915,hit,7514.6,/content/CS2309.CH201/results/notebook/qsbench_imgs/20260617-0336-bb4785/improved_fp4_cache/113000000004_1.png
improved_fp4_cache,113000000004,2,"a cat and fish in a fish bowl in winter, covered in snow",1.6668,hit,7514.6,/content/CS2309.CH201/results/notebook/qsbench_imgs/20260617-0336-bb4785/improved_fp4_cache/113000000004_2.png
improved_fp4_cache,113000000005,0,a sofa and umbrella,1.9437,miss,7514.1,/content/CS2309.CH201/results/notebook/qsbench_imgs/20260617-0336-bb4785/improved_fp4_cache/113000000005_0.png
improved_fp4_cache,113000000005,1,"a chair and lamp at night, dark lighting",1.6126,hit,7514.6,/content/CS2309.CH201/results/notebook/qsbench_imgs/20260617-0336-bb4785/improved_fp4_cache/113000000005_1.png
improved_fp4_cache,113000000005,2,"a chair and lamp in winter, covered in snow",1.6183,hit,7514.6,/content/CS2309.CH201/results/notebook/qsbench_imgs/20260617-0336-bb4785/improved_fp4_cache/113000000005_2.png
improved_fp4_cache,113000000006,0,a woman's hands is framed in a large painting on a wall,1.9263,miss,7514.1,/content/CS2309.CH201/results/notebook/qsbench_imgs/20260617-0336-bb4785/improved_fp4_cache/113000000006_0.png
improved_fp4_cache,113000000006,1,"a woman's face is framed in a large photo on a wall at night, dark lighting",1.5923,hit,7514.6,/content/CS2309.CH201/results/notebook/qsbench_imgs/20260617-0336-bb4785/improved_fp4_cache/113000000006_1.png
improved_fp4_cache,113000000006,2,"a woman's face is framed in a large photo on a wall in winter, covered in snow",1.6935,hit,7514.6,/content/CS2309.CH201/results/notebook/qsbench_imgs/20260617-0336-bb4785/improved_fp4_cache/113000000006_2.png
improved_fp4_cache,113000000007,0,a gold potted flower on a wooden bench,1.9444,miss,7514.1,/content/CS2309.CH201/results/notebook/qsbench_imgs/20260617-0336-bb4785/improved_fp4_cache/113000000007_0.png
improved_fp4_cache,113000000007,1,"a gold potted plant on a wooden table at night, dark lighting",1.5951,hit,7514.6,/content/CS2309.CH201/results/notebook/qsbench_imgs/20260617-0336-bb4785/improved_fp4_cache/113000000007_1.png
improved_fp4_cache,113000000007,2,"a gold potted plant on a wooden table in winter, covered in snow",1.5998,hit,7514.6,/content/CS2309.CH201/results/notebook/qsbench_imgs/20260617-0336-bb4785/improved_fp4_cache/113000000007_2.png
improved_fp4_cache,113000000008,0,a cake and saucer with a teaspoon and a knife,1.9443,miss,7514.1,/content/CS2309.CH201/results/notebook/qsbench_imgs/20260617-0336-bb4785/improved_fp4_cache/113000000008_0.png
improved_fp4_cache,113000000008,1,"a teacup and saucer with a spoon and a fork at night, dark lighting",1.6031,hit,7514.6,/content/CS2309.CH201/results/notebook/qsbench_imgs/20260617-0336-bb4785/improved_fp4_cache/113000000008_1.png
improved_fp4_cache,113000000008,2,"a teacup and saucer with a spoon and a fork in winter, covered in snow",1.6593,hit,7514.6,/content/CS2309.CH201/results/notebook/qsbench_imgs/20260617-0336-bb4785/improved_fp4_cache/113000000008_2.png
improved_fp4_cache,113000000009,0,a vase with roses and apples on a table,1.945,miss,7514.1,/content/CS2309.CH201/results/notebook/qsbench_imgs/20260617-0336-bb4785/improved_fp4_cache/113000000009_0.png
improved_fp4_cache,113000000009,1,"a vase with sunflowers and pears on a table at night, dark lighting",1.5922,hit,7514.6,/content/CS2309.CH201/results/notebook/qsbench_imgs/20260617-0336-bb4785/improved_fp4_cache/113000000009_1.png
improved_fp4_cache,113000000009,2,"a vase with sunflowers and pears on a table in winter, covered in snow",1.6131,hit,7514.6,/content/CS2309.CH201/results/notebook/qsbench_imgs/20260617-0336-bb4785/improved_fp4_cache/113000000009_2.png
improved_fp4_cache,114000000000,0,"stars, birds, and a sun over the ocean",1.9325,miss,7514.1,/content/CS2309.CH201/results/notebook/qsbench_imgs/20260617-0336-bb4785/improved_fp4_cache/114000000000_0.png
improved_fp4_cache,114000000000,1,"stars, coulds, and a moon over the ocean at night, dark lighting",1.5981,hit,7514.6,/content/CS2309.CH201/results/notebook/qsbench_imgs/20260617-0336-bb4785/improved_fp4_cache/114000000000_1.png
improved_fp4_cache,114000000000,2,"stars, coulds, and a moon over the ocean in winter, covered in snow",1.6845,hit,7514.6,/content/CS2309.CH201/results/notebook/qsbench_imgs/20260617-0336-bb4785/improved_fp4_cache/114000000000_2.png
improved_fp4_cache,114000000001,0,a cartoon rabbit playing tennis on a green field,1.936,miss,7514.1,/content/CS2309.CH201/results/notebook/qsbench_imgs/20260617-0336-bb4785/improved_fp4_cache/114000000001_0.png
improved_fp4_cache,114000000001,1,"a cartoon bear playing golf on a green field at night, dark lighting",1.598,hit,7514.6,/content/CS2309.CH201/results/notebook/qsbench_imgs/20260617-0336-bb4785/improved_fp4_cache/114000000001_1.png
improved_fp4_cache,114000000001,2,"a cartoon bear playing golf on a green field in winter, covered in snow",1.6261,hit,7514.6,/content/CS2309.CH201/results/notebook/qsbench_imgs/20260617-0336-bb4785/improved_fp4_cache/114000000001_2.png
improved_fp4_cache,114000000002,0,a painting of a church and clouds in the middle of a lake,1.9441,miss,7514.1,/content/CS2309.CH201/results/notebook/qsbench_imgs/20260617-0336-bb4785/improved_fp4_cache/114000000002_0.png
improved_fp4_cache,114000000002,1,"a painting of a castle and trees in the middle of a lake at night, dark lighting",1.6293,hit,7514.6,/content/CS2309.CH201/results/notebook/qsbench_imgs/20260617-0336-bb4785/improved_fp4_cache/114000000002_1.png
improved_fp4_cache,114000000002,2,"a painting of a castle and trees in the middle of a lake in winter, covered in snow",1.5992,hit,7514.6,/content/CS2309.CH201/results/notebook/qsbench_imgs/20260617-0336-bb4785/improved_fp4_cache/114000000002_2.png
improved_fp4_cache,114000000003,0,a motorcycle with colorful wheels is parked on the street,2.0063,miss,7514.1,/content/CS2309.CH201/results/notebook/qsbench_imgs/20260617-0336-bb4785/improved_fp4_cache/114000000003_0.png
improved_fp4_cache,114000000003,1,"a car with colorful car cover is parked on the street at night, dark lighting",1.6155,hit,7514.6,/content/CS2309.CH201/results/notebook/qsbench_imgs/20260617-0336-bb4785/improved_fp4_cache/114000000003_1.png
improved_fp4_cache,114000000003,2,"a car with colorful car cover is parked on the street in winter, covered in snow",1.6071,hit,7514.6,/content/CS2309.CH201/results/notebook/qsbench_imgs/20260617-0336-bb4785/improved_fp4_cache/114000000003_2.png
improved_fp4_cache,114000000004,0,a blue box with a reflection of ship in the water,1.9341,miss,7514.1,/content/CS2309.CH201/results/notebook/qsbench_imgs/20260617-0336-bb4785/improved_fp4_cache/114000000004_0.png
improved_fp4_cache,114000000004,1,"a blue pyramid with a reflection of mountains in the water at night, dark lighting",1.5978,hit,7514.6,/content/CS2309.CH201/results/notebook/qsbench_imgs/20260617-0336-bb4785/improved_fp4_cache/114000000004_1.png
improved_fp4_cache,114000000004,2,"a blue pyramid with a reflection of mountains in the water in winter, covered in snow",1.5963,hit,7514.6,/content/CS2309.CH201/results/notebook/qsbench_imgs/20260617-0336-bb4785/improved_fp4_cache/114000000004_2.png
improved_fp4_cache,114000000005,0,a monster and cats in the woods,1.9846,miss,7514.1,/content/CS2309.CH201/results/notebook/qsbench_imgs/20260617-0336-bb4785/improved_fp4_cache/114000000005_0.png
improved_fp4_cache,114000000005,1,"a house and people in the woods at night, dark lighting",1.6174,hit,7514.6,/content/CS2309.CH201/results/notebook/qsbench_imgs/20260617-0336-bb4785/improved_fp4_cache/114000000005_1.png
improved_fp4_cache,114000000005,2,"a house and people in the woods in winter, covered in snow",1.6059,hit,7514.6,/content/CS2309.CH201/results/notebook/qsbench_imgs/20260617-0336-bb4785/improved_fp4_cache/114000000005_2.png
improved_fp4_cache,114000000006,0,a small castle on an island in the middle of magma,1.9403,miss,7514.1,/content/CS2309.CH201/results/notebook/qsbench_imgs/20260617-0336-bb4785/improved_fp4_cache/114000000006_0.png
improved_fp4_cache,114000000006,1,"a small cabin on an island in the middle of lake at night, dark lighting",1.6321,hit,7514.6,/content/CS2309.CH201/results/notebook/qsbench_imgs/20260617-0336-bb4785/improved_fp4_cache/114000000006_1.png
improved_fp4_cache,114000000006,2,"a small cabin on an island in the middle of lake in winter, covered in snow",1.6375,hit,7514.6,/content/CS2309.CH201/results/notebook/qsbench_imgs/20260617-0336-bb4785/improved_fp4_cache/114000000006_2.png
improved_fp4_cache,114000000007,0,a woman in a coat standing in front of a eagle,1.9873,miss,7514.1,/content/CS2309.CH201/results/notebook/qsbench_imgs/20260617-0336-bb4785/improved_fp4_cache/114000000007_0.png
improved_fp4_cache,114000000007,1,"a woman in a dress standing in front of a spaceship at night, dark lighting",1.6017,hit,7514.6,/content/CS2309.CH201/results/notebook/qsbench_imgs/20260617-0336-bb4785/improved_fp4_cache/114000000007_1.png
improved_fp4_cache,114000000007,2,"a woman in a dress standing in front of a spaceship in winter, covered in snow",1.6117,hit,7514.6,/content/CS2309.CH201/results/notebook/qsbench_imgs/20260617-0336-bb4785/improved_fp4_cache/114000000007_2.png
improved_fp4_cache,114000000008,0,a futuristic city with rocket and cats walking in the street,1.9552,miss,7514.1,/content/CS2309.CH201/results/notebook/qsbench_imgs/20260617-0336-bb4785/improved_fp4_cache/114000000008_0.png
improved_fp4_cache,114000000008,1,"a futuristic city with cars and people walking in the street at night, dark lighting",1.649,hit,7514.6,/content/CS2309.CH201/results/notebook/qsbench_imgs/20260617-0336-bb4785/improved_fp4_cache/114000000008_1.png
improved_fp4_cache,114000000008,2,"a futuristic city with cars and people walking in the street in winter, covered in snow",1.609,hit,7514.6,/content/CS2309.CH201/results/notebook/qsbench_imgs/20260617-0336-bb4785/improved_fp4_cache/114000000008_2.png
improved_fp4_cache,114000000009,0,the jungle with a star river and flowers,2.0117,miss,7514.1,/content/CS2309.CH201/results/notebook/qsbench_imgs/20260617-0336-bb4785/improved_fp4_cache/114000000009_0.png
improved_fp4_cache,114000000009,1,"the jungle with a beautiful waterfall and plants at night, dark lighting",1.6503,hit,7514.6,/content/CS2309.CH201/results/notebook/qsbench_imgs/20260617-0336-bb4785/improved_fp4_cache/114000000009_1.png
improved_fp4_cache,114000000009,2,"the jungle with a beautiful waterfall and plants in winter, covered in snow",1.6073,hit,7514.6,/content/CS2309.CH201/results/notebook/qsbench_imgs/20260617-0336-bb4785/improved_fp4_cache/114000000009_2.png
improved_fp4_cache,121000000000,0,an orange dog play with a black and white ball in the grass,1.9375,miss,7514.1,/content/CS2309.CH201/results/notebook/qsbench_imgs/20260617-0336-bb4785/improved_fp4_cache/121000000000_0.png
improved_fp4_cache,121000000000,1,"an orange cat play with a black and white cat in the grass at night, dark lighting",1.6174,hit,7514.6,/content/CS2309.CH201/results/notebook/qsbench_imgs/20260617-0336-bb4785/improved_fp4_cache/121000000000_1.png
improved_fp4_cache,121000000000,2,"an orange cat play with a black and white cat in the grass in winter, covered in snow",1.6536,hit,7514.6,/content/CS2309.CH201/results/notebook/qsbench_imgs/20260617-0336-bb4785/improved_fp4_cache/121000000000_2.png
improved_fp4_cache,121000000001,0,a tiger sitting next to a window,2.0126,miss,7514.1,/content/CS2309.CH201/results/notebook/qsbench_imgs/20260617-0336-bb4785/improved_fp4_cache/121000000001_0.png
improved_fp4_cache,121000000001,1,"a cat sitting next to a mirror at night, dark lighting",1.6155,hit,7514.6,/content/CS2309.CH201/results/notebook/qsbench_imgs/20260617-0336-bb4785/improved_fp4_cache/121000000001_1.png
improved_fp4_cache,121000000001,2,"a cat sitting next to a mirror in winter, covered in snow",1.6011,hit,7514.6,/content/CS2309.CH201/results/notebook/qsbench_imgs/20260617-0336-bb4785/improved_fp4_cache/121000000001_2.png
improved_fp4_cache,121000000002,0,a zebra with long tail in a grass field,1.9541,miss,7514.1,/content/CS2309.CH201/results/notebook/qsbench_imgs/20260617-0336-bb4785/improved_fp4_cache/121000000002_0.png
improved_fp4_cache,121000000002,1,"a horse with long hair in a grass field at night, dark lighting",1.6261,hit,7514.6,/content/CS2309.CH201/results/notebook/qsbench_imgs/20260617-0336-bb4785/improved_fp4_cache/121000000002_1.png
improved_fp4_cache,121000000002,2,"a horse with long hair in a grass field in winter, covered in snow",1.6293,hit,7514.6,/content/CS2309.CH201/results/notebook/qsbench_imgs/20260617-0336-bb4785/improved_fp4_cache/121000000002_2.png
improved_fp4_cache,121000000003,0,a white rat is walking on the grass,1.9771,miss,7514.1,/content/CS2309.CH201/results/notebook/qsbench_imgs/20260617-0336-bb4785/improved_fp4_cache/121000000003_0.png
improved_fp4_cache,121000000003,1,"a white bulldog is walking on the grass at night, dark lighting",1.6884,hit,7514.6,/content/CS2309.CH201/results/notebook/qsbench_imgs/20260617-0336-bb4785/improved_fp4_cache/121000000003_1.png
improved_fp4_cache,121000000003,2,"a white bulldog is walking on the grass in winter, covered in snow",1.6147,hit,7514.6,/content/CS2309.CH201/results/notebook/qsbench_imgs/20260617-0336-bb4785/improved_fp4_cache/121000000003_2.png
improved_fp4_cache,121000000004,0,a blue and white butterfly sits on a flower,1.9324,miss,7514.1,/content/CS2309.CH201/results/notebook/qsbench_imgs/20260617-0336-bb4785/improved_fp4_cache/121000000004_0.png
improved_fp4_cache,121000000004,1,"a blue and white bird sits on a branch at night, dark lighting",1.5862,hit,7514.6,/content/CS2309.CH201/results/notebook/qsbench_imgs/20260617-0336-bb4785/improved_fp4_cache/121000000004_1.png
improved_fp4_cache,121000000004,2,"a blue and white bird sits on a branch in winter, covered in snow",1.6042,hit,7514.6,/content/CS2309.CH201/results/notebook/qsbench_imgs/20260617-0336-bb4785/improved_fp4_cache/121000000004_2.png
improved_fp4_cache,121000000005,0,a rabbit is sitting on top of a wooden desk,1.9318,miss,7514.1,/content/CS2309.CH201/results/notebook/qsbench_imgs/20260617-0336-bb4785/improved_fp4_cache/121000000005_0.png
improved_fp4_cache,121000000005,1,"a squirrel is sitting on top of a wooden fence at night, dark lighting",1.6646,hit,7514.6,/content/CS2309.CH201/results/notebook/qsbench_imgs/20260617-0336-bb4785/improved_fp4_cache/121000000005_1.png
improved_fp4_cache,121000000005,2,"a squirrel is sitting on top of a wooden fence in winter, covered in snow",1.5987,hit,7514.6,/content/CS2309.CH201/results/notebook/qsbench_imgs/20260617-0336-bb4785/improved_fp4_cache/121000000005_2.png
improved_fp4_cache,121000000006,0,a wolf sitting on the board with a body of water in the background,1.9417,miss,7514.1,/content/CS2309.CH201/results/notebook/qsbench_imgs/20260617-0336-bb4785/improved_fp4_cache/121000000006_0.png
improved_fp4_cache,121000000006,1,"a dog sitting on the beach with a body of water in the background at night, dark lighting",1.5885,hit,7514.6,/content/CS2309.CH201/results/notebook/qsbench_imgs/20260617-0336-bb4785/improved_fp4_cache/121000000006_1.png
improved_fp4_cache,121000000006,2,"a dog sitting on the beach with a body of water in the background in winter, covered in snow",1.6008,hit,7514.6,/content/CS2309.CH201/results/notebook/qsbench_imgs/20260617-0336-bb4785/improved_fp4_cache/121000000006_2.png
improved_fp4_cache,121000000007,0,a fluffy panda with yellow mouth sitting on a wooden floor,1.9478,miss,7514.1,/content/CS2309.CH201/results/notebook/qsbench_imgs/20260617-0336-bb4785/improved_fp4_cache/121000000007_0.png
improved_fp4_cache,121000000007,1,"a fluffy cat with yellow eyes sitting on a wooden floor at night, dark lighting",1.6359,hit,7514.6,/content/CS2309.CH201/results/notebook/qsbench_imgs/20260617-0336-bb4785/improved_fp4_cache/121000000007_1.png
improved_fp4_cache,121000000007,2,"a fluffy cat with yellow eyes sitting on a wooden floor in winter, covered in snow",1.601,hit,7514.6,/content/CS2309.CH201/results/notebook/qsbench_imgs/20260617-0336-bb4785/improved_fp4_cache/121000000007_2.png
improved_fp4_cache,121000000008,0,a parrot on a flower in the garden,1.9419,miss,7514.1,/content/CS2309.CH201/results/notebook/qsbench_imgs/20260617-0336-bb4785/improved_fp4_cache/121000000008_0.png
improved_fp4_cache,121000000008,1,"a butterfly on a leaf in the garden at night, dark lighting",1.6268,hit,7514.6,/content/CS2309.CH201/results/notebook/qsbench_imgs/20260617-0336-bb4785/improved_fp4_cache/121000000008_1.png
improved_fp4_cache,121000000008,2,"a butterfly on a leaf in the garden in winter, covered in snow",1.6299,hit,7514.6,/content/CS2309.CH201/results/notebook/qsbench_imgs/20260617-0336-bb4785/improved_fp4_cache/121000000008_2.png
improved_fp4_cache,121000000009,0,a owl is standing on top of a diamond,1.9238,miss,7514.1,/content/CS2309.CH201/results/notebook/qsbench_imgs/20260617-0336-bb4785/improved_fp4_cache/121000000009_0.png
improved_fp4_cache,121000000009,1,"a bird is standing on top of a rock at night, dark lighting",1.6535,hit,7514.6,/content/CS2309.CH201/results/notebook/qsbench_imgs/20260617-0336-bb4785/improved_fp4_cache/121000000009_1.png
improved_fp4_cache,121000000009,2,"a bird is standing on top of a rock in winter, covered in snow",1.6562,hit,7514.6,/content/CS2309.CH201/results/notebook/qsbench_imgs/20260617-0336-bb4785/improved_fp4_cache/121000000009_2.png
improved_fp4_cache,122000000000,0,a photo of robots wearing dress dancing together,1.9573,miss,7514.1,/content/CS2309.CH201/results/notebook/qsbench_imgs/20260617-0336-bb4785/improved_fp4_cache/122000000000_0.png
improved_fp4_cache,122000000000,1,"a photo of couples wearing shirts dancing together at night, dark lighting",1.6346,hit,7514.6,/content/CS2309.CH201/results/notebook/qsbench_imgs/20260617-0336-bb4785/improved_fp4_cache/122000000000_1.png
improved_fp4_cache,122000000000,2,"a photo of couples wearing shirts dancing together in winter, covered in snow",1.6294,hit,7514.6,/content/CS2309.CH201/results/notebook/qsbench_imgs/20260617-0336-bb4785/improved_fp4_cache/122000000000_2.png
improved_fp4_cache,122000000001,0,robot on the desk,1.952,miss,7514.1,/content/CS2309.CH201/results/notebook/qsbench_imgs/20260617-0336-bb4785/improved_fp4_cache/122000000001_0.png
improved_fp4_cache,122000000001,1,"spiderman on the roof at night, dark lighting",1.644,hit,7514.6,/content/CS2309.CH201/results/notebook/qsbench_imgs/20260617-0336-bb4785/improved_fp4_cache/122000000001_1.png
improved_fp4_cache,122000000001,2,"spiderman on the roof in winter, covered in snow",1.6727,hit,7514.6,/content/CS2309.CH201/results/notebook/qsbench_imgs/20260617-0336-bb4785/improved_fp4_cache/122000000001_2.png
improved_fp4_cache,122000000002,0,a woman in a shirt holding a phone,1.9444,miss,7514.1,/content/CS2309.CH201/results/notebook/qsbench_imgs/20260617-0336-bb4785/improved_fp4_cache/122000000002_0.png
improved_fp4_cache,122000000002,1,"a woman in a coat holding a camera at night, dark lighting",1.6376,hit,7514.6,/content/CS2309.CH201/results/notebook/qsbench_imgs/20260617-0336-bb4785/improved_fp4_cache/122000000002_1.png
improved_fp4_cache,122000000002,2,"a woman in a coat holding a camera in winter, covered in snow",1.6198,hit,7514.6,/content/CS2309.CH201/results/notebook/qsbench_imgs/20260617-0336-bb4785/improved_fp4_cache/122000000002_2.png
improved_fp4_cache,122000000003,0,a woman wearing hat sitting in the grass with a ipad,1.9535,miss,7514.1,/content/CS2309.CH201/results/notebook/qsbench_imgs/20260617-0336-bb4785/improved_fp4_cache/122000000003_0.png
improved_fp4_cache,122000000003,1,"a woman wearing sunglasses sitting in the grass with a book at night, dark lighting",1.6253,hit,7514.6,/content/CS2309.CH201/results/notebook/qsbench_imgs/20260617-0336-bb4785/improved_fp4_cache/122000000003_1.png
improved_fp4_cache,122000000003,2,"a woman wearing sunglasses sitting in the grass with a book in winter, covered in snow",1.66,hit,7514.6,/content/CS2309.CH201/results/notebook/qsbench_imgs/20260617-0336-bb4785/improved_fp4_cache/122000000003_2.png
improved_fp4_cache,122000000004,0,a woman in black coat leaning against a wall,1.9286,miss,7514.1,/content/CS2309.CH201/results/notebook/qsbench_imgs/20260617-0336-bb4785/improved_fp4_cache/122000000004_0.png
improved_fp4_cache,122000000004,1,"a woman in black dress leaning against a car at night, dark lighting",1.6116,hit,7514.6,/content/CS2309.CH201/results/notebook/qsbench_imgs/20260617-0336-bb4785/improved_fp4_cache/122000000004_1.png
improved_fp4_cache,122000000004,2,"a woman in black dress leaning against a car in winter, covered in snow",1.6163,hit,7514.6,/content/CS2309.CH201/results/notebook/qsbench_imgs/20260617-0336-bb4785/improved_fp4_cache/122000000004_2.png
improved_fp4_cache,122000000005,0,a woman sitting on a sofa using her ipad,1.9359,miss,7514.1,/content/CS2309.CH201/results/notebook/qsbench_imgs/20260617-0336-bb4785/improved_fp4_cache/122000000005_0.png
improved_fp4_cache,122000000005,1,"a woman sitting on a bench using her phone at night, dark lighting",1.6074,hit,7514.6,/content/CS2309.CH201/results/notebook/qsbench_imgs/20260617-0336-bb4785/improved_fp4_cache/122000000005_1.png
improved_fp4_cache,122000000005,2,"a woman sitting on a bench using her phone in winter, covered in snow",1.6486,hit,7514.6,/content/CS2309.CH201/results/notebook/qsbench_imgs/20260617-0336-bb4785/improved_fp4_cache/122000000005_2.png
improved_fp4_cache,122000000006,0,an old man playing an electric bass on a street,1.9309,miss,7514.1,/content/CS2309.CH201/results/notebook/qsbench_imgs/20260617-0336-bb4785/improved_fp4_cache/122000000006_0.png
improved_fp4_cache,122000000006,1,"an old man playing an electric guitar on a street at night, dark lighting",1.6114,hit,7514.6,/content/CS2309.CH201/results/notebook/qsbench_imgs/20260617-0336-bb4785/improved_fp4_cache/122000000006_1.png
improved_fp4_cache,122000000006,2,"an old man playing an electric guitar on a street in winter, covered in snow",1.6248,hit,7514.6,/content/CS2309.CH201/results/notebook/qsbench_imgs/20260617-0336-bb4785/improved_fp4_cache/122000000006_2.png
improved_fp4_cache,122000000007,0,a girl sitting in a blue rock near a waterfall,1.9373,miss,7514.1,/content/CS2309.CH201/results/notebook/qsbench_imgs/20260617-0336-bb4785/improved_fp4_cache/122000000007_0.png
improved_fp4_cache,122000000007,1,"a woman sitting in a folding chair near a waterfall at night, dark lighting",1.6411,hit,7514.6,/content/CS2309.CH201/results/notebook/qsbench_imgs/20260617-0336-bb4785/improved_fp4_cache/122000000007_1.png
improved_fp4_cache,122000000007,2,"a woman sitting in a folding chair near a waterfall in winter, covered in snow",1.6831,hit,7514.6,/content/CS2309.CH201/results/notebook/qsbench_imgs/20260617-0336-bb4785/improved_fp4_cache/122000000007_2.png
improved_fp4_cache,122000000008,0,a man and a cow,1.9647,miss,7514.1,/content/CS2309.CH201/results/notebook/qsbench_imgs/20260617-0336-bb4785/improved_fp4_cache/122000000008_0.png
improved_fp4_cache,122000000008,1,"a woman and a horse at night, dark lighting",1.6259,hit,7514.6,/content/CS2309.CH201/results/notebook/qsbench_imgs/20260617-0336-bb4785/improved_fp4_cache/122000000008_1.png
improved_fp4_cache,122000000008,2,"a woman and a horse in winter, covered in snow",1.6427,hit,7514.6,/content/CS2309.CH201/results/notebook/qsbench_imgs/20260617-0336-bb4785/improved_fp4_cache/122000000008_2.png
improved_fp4_cache,122000000009,0,"a woman sitting at a bar with a glass of milk, with a mushroom on the table",1.9486,miss,7514.1,/content/CS2309.CH201/results/notebook/qsbench_imgs/20260617-0336-bb4785/improved_fp4_cache/122000000009_0.png
improved_fp4_cache,122000000009,1,"a woman sitting at a bar with a glass of wine, with a lamp on the table at night, dark lighting",1.626,hit,7514.6,/content/CS2309.CH201/results/notebook/qsbench_imgs/20260617-0336-bb4785/improved_fp4_cache/122000000009_1.png
improved_fp4_cache,122000000009,2,"a woman sitting at a bar with a glass of wine, with a lamp on the table in winter, covered in snow",1.6087,hit,7514.6,/content/CS2309.CH201/results/notebook/qsbench_imgs/20260617-0336-bb4785/improved_fp4_cache/122000000009_2.png
