config,job_id,prompt_idx,edit_p,runtime_s,cache,vram_mb,out_path
baseline_fp32,000000000000,0,a slanted rusty mountain motorcycle in front of a fence,2.4799,off,14605.6,/content/CS2309.CH201/results/notebook/qsbench_imgs/20260614-1644-fa0711/baseline_fp32/000000000000_0.png
baseline_fp32,000000000000,1,"a slanted mountain bicycle on the road in front of a building at night, dark lighting",2.4873,off,14605.6,/content/CS2309.CH201/results/notebook/qsbench_imgs/20260614-1644-fa0711/baseline_fp32/000000000000_1.png
baseline_fp32,000000000000,2,"a slanted mountain bicycle on the road in front of a building in winter, covered in snow",2.4948,off,14605.6,/content/CS2309.CH201/results/notebook/qsbench_imgs/20260614-1644-fa0711/baseline_fp32/000000000000_2.png
baseline_fp32,000000000001,0,a square cake with strawberry frosting on a plastic plate,2.5018,off,14605.6,/content/CS2309.CH201/results/notebook/qsbench_imgs/20260614-1644-fa0711/baseline_fp32/000000000001_0.png
baseline_fp32,000000000001,1,"a round cake with orange frosting on a wooden plate at night, dark lighting",2.5309,off,14605.6,/content/CS2309.CH201/results/notebook/qsbench_imgs/20260614-1644-fa0711/baseline_fp32/000000000001_1.png
baseline_fp32,000000000001,2,"a round cake with orange frosting on a wooden plate in winter, covered in snow",2.5535,off,14605.6,/content/CS2309.CH201/results/notebook/qsbench_imgs/20260614-1644-fa0711/baseline_fp32/000000000001_2.png
baseline_fp32,000000000002,0,a red dog with flowers in mouth standing on a metal chair,2.5711,off,14605.6,/content/CS2309.CH201/results/notebook/qsbench_imgs/20260614-1644-fa0711/baseline_fp32/000000000002_0.png
baseline_fp32,000000000002,1,"a cat sitting on a wooden chair at night, dark lighting",2.569,off,14605.6,/content/CS2309.CH201/results/notebook/qsbench_imgs/20260614-1644-fa0711/baseline_fp32/000000000002_1.png
baseline_fp32,000000000002,2,"a cat sitting on a wooden chair in winter, covered in snow",2.5926,off,14605.6,/content/CS2309.CH201/results/notebook/qsbench_imgs/20260614-1644-fa0711/baseline_fp32/000000000002_2.png
baseline_fp32,000000000003,0,"blue light, a black and white dog is playing with a yellow ball",2.5954,off,14605.6,/content/CS2309.CH201/results/notebook/qsbench_imgs/20260614-1644-fa0711/baseline_fp32/000000000003_0.png
baseline_fp32,000000000003,1,"blue light, a black and white cat is playing with a flower at night, dark lighting",2.6408,off,14605.6,/content/CS2309.CH201/results/notebook/qsbench_imgs/20260614-1644-fa0711/baseline_fp32/000000000003_1.png
baseline_fp32,000000000003,2,"blue light, a black and white cat is playing with a flower in winter, covered in snow",2.6227,off,14605.6,/content/CS2309.CH201/results/notebook/qsbench_imgs/20260614-1644-fa0711/baseline_fp32/000000000003_2.png
baseline_fp32,000000000004,0,a silver cat sculpture standing next to a mirror,2.6375,off,14605.6,/content/CS2309.CH201/results/notebook/qsbench_imgs/20260614-1644-fa0711/baseline_fp32/000000000004_0.png
baseline_fp32,000000000004,1,"a cat sitting next to a mirror at night, dark lighting",2.6475,off,14605.6,/content/CS2309.CH201/results/notebook/qsbench_imgs/20260614-1644-fa0711/baseline_fp32/000000000004_1.png
baseline_fp32,000000000004,2,"a cat sitting next to a mirror in winter, covered in snow",2.6377,off,14605.6,/content/CS2309.CH201/results/notebook/qsbench_imgs/20260614-1644-fa0711/baseline_fp32/000000000004_2.png
baseline_fp32,000000000005,0,an white cat and a dog standing on top of a fence,2.6226,off,14605.6,/content/CS2309.CH201/results/notebook/qsbench_imgs/20260614-1644-fa0711/baseline_fp32/000000000005_0.png
baseline_fp32,000000000005,1,"an orange cat sitting on top of a fence at night, dark lighting",2.5973,off,14605.6,/content/CS2309.CH201/results/notebook/qsbench_imgs/20260614-1644-fa0711/baseline_fp32/000000000005_1.png
baseline_fp32,000000000005,2,"an orange cat sitting on top of a fence in winter, covered in snow",2.5692,off,14605.6,/content/CS2309.CH201/results/notebook/qsbench_imgs/20260614-1644-fa0711/baseline_fp32/000000000005_2.png
baseline_fp32,000000000006,0,a yellow cup of milk with drawing of rose putted on the wooden table,2.5522,off,14605.6,/content/CS2309.CH201/results/notebook/qsbench_imgs/20260614-1644-fa0711/baseline_fp32/000000000006_0.png
baseline_fp32,000000000006,1,"a cup of coffee with drawing of tulip putted on the wooden table at night, dark lighting",2.5497,off,14605.6,/content/CS2309.CH201/results/notebook/qsbench_imgs/20260614-1644-fa0711/baseline_fp32/000000000006_1.png
baseline_fp32,000000000006,2,"a cup of coffee with drawing of tulip putted on the wooden table in winter, covered in snow",2.5382,off,14605.6,/content/CS2309.CH201/results/notebook/qsbench_imgs/20260614-1644-fa0711/baseline_fp32/000000000006_2.png
baseline_fp32,000000000007,0,a white german shepherd dog sits on the grass with big mouth opened,2.5257,off,14605.6,/content/CS2309.CH201/results/notebook/qsbench_imgs/20260614-1644-fa0711/baseline_fp32/000000000007_0.png
baseline_fp32,000000000007,1,"a german shepherd dog stands on the grass with mouth closed at night, dark lighting",2.5136,off,14605.6,/content/CS2309.CH201/results/notebook/qsbench_imgs/20260614-1644-fa0711/baseline_fp32/000000000007_1.png
baseline_fp32,000000000007,2,"a german shepherd dog stands on the grass with mouth closed in winter, covered in snow",2.5095,off,14605.6,/content/CS2309.CH201/results/notebook/qsbench_imgs/20260614-1644-fa0711/baseline_fp32/000000000007_2.png
baseline_fp32,000000000008,0,a black german shepherd holding a rose standing on the ground in front of fence,2.5038,off,14605.6,/content/CS2309.CH201/results/notebook/qsbench_imgs/20260614-1644-fa0711/baseline_fp32/000000000008_0.png
baseline_fp32,000000000008,1,"a golden retriever holding a tulip sitting on the ground in front of fence at night, dark lighting",2.4989,off,14605.6,/content/CS2309.CH201/results/notebook/qsbench_imgs/20260614-1644-fa0711/baseline_fp32/000000000008_1.png
baseline_fp32,000000000008,2,"a golden retriever holding a tulip sitting on the ground in front of fence in winter, covered in snow",2.5002,off,14605.6,/content/CS2309.CH201/results/notebook/qsbench_imgs/20260614-1644-fa0711/baseline_fp32/000000000008_2.png
baseline_fp32,000000000009,0,Painting of a lion laying down on a blue background,2.4948,off,14605.6,/content/CS2309.CH201/results/notebook/qsbench_imgs/20260614-1644-fa0711/baseline_fp32/000000000009_0.png
baseline_fp32,000000000009,1,"a dog is laying down on a white background at night, dark lighting",2.5007,off,14605.6,/content/CS2309.CH201/results/notebook/qsbench_imgs/20260614-1644-fa0711/baseline_fp32/000000000009_1.png
baseline_fp32,000000000009,2,"a dog is laying down on a white background in winter, covered in snow",2.498,off,14605.6,/content/CS2309.CH201/results/notebook/qsbench_imgs/20260614-1644-fa0711/baseline_fp32/000000000009_2.png
baseline_fp32,000000000010,0,photo of a white horse and a cat sitting on rocks near the ocean,2.5045,off,14605.6,/content/CS2309.CH201/results/notebook/qsbench_imgs/20260614-1644-fa0711/baseline_fp32/000000000010_0.png
baseline_fp32,000000000010,1,"photo of a goat and a cat standing on rocks near the ocean at night, dark lighting",2.5015,off,14605.6,/content/CS2309.CH201/results/notebook/qsbench_imgs/20260614-1644-fa0711/baseline_fp32/000000000010_1.png
baseline_fp32,000000000010,2,"photo of a goat and a cat standing on rocks near the ocean in winter, covered in snow",2.5143,off,14605.6,/content/CS2309.CH201/results/notebook/qsbench_imgs/20260614-1644-fa0711/baseline_fp32/000000000010_2.png
baseline_fp32,000000000011,0,a brown owl standing on a red flower,2.524,off,14605.6,/content/CS2309.CH201/results/notebook/qsbench_imgs/20260614-1644-fa0711/baseline_fp32/000000000011_0.png
baseline_fp32,000000000011,1,"a colorful bird standing on a branch at night, dark lighting",2.5179,off,14605.6,/content/CS2309.CH201/results/notebook/qsbench_imgs/20260614-1644-fa0711/baseline_fp32/000000000011_1.png
baseline_fp32,000000000011,2,"a colorful bird standing on a branch in winter, covered in snow",2.5301,off,14605.6,/content/CS2309.CH201/results/notebook/qsbench_imgs/20260614-1644-fa0711/baseline_fp32/000000000011_2.png
baseline_fp32,000000000012,0,Tuna sushi on white metal plate,2.5415,off,14605.6,/content/CS2309.CH201/results/notebook/qsbench_imgs/20260614-1644-fa0711/baseline_fp32/000000000012_0.png
baseline_fp32,000000000012,1,"meat balls on white ceramics plate at night, dark lighting",2.5483,off,14605.6,/content/CS2309.CH201/results/notebook/qsbench_imgs/20260614-1644-fa0711/baseline_fp32/000000000012_1.png
baseline_fp32,000000000012,2,"meat balls on white ceramics plate in winter, covered in snow",2.5432,off,14605.6,/content/CS2309.CH201/results/notebook/qsbench_imgs/20260614-1644-fa0711/baseline_fp32/000000000012_2.png
baseline_fp32,000000000013,0,three white cupcakes on black metal bowl,2.5441,off,14605.6,/content/CS2309.CH201/results/notebook/qsbench_imgs/20260614-1644-fa0711/baseline_fp32/000000000013_0.png
baseline_fp32,000000000013,1,"three white dumplings on brown wooden bowl at night, dark lighting",2.5371,off,14605.6,/content/CS2309.CH201/results/notebook/qsbench_imgs/20260614-1644-fa0711/baseline_fp32/000000000013_1.png
baseline_fp32,000000000013,2,"three white dumplings on brown wooden bowl in winter, covered in snow",2.5437,off,14605.6,/content/CS2309.CH201/results/notebook/qsbench_imgs/20260614-1644-fa0711/baseline_fp32/000000000013_2.png
baseline_fp32,000000000014,0,a man in white shirt with his hands up standing by a house,2.5617,off,14605.6,/content/CS2309.CH201/results/notebook/qsbench_imgs/20260614-1644-fa0711/baseline_fp32/000000000014_0.png
baseline_fp32,000000000014,1,"a man in black shirt with his hands hanging down standing by a house at night, dark lighting",2.5533,off,14605.6,/content/CS2309.CH201/results/notebook/qsbench_imgs/20260614-1644-fa0711/baseline_fp32/000000000014_1.png
baseline_fp32,000000000014,2,"a man in black shirt with his hands hanging down standing by a house in winter, covered in snow",2.5384,off,14605.6,/content/CS2309.CH201/results/notebook/qsbench_imgs/20260614-1644-fa0711/baseline_fp32/000000000014_2.png
baseline_fp32,000000000015,0,Blue metal plate with vegatables on it,2.542,off,14605.6,/content/CS2309.CH201/results/notebook/qsbench_imgs/20260614-1644-fa0711/baseline_fp32/000000000015_0.png
baseline_fp32,000000000015,1,"white plate with fruits on it at night, dark lighting",2.5415,off,14605.6,/content/CS2309.CH201/results/notebook/qsbench_imgs/20260614-1644-fa0711/baseline_fp32/000000000015_1.png
baseline_fp32,000000000015,2,"white plate with fruits on it in winter, covered in snow",2.5436,off,14605.6,/content/CS2309.CH201/results/notebook/qsbench_imgs/20260614-1644-fa0711/baseline_fp32/000000000015_2.png
baseline_fp32,000000000016,0,a white plate with grilled salmon and mushroom on it,2.5368,off,14605.6,/content/CS2309.CH201/results/notebook/qsbench_imgs/20260614-1644-fa0711/baseline_fp32/000000000016_0.png
baseline_fp32,000000000016,1,"a plate with grilled steak on it at night, dark lighting",2.543,off,14605.6,/content/CS2309.CH201/results/notebook/qsbench_imgs/20260614-1644-fa0711/baseline_fp32/000000000016_1.png
baseline_fp32,000000000016,2,"a plate with grilled steak on it in winter, covered in snow",2.5422,off,14605.6,/content/CS2309.CH201/results/notebook/qsbench_imgs/20260614-1644-fa0711/baseline_fp32/000000000016_2.png
baseline_fp32,000000000017,0,photo of a white Teddy Bear in side view,2.546,off,14605.6,/content/CS2309.CH201/results/notebook/qsbench_imgs/20260614-1644-fa0711/baseline_fp32/000000000017_0.png
baseline_fp32,000000000017,1,"photo of a statue in front view at night, dark lighting",2.5435,off,14605.6,/content/CS2309.CH201/results/notebook/qsbench_imgs/20260614-1644-fa0711/baseline_fp32/000000000017_1.png
baseline_fp32,000000000017,2,"photo of a statue in front view in winter, covered in snow",2.5573,off,14605.6,/content/CS2309.CH201/results/notebook/qsbench_imgs/20260614-1644-fa0711/baseline_fp32/000000000017_2.png
baseline_fp32,000000000018,0,the statue of angel holding a red flower,2.5468,off,14605.6,/content/CS2309.CH201/results/notebook/qsbench_imgs/20260614-1644-fa0711/baseline_fp32/000000000018_0.png
baseline_fp32,000000000018,1,"the statue of liberty holding a torch at night, dark lighting",2.5394,off,14605.6,/content/CS2309.CH201/results/notebook/qsbench_imgs/20260614-1644-fa0711/baseline_fp32/000000000018_1.png
baseline_fp32,000000000018,2,"the statue of liberty holding a torch in winter, covered in snow",2.5218,off,14605.6,/content/CS2309.CH201/results/notebook/qsbench_imgs/20260614-1644-fa0711/baseline_fp32/000000000018_2.png
baseline_fp32,000000000019,0,white cat on green grass,2.5446,off,14605.6,/content/CS2309.CH201/results/notebook/qsbench_imgs/20260614-1644-fa0711/baseline_fp32/000000000019_0.png
baseline_fp32,000000000019,1,"white tiger on brown ground at night, dark lighting",2.537,off,14605.6,/content/CS2309.CH201/results/notebook/qsbench_imgs/20260614-1644-fa0711/baseline_fp32/000000000019_1.png
baseline_fp32,000000000019,2,"white tiger on brown ground in winter, covered in snow",2.5461,off,14605.6,/content/CS2309.CH201/results/notebook/qsbench_imgs/20260614-1644-fa0711/baseline_fp32/000000000019_2.png
baseline_fp32,000000000020,0,two toy cats standing on a branch,2.5412,off,14605.6,/content/CS2309.CH201/results/notebook/qsbench_imgs/20260614-1644-fa0711/baseline_fp32/000000000020_0.png
baseline_fp32,000000000020,1,"two birds sitting on a branch at night, dark lighting",2.5583,off,14605.6,/content/CS2309.CH201/results/notebook/qsbench_imgs/20260614-1644-fa0711/baseline_fp32/000000000020_1.png
baseline_fp32,000000000020,2,"two birds sitting on a branch in winter, covered in snow",2.5281,off,14605.6,/content/CS2309.CH201/results/notebook/qsbench_imgs/20260614-1644-fa0711/baseline_fp32/000000000020_2.png
baseline_fp32,000000000021,0,"two metal owls sitting on a stick, forest background",2.5383,off,14605.6,/content/CS2309.CH201/results/notebook/qsbench_imgs/20260614-1644-fa0711/baseline_fp32/000000000021_0.png
baseline_fp32,000000000021,1,"two parrots sitting on a stick, city street background at night, dark lighting",2.5458,off,14605.6,/content/CS2309.CH201/results/notebook/qsbench_imgs/20260614-1644-fa0711/baseline_fp32/000000000021_1.png
baseline_fp32,000000000021,2,"two parrots sitting on a stick, city street background in winter, covered in snow",2.537,off,14605.6,/content/CS2309.CH201/results/notebook/qsbench_imgs/20260614-1644-fa0711/baseline_fp32/000000000021_2.png
baseline_fp32,000000000022,0,an pink taxi with colorful flowers on top,2.5315,off,14605.6,/content/CS2309.CH201/results/notebook/qsbench_imgs/20260614-1644-fa0711/baseline_fp32/000000000022_0.png
baseline_fp32,000000000022,1,"an orange van with surfboards on top at night, dark lighting",2.5344,off,14605.6,/content/CS2309.CH201/results/notebook/qsbench_imgs/20260614-1644-fa0711/baseline_fp32/000000000022_1.png
baseline_fp32,000000000022,2,"an orange van with surfboards on top in winter, covered in snow",2.538,off,14605.6,/content/CS2309.CH201/results/notebook/qsbench_imgs/20260614-1644-fa0711/baseline_fp32/000000000022_2.png
baseline_fp32,000000000023,0,a black cow with white patterns in the field,2.5343,off,14605.6,/content/CS2309.CH201/results/notebook/qsbench_imgs/20260614-1644-fa0711/baseline_fp32/000000000023_0.png
baseline_fp32,000000000023,1,"a gray horse in the field at night, dark lighting",2.5272,off,14605.6,/content/CS2309.CH201/results/notebook/qsbench_imgs/20260614-1644-fa0711/baseline_fp32/000000000023_1.png
baseline_fp32,000000000023,2,"a gray horse in the field in winter, covered in snow",2.5225,off,14605.6,/content/CS2309.CH201/results/notebook/qsbench_imgs/20260614-1644-fa0711/baseline_fp32/000000000023_2.png
baseline_fp32,000000000024,0,a golden dog jumping in the sunset,2.5386,off,14605.6,/content/CS2309.CH201/results/notebook/qsbench_imgs/20260614-1644-fa0711/baseline_fp32/000000000024_0.png
baseline_fp32,000000000024,1,"a white horse running in the sunset at night, dark lighting",2.5345,off,14605.6,/content/CS2309.CH201/results/notebook/qsbench_imgs/20260614-1644-fa0711/baseline_fp32/000000000024_1.png
baseline_fp32,000000000024,2,"a white horse running in the sunset in winter, covered in snow",2.5334,off,14605.6,/content/CS2309.CH201/results/notebook/qsbench_imgs/20260614-1644-fa0711/baseline_fp32/000000000024_2.png
baseline_fp32,000000000025,0,a woman with red hair wearing a coat,2.5388,off,14605.6,/content/CS2309.CH201/results/notebook/qsbench_imgs/20260614-1644-fa0711/baseline_fp32/000000000025_0.png
baseline_fp32,000000000025,1,"a woman with blue hair wearing a shirt at night, dark lighting",2.5357,off,14605.6,/content/CS2309.CH201/results/notebook/qsbench_imgs/20260614-1644-fa0711/baseline_fp32/000000000025_1.png
baseline_fp32,000000000025,2,"a woman with blue hair wearing a shirt in winter, covered in snow",2.5336,off,14605.6,/content/CS2309.CH201/results/notebook/qsbench_imgs/20260614-1644-fa0711/baseline_fp32/000000000025_2.png
baseline_fp32,000000000026,0,a toy cat with a red fur sitting on a branch,2.5491,off,14605.6,/content/CS2309.CH201/results/notebook/qsbench_imgs/20260614-1644-fa0711/baseline_fp32/000000000026_0.png
baseline_fp32,000000000026,1,"a yellow bird with a red beak sitting on a branch at night, dark lighting",2.5337,off,14605.6,/content/CS2309.CH201/results/notebook/qsbench_imgs/20260614-1644-fa0711/baseline_fp32/000000000026_1.png
baseline_fp32,000000000026,2,"a yellow bird with a red beak sitting on a branch in winter, covered in snow",2.5321,off,14605.6,/content/CS2309.CH201/results/notebook/qsbench_imgs/20260614-1644-fa0711/baseline_fp32/000000000026_2.png
baseline_fp32,000000000027,0,a closed eyes dog sitting on green grass,2.5341,off,14605.6,/content/CS2309.CH201/results/notebook/qsbench_imgs/20260614-1644-fa0711/baseline_fp32/000000000027_0.png
baseline_fp32,000000000027,1,"a opened eyes cat sitting on wooden floor at night, dark lighting",2.5367,off,14605.6,/content/CS2309.CH201/results/notebook/qsbench_imgs/20260614-1644-fa0711/baseline_fp32/000000000027_1.png
baseline_fp32,000000000027,2,"a opened eyes cat sitting on wooden floor in winter, covered in snow",2.5359,off,14605.6,/content/CS2309.CH201/results/notebook/qsbench_imgs/20260614-1644-fa0711/baseline_fp32/000000000027_2.png
baseline_fp32,000000000028,0,Painting of red flowers on a tree branch with white background,2.53,off,14605.6,/content/CS2309.CH201/results/notebook/qsbench_imgs/20260614-1644-fa0711/baseline_fp32/000000000028_0.png
baseline_fp32,000000000028,1,"white flowers on a tree branch with blue sky background at night, dark lighting",2.5294,off,14605.6,/content/CS2309.CH201/results/notebook/qsbench_imgs/20260614-1644-fa0711/baseline_fp32/000000000028_1.png
baseline_fp32,000000000028,2,"white flowers on a tree branch with blue sky background in winter, covered in snow",2.5379,off,14605.6,/content/CS2309.CH201/results/notebook/qsbench_imgs/20260614-1644-fa0711/baseline_fp32/000000000028_2.png
baseline_fp32,000000000029,0,a duck sitting on the floor,2.5253,off,14605.6,/content/CS2309.CH201/results/notebook/qsbench_imgs/20260614-1644-fa0711/baseline_fp32/000000000029_0.png
baseline_fp32,000000000029,1,"a kitten walking on the grass at night, dark lighting",2.5376,off,14605.6,/content/CS2309.CH201/results/notebook/qsbench_imgs/20260614-1644-fa0711/baseline_fp32/000000000029_1.png
baseline_fp32,000000000029,2,"a kitten walking on the grass in winter, covered in snow",2.5297,off,14605.6,/content/CS2309.CH201/results/notebook/qsbench_imgs/20260614-1644-fa0711/baseline_fp32/000000000029_2.png
baseline_fp32,000000000030,0,a road in a lush city with black rocks,2.543,off,14605.6,/content/CS2309.CH201/results/notebook/qsbench_imgs/20260614-1644-fa0711/baseline_fp32/000000000030_0.png
baseline_fp32,000000000030,1,"a stream in a lush forest with rocks at night, dark lighting",2.5332,off,14605.6,/content/CS2309.CH201/results/notebook/qsbench_imgs/20260614-1644-fa0711/baseline_fp32/000000000030_1.png
baseline_fp32,000000000030,2,"a stream in a lush forest with rocks in winter, covered in snow",2.5407,off,14605.6,/content/CS2309.CH201/results/notebook/qsbench_imgs/20260614-1644-fa0711/baseline_fp32/000000000030_2.png
baseline_fp32,000000000031,0,a blue tulip in the yellow light,2.5212,off,14605.6,/content/CS2309.CH201/results/notebook/qsbench_imgs/20260614-1644-fa0711/baseline_fp32/000000000031_0.png
baseline_fp32,000000000031,1,"a red rose in the dark at night, dark lighting",2.5366,off,14605.6,/content/CS2309.CH201/results/notebook/qsbench_imgs/20260614-1644-fa0711/baseline_fp32/000000000031_1.png
baseline_fp32,000000000031,2,"a red rose in the dark in winter, covered in snow",2.5404,off,14605.6,/content/CS2309.CH201/results/notebook/qsbench_imgs/20260614-1644-fa0711/baseline_fp32/000000000031_2.png
baseline_fp32,000000000032,0,a group of red apples hanging from a big tree,2.5419,off,14605.6,/content/CS2309.CH201/results/notebook/qsbench_imgs/20260614-1644-fa0711/baseline_fp32/000000000032_0.png
baseline_fp32,000000000032,1,"a group of pink flowers hanging from a tree at night, dark lighting",2.541,off,14605.6,/content/CS2309.CH201/results/notebook/qsbench_imgs/20260614-1644-fa0711/baseline_fp32/000000000032_1.png
baseline_fp32,000000000032,2,"a group of pink flowers hanging from a tree in winter, covered in snow",2.5484,off,14605.6,/content/CS2309.CH201/results/notebook/qsbench_imgs/20260614-1644-fa0711/baseline_fp32/000000000032_2.png
baseline_fp32,000000000033,0,a painting of a boy walking his cat in winter,2.5225,off,14605.6,/content/CS2309.CH201/results/notebook/qsbench_imgs/20260614-1644-fa0711/baseline_fp32/000000000033_0.png
baseline_fp32,000000000033,1,"a cartoon of a boy walking his dog in autumn at night, dark lighting",2.5294,off,14605.6,/content/CS2309.CH201/results/notebook/qsbench_imgs/20260614-1644-fa0711/baseline_fp32/000000000033_1.png
baseline_fp32,000000000033,2,"a cartoon of a boy walking his dog in autumn in winter, covered in snow",2.5283,off,14605.6,/content/CS2309.CH201/results/notebook/qsbench_imgs/20260614-1644-fa0711/baseline_fp32/000000000033_2.png
baseline_fp32,000000000034,0,a sketch painting of a mother cat and her babies are standing near the forest,2.5365,off,14605.6,/content/CS2309.CH201/results/notebook/qsbench_imgs/20260614-1644-fa0711/baseline_fp32/000000000034_0.png
baseline_fp32,000000000034,1,"a mother duck and her babies are standing near the water at night, dark lighting",2.5327,off,14605.6,/content/CS2309.CH201/results/notebook/qsbench_imgs/20260614-1644-fa0711/baseline_fp32/000000000034_1.png
baseline_fp32,000000000034,2,"a mother duck and her babies are standing near the water in winter, covered in snow",2.5459,off,14605.6,/content/CS2309.CH201/results/notebook/qsbench_imgs/20260614-1644-fa0711/baseline_fp32/000000000034_2.png
baseline_fp32,000000000035,0,"painting, yellow ball of the world by jimmy kirk",2.5417,off,14605.6,/content/CS2309.CH201/results/notebook/qsbench_imgs/20260614-1644-fa0711/baseline_fp32/000000000035_0.png
baseline_fp32,000000000035,1,"photograph, window of the world by jimmy kirk at night, dark lighting",2.5363,off,14605.6,/content/CS2309.CH201/results/notebook/qsbench_imgs/20260614-1644-fa0711/baseline_fp32/000000000035_1.png
baseline_fp32,000000000035,2,"photograph, window of the world by jimmy kirk in winter, covered in snow",2.5347,off,14605.6,/content/CS2309.CH201/results/notebook/qsbench_imgs/20260614-1644-fa0711/baseline_fp32/000000000035_2.png
baseline_fp32,000000000036,0,red flame in the dark,2.5362,off,14605.6,/content/CS2309.CH201/results/notebook/qsbench_imgs/20260614-1644-fa0711/baseline_fp32/000000000036_0.png
baseline_fp32,000000000036,1,"smoke at night, dark lighting",2.5314,off,14605.6,/content/CS2309.CH201/results/notebook/qsbench_imgs/20260614-1644-fa0711/baseline_fp32/000000000036_1.png
baseline_fp32,000000000036,2,"smoke in winter, covered in snow",2.5355,off,14605.6,/content/CS2309.CH201/results/notebook/qsbench_imgs/20260614-1644-fa0711/baseline_fp32/000000000036_2.png
baseline_fp32,000000000037,0,snow mountain landscape with flowers and green grass,2.5295,off,14605.6,/content/CS2309.CH201/results/notebook/qsbench_imgs/20260614-1644-fa0711/baseline_fp32/000000000037_0.png
baseline_fp32,000000000037,1,"mountain landscape with flowers and withered grass at night, dark lighting",2.5157,off,14605.6,/content/CS2309.CH201/results/notebook/qsbench_imgs/20260614-1644-fa0711/baseline_fp32/000000000037_1.png
baseline_fp32,000000000037,2,"mountain landscape with flowers and withered grass in winter, covered in snow",2.5316,off,14605.6,/content/CS2309.CH201/results/notebook/qsbench_imgs/20260614-1644-fa0711/baseline_fp32/000000000037_2.png
baseline_fp32,000000000038,0,a little girl with blue eyes and yellow flowers in a blue coat,2.5308,off,14605.6,/content/CS2309.CH201/results/notebook/qsbench_imgs/20260614-1644-fa0711/baseline_fp32/000000000038_0.png
baseline_fp32,000000000038,1,"a little girl with green eyes and flowers in a blue dress at night, dark lighting",2.5333,off,14605.6,/content/CS2309.CH201/results/notebook/qsbench_imgs/20260614-1644-fa0711/baseline_fp32/000000000038_1.png
baseline_fp32,000000000038,2,"a little girl with green eyes and flowers in a blue dress in winter, covered in snow",2.5295,off,14605.6,/content/CS2309.CH201/results/notebook/qsbench_imgs/20260614-1644-fa0711/baseline_fp32/000000000038_2.png
baseline_fp32,000000000039,0,two cats swimming in the sea,2.538,off,14605.6,/content/CS2309.CH201/results/notebook/qsbench_imgs/20260614-1644-fa0711/baseline_fp32/000000000039_0.png
baseline_fp32,000000000039,1,"two ducks in the dirt at night, dark lighting",2.5401,off,14605.6,/content/CS2309.CH201/results/notebook/qsbench_imgs/20260614-1644-fa0711/baseline_fp32/000000000039_1.png
baseline_fp32,000000000039,2,"two ducks in the dirt in winter, covered in snow",2.5437,off,14605.6,/content/CS2309.CH201/results/notebook/qsbench_imgs/20260614-1644-fa0711/baseline_fp32/000000000039_2.png
baseline_fp32,000000000040,0,a orange cat sitting with cotton scarf putting hands up,2.5322,off,14605.6,/content/CS2309.CH201/results/notebook/qsbench_imgs/20260614-1644-fa0711/baseline_fp32/000000000040_0.png
baseline_fp32,000000000040,1,"a cat sitting with beads collar at night, dark lighting",2.5333,off,14605.6,/content/CS2309.CH201/results/notebook/qsbench_imgs/20260614-1644-fa0711/baseline_fp32/000000000040_1.png
baseline_fp32,000000000040,2,"a cat sitting with beads collar in winter, covered in snow",2.5321,off,14605.6,/content/CS2309.CH201/results/notebook/qsbench_imgs/20260614-1644-fa0711/baseline_fp32/000000000040_2.png
baseline_fp32,000000000041,0,a spacecraft in the blue arctic sky,2.537,off,14605.6,/content/CS2309.CH201/results/notebook/qsbench_imgs/20260614-1644-fa0711/baseline_fp32/000000000041_0.png
baseline_fp32,000000000041,1,"the arctic sky at night, dark lighting",2.5333,off,14605.6,/content/CS2309.CH201/results/notebook/qsbench_imgs/20260614-1644-fa0711/baseline_fp32/000000000041_1.png
baseline_fp32,000000000041,2,"the arctic sky in winter, covered in snow",2.5344,off,14605.6,/content/CS2309.CH201/results/notebook/qsbench_imgs/20260614-1644-fa0711/baseline_fp32/000000000041_2.png
baseline_fp32,000000000042,0,a white dog is standing on rocks in a bright forest,2.5397,off,14605.6,/content/CS2309.CH201/results/notebook/qsbench_imgs/20260614-1644-fa0711/baseline_fp32/000000000042_0.png
baseline_fp32,000000000042,1,"a black wolf is standing on rocks in a dark forest at night, dark lighting",2.5356,off,14605.6,/content/CS2309.CH201/results/notebook/qsbench_imgs/20260614-1644-fa0711/baseline_fp32/000000000042_1.png
baseline_fp32,000000000042,2,"a black wolf is standing on rocks in a dark forest in winter, covered in snow",2.5606,off,14605.6,/content/CS2309.CH201/results/notebook/qsbench_imgs/20260614-1644-fa0711/baseline_fp32/000000000042_2.png
baseline_fp32,000000000043,0,a small blue cruise ship in the ocean at sunset,2.5414,off,14605.6,/content/CS2309.CH201/results/notebook/qsbench_imgs/20260614-1644-fa0711/baseline_fp32/000000000043_0.png
baseline_fp32,000000000043,1,"a large red cargo ship in the ocean at sunset at night, dark lighting",2.5352,off,14605.6,/content/CS2309.CH201/results/notebook/qsbench_imgs/20260614-1644-fa0711/baseline_fp32/000000000043_1.png
baseline_fp32,000000000043,2,"a large red cargo ship in the ocean at sunset in winter, covered in snow",2.5279,off,14605.6,/content/CS2309.CH201/results/notebook/qsbench_imgs/20260614-1644-fa0711/baseline_fp32/000000000043_2.png
baseline_fp32,000000000044,0,a yellow cat with red scarf sitting in the flowers,2.5501,off,14605.6,/content/CS2309.CH201/results/notebook/qsbench_imgs/20260614-1644-fa0711/baseline_fp32/000000000044_0.png
baseline_fp32,000000000044,1,"a cat sitting in the grass at night, dark lighting",2.5577,off,14605.6,/content/CS2309.CH201/results/notebook/qsbench_imgs/20260614-1644-fa0711/baseline_fp32/000000000044_1.png
baseline_fp32,000000000044,2,"a cat sitting in the grass in winter, covered in snow",2.5456,off,14605.6,/content/CS2309.CH201/results/notebook/qsbench_imgs/20260614-1644-fa0711/baseline_fp32/000000000044_2.png
baseline_fp32,000000000045,0,the christmas card of a santa's angry face with red mustache,2.54,off,14605.6,/content/CS2309.CH201/results/notebook/qsbench_imgs/20260614-1644-fa0711/baseline_fp32/000000000045_0.png
baseline_fp32,000000000045,1,"the christmas illustration of a santa's laughing face at night, dark lighting",2.5436,off,14605.6,/content/CS2309.CH201/results/notebook/qsbench_imgs/20260614-1644-fa0711/baseline_fp32/000000000045_1.png
baseline_fp32,000000000045,2,"the christmas illustration of a santa's laughing face in winter, covered in snow",2.541,off,14605.6,/content/CS2309.CH201/results/notebook/qsbench_imgs/20260614-1644-fa0711/baseline_fp32/000000000045_2.png
baseline_fp32,000000000046,0,photo of pink stars in the sky,2.5454,off,14605.6,/content/CS2309.CH201/results/notebook/qsbench_imgs/20260614-1644-fa0711/baseline_fp32/000000000046_0.png
baseline_fp32,000000000046,1,"painting of clouds in the sky at night, dark lighting",2.5276,off,14605.6,/content/CS2309.CH201/results/notebook/qsbench_imgs/20260614-1644-fa0711/baseline_fp32/000000000046_1.png
baseline_fp32,000000000046,2,"painting of clouds in the sky in winter, covered in snow",2.5283,off,14605.6,/content/CS2309.CH201/results/notebook/qsbench_imgs/20260614-1644-fa0711/baseline_fp32/000000000046_2.png
baseline_fp32,000000000047,0,shiny blue bus by jill kaufman,2.528,off,14605.6,/content/CS2309.CH201/results/notebook/qsbench_imgs/20260614-1644-fa0711/baseline_fp32/000000000047_0.png
baseline_fp32,000000000047,1,"rusty car by jill kaufman at night, dark lighting",2.5575,off,14605.6,/content/CS2309.CH201/results/notebook/qsbench_imgs/20260614-1644-fa0711/baseline_fp32/000000000047_1.png
baseline_fp32,000000000047,2,"rusty car by jill kaufman in winter, covered in snow",2.5281,off,14605.6,/content/CS2309.CH201/results/notebook/qsbench_imgs/20260614-1644-fa0711/baseline_fp32/000000000047_2.png
baseline_fp32,000000000048,0,sunset over a field with pink stars and a dark sky,2.5321,off,14605.6,/content/CS2309.CH201/results/notebook/qsbench_imgs/20260614-1644-fa0711/baseline_fp32/000000000048_0.png
baseline_fp32,000000000048,1,"sunset over a field with clouds and a bright sky at night, dark lighting",2.5326,off,14605.6,/content/CS2309.CH201/results/notebook/qsbench_imgs/20260614-1644-fa0711/baseline_fp32/000000000048_1.png
baseline_fp32,000000000048,2,"sunset over a field with clouds and a bright sky in winter, covered in snow",2.5322,off,14605.6,/content/CS2309.CH201/results/notebook/qsbench_imgs/20260614-1644-fa0711/baseline_fp32/000000000048_2.png
baseline_fp32,000000000049,0,yellow metal chair with black dots in a conference room,2.5224,off,14605.6,/content/CS2309.CH201/results/notebook/qsbench_imgs/20260614-1644-fa0711/baseline_fp32/000000000049_0.png
baseline_fp32,000000000049,1,"black chair in a conference room at night, dark lighting",2.5261,off,14605.6,/content/CS2309.CH201/results/notebook/qsbench_imgs/20260614-1644-fa0711/baseline_fp32/000000000049_1.png
baseline_fp32,000000000049,2,"black chair in a conference room in winter, covered in snow",2.5328,off,14605.6,/content/CS2309.CH201/results/notebook/qsbench_imgs/20260614-1644-fa0711/baseline_fp32/000000000049_2.png
baseline_fp32,000000000050,0,a cat jumping on eggs,2.528,off,14605.6,/content/CS2309.CH201/results/notebook/qsbench_imgs/20260614-1644-fa0711/baseline_fp32/000000000050_0.png
baseline_fp32,000000000050,1,"a bird standing on clods at night, dark lighting",2.5392,off,14605.6,/content/CS2309.CH201/results/notebook/qsbench_imgs/20260614-1644-fa0711/baseline_fp32/000000000050_1.png
baseline_fp32,000000000050,2,"a bird standing on clods in winter, covered in snow",2.5299,off,14605.6,/content/CS2309.CH201/results/notebook/qsbench_imgs/20260614-1644-fa0711/baseline_fp32/000000000050_2.png
baseline_fp32,000000000051,0,a painting of red flowers in a white vase,2.531,off,14605.6,/content/CS2309.CH201/results/notebook/qsbench_imgs/20260614-1644-fa0711/baseline_fp32/000000000051_0.png
baseline_fp32,000000000051,1,"a painting of colorful flowers in a blue vase at night, dark lighting",2.5457,off,14605.6,/content/CS2309.CH201/results/notebook/qsbench_imgs/20260614-1644-fa0711/baseline_fp32/000000000051_1.png
baseline_fp32,000000000051,2,"a painting of colorful flowers in a blue vase in winter, covered in snow",2.5307,off,14605.6,/content/CS2309.CH201/results/notebook/qsbench_imgs/20260614-1644-fa0711/baseline_fp32/000000000051_2.png
baseline_fp32,000000000052,0,a logo of X with pink color in a light background,2.5157,off,14605.6,/content/CS2309.CH201/results/notebook/qsbench_imgs/20260614-1644-fa0711/baseline_fp32/000000000052_0.png
baseline_fp32,000000000052,1,"a logo of bird shape in a black background at night, dark lighting",2.5149,off,14605.6,/content/CS2309.CH201/results/notebook/qsbench_imgs/20260614-1644-fa0711/baseline_fp32/000000000052_1.png
baseline_fp32,000000000052,2,"a logo of bird shape in a black background in winter, covered in snow",2.4961,off,14605.6,/content/CS2309.CH201/results/notebook/qsbench_imgs/20260614-1644-fa0711/baseline_fp32/000000000052_2.png
baseline_fp32,000000000053,0,a fluffy cat with a blue leash jumping on the ground,2.5503,off,14605.6,/content/CS2309.CH201/results/notebook/qsbench_imgs/20260614-1644-fa0711/baseline_fp32/000000000053_0.png
baseline_fp32,000000000053,1,"a fluffy dog with a blue leash sitting in the grass at night, dark lighting",2.5335,off,14605.6,/content/CS2309.CH201/results/notebook/qsbench_imgs/20260614-1644-fa0711/baseline_fp32/000000000053_1.png
baseline_fp32,000000000053,2,"a fluffy dog with a blue leash sitting in the grass in winter, covered in snow",2.5319,off,14605.6,/content/CS2309.CH201/results/notebook/qsbench_imgs/20260614-1644-fa0711/baseline_fp32/000000000053_2.png
baseline_fp32,000000000054,0,a red ball and a notebook on a table,2.5453,off,14605.6,/content/CS2309.CH201/results/notebook/qsbench_imgs/20260614-1644-fa0711/baseline_fp32/000000000054_0.png
baseline_fp32,000000000054,1,"a camera and a notebook on a bed at night, dark lighting",2.5421,off,14605.6,/content/CS2309.CH201/results/notebook/qsbench_imgs/20260614-1644-fa0711/baseline_fp32/000000000054_1.png
baseline_fp32,000000000054,2,"a camera and a notebook on a bed in winter, covered in snow",2.5428,off,14605.6,/content/CS2309.CH201/results/notebook/qsbench_imgs/20260614-1644-fa0711/baseline_fp32/000000000054_2.png
baseline_fp32,000000000055,0,a white tiger is looking at the camera in the rain,2.5381,off,14605.6,/content/CS2309.CH201/results/notebook/qsbench_imgs/20260614-1644-fa0711/baseline_fp32/000000000055_0.png
baseline_fp32,000000000055,1,"a black dog is looking at the camera in the snow at night, dark lighting",2.5517,off,14605.6,/content/CS2309.CH201/results/notebook/qsbench_imgs/20260614-1644-fa0711/baseline_fp32/000000000055_1.png
baseline_fp32,000000000055,2,"a black dog is looking at the camera in the snow in winter, covered in snow",2.5494,off,14605.6,/content/CS2309.CH201/results/notebook/qsbench_imgs/20260614-1644-fa0711/baseline_fp32/000000000055_2.png
baseline_fp32,000000000056,0,a lion puppy with black fur wrapped in a blue coat,2.5166,off,14605.6,/content/CS2309.CH201/results/notebook/qsbench_imgs/20260614-1644-fa0711/baseline_fp32/000000000056_0.png
baseline_fp32,000000000056,1,"a meerkat puppy wrapped in a blue towel at night, dark lighting",2.5421,off,14605.6,/content/CS2309.CH201/results/notebook/qsbench_imgs/20260614-1644-fa0711/baseline_fp32/000000000056_1.png
baseline_fp32,000000000056,2,"a meerkat puppy wrapped in a blue towel in winter, covered in snow",2.5333,off,14605.6,/content/CS2309.CH201/results/notebook/qsbench_imgs/20260614-1644-fa0711/baseline_fp32/000000000056_2.png
baseline_fp32,000000000057,0,a photo of an owl jumping on a rock,2.5338,off,14605.6,/content/CS2309.CH201/results/notebook/qsbench_imgs/20260614-1644-fa0711/baseline_fp32/000000000057_0.png
baseline_fp32,000000000057,1,"an owl sitting on a branch at night, dark lighting",2.5258,off,14605.6,/content/CS2309.CH201/results/notebook/qsbench_imgs/20260614-1644-fa0711/baseline_fp32/000000000057_1.png
baseline_fp32,000000000057,2,"an owl sitting on a branch in winter, covered in snow",2.5393,off,14605.6,/content/CS2309.CH201/results/notebook/qsbench_imgs/20260614-1644-fa0711/baseline_fp32/000000000057_2.png
baseline_fp32,000000000058,0,yellow roses in blue vase,2.556,off,14605.6,/content/CS2309.CH201/results/notebook/qsbench_imgs/20260614-1644-fa0711/baseline_fp32/000000000058_0.png
baseline_fp32,000000000058,1,"purple tulips in vase at night, dark lighting",2.5401,off,14605.6,/content/CS2309.CH201/results/notebook/qsbench_imgs/20260614-1644-fa0711/baseline_fp32/000000000058_1.png
baseline_fp32,000000000058,2,"purple tulips in vase in winter, covered in snow",2.5358,off,14605.6,/content/CS2309.CH201/results/notebook/qsbench_imgs/20260614-1644-fa0711/baseline_fp32/000000000058_2.png
baseline_fp32,000000000059,0,a cartoon cat face backward is jumping,2.5394,off,14605.6,/content/CS2309.CH201/results/notebook/qsbench_imgs/20260614-1644-fa0711/baseline_fp32/000000000059_0.png
baseline_fp32,000000000059,1,"a cartoon goat at night, dark lighting",2.5424,off,14605.6,/content/CS2309.CH201/results/notebook/qsbench_imgs/20260614-1644-fa0711/baseline_fp32/000000000059_1.png
baseline_fp32,000000000059,2,"a cartoon goat in winter, covered in snow",2.5316,off,14605.6,/content/CS2309.CH201/results/notebook/qsbench_imgs/20260614-1644-fa0711/baseline_fp32/000000000059_2.png
baseline_fp32,000000000060,0,a red pear sitting on top of a glass table,2.5269,off,14605.6,/content/CS2309.CH201/results/notebook/qsbench_imgs/20260614-1644-fa0711/baseline_fp32/000000000060_0.png
baseline_fp32,000000000060,1,"a yellow apple sitting on top of a wooden table at night, dark lighting",2.5395,off,14605.6,/content/CS2309.CH201/results/notebook/qsbench_imgs/20260614-1644-fa0711/baseline_fp32/000000000060_1.png
baseline_fp32,000000000060,2,"a yellow apple sitting on top of a wooden table in winter, covered in snow",2.5277,off,14605.6,/content/CS2309.CH201/results/notebook/qsbench_imgs/20260614-1644-fa0711/baseline_fp32/000000000060_2.png
baseline_fp32,000000000061,0,a mid winter road with rocks lined with trees and flowers,2.549,off,14605.6,/content/CS2309.CH201/results/notebook/qsbench_imgs/20260614-1644-fa0711/baseline_fp32/000000000061_0.png
baseline_fp32,000000000061,1,"a mid autumn road lined with trees and leaves at night, dark lighting",2.528,off,14605.6,/content/CS2309.CH201/results/notebook/qsbench_imgs/20260614-1644-fa0711/baseline_fp32/000000000061_1.png
baseline_fp32,000000000061,2,"a mid autumn road lined with trees and leaves in winter, covered in snow",2.5309,off,14605.6,/content/CS2309.CH201/results/notebook/qsbench_imgs/20260614-1644-fa0711/baseline_fp32/000000000061_2.png
baseline_fp32,000000000062,0,a cat is sleeping in a pile of colorful stones,2.532,off,14605.6,/content/CS2309.CH201/results/notebook/qsbench_imgs/20260614-1644-fa0711/baseline_fp32/000000000062_0.png
baseline_fp32,000000000062,1,"a rabbit is sitting in a pile of colorful eggs at night, dark lighting",2.5369,off,14605.6,/content/CS2309.CH201/results/notebook/qsbench_imgs/20260614-1644-fa0711/baseline_fp32/000000000062_1.png
baseline_fp32,000000000062,2,"a rabbit is sitting in a pile of colorful eggs in winter, covered in snow",2.5292,off,14605.6,/content/CS2309.CH201/results/notebook/qsbench_imgs/20260614-1644-fa0711/baseline_fp32/000000000062_2.png
baseline_fp32,000000000063,0,a white vase with some wilted vegatables in it,2.527,off,14605.6,/content/CS2309.CH201/results/notebook/qsbench_imgs/20260614-1644-fa0711/baseline_fp32/000000000063_0.png
baseline_fp32,000000000063,1,"a vase with some blooming flowers in it at night, dark lighting",2.5193,off,14605.6,/content/CS2309.CH201/results/notebook/qsbench_imgs/20260614-1644-fa0711/baseline_fp32/000000000063_1.png
baseline_fp32,000000000063,2,"a vase with some blooming flowers in it in winter, covered in snow",2.5311,off,14605.6,/content/CS2309.CH201/results/notebook/qsbench_imgs/20260614-1644-fa0711/baseline_fp32/000000000063_2.png
baseline_fp32,000000000064,0,a woman riding a lion in front of a glowing red flame,2.5529,off,14605.6,/content/CS2309.CH201/results/notebook/qsbench_imgs/20260614-1644-fa0711/baseline_fp32/000000000064_0.png
baseline_fp32,000000000064,1,"a woman in front of a glowing yellow light at night, dark lighting",2.5245,off,14605.6,/content/CS2309.CH201/results/notebook/qsbench_imgs/20260614-1644-fa0711/baseline_fp32/000000000064_1.png
baseline_fp32,000000000064,2,"a woman in front of a glowing yellow light in winter, covered in snow",2.5314,off,14605.6,/content/CS2309.CH201/results/notebook/qsbench_imgs/20260614-1644-fa0711/baseline_fp32/000000000064_2.png
baseline_fp32,000000000065,0,a blue bird is standing on a stone,2.5364,off,14605.6,/content/CS2309.CH201/results/notebook/qsbench_imgs/20260614-1644-fa0711/baseline_fp32/000000000065_0.png
baseline_fp32,000000000065,1,"a bird is sitting on a branch with moss at night, dark lighting",2.5198,off,14605.6,/content/CS2309.CH201/results/notebook/qsbench_imgs/20260614-1644-fa0711/baseline_fp32/000000000065_1.png
baseline_fp32,000000000065,2,"a bird is sitting on a branch with moss in winter, covered in snow",2.5322,off,14605.6,/content/CS2309.CH201/results/notebook/qsbench_imgs/20260614-1644-fa0711/baseline_fp32/000000000065_2.png
baseline_fp32,000000000066,0,painting of a german shepherd standing on the ground,2.5226,off,14605.6,/content/CS2309.CH201/results/notebook/qsbench_imgs/20260614-1644-fa0711/baseline_fp32/000000000066_0.png
baseline_fp32,000000000066,1,"a dalmatian dog laying on the ground at night, dark lighting",2.5303,off,14605.6,/content/CS2309.CH201/results/notebook/qsbench_imgs/20260614-1644-fa0711/baseline_fp32/000000000066_1.png
baseline_fp32,000000000066,2,"a dalmatian dog laying on the ground in winter, covered in snow",2.5298,off,14605.6,/content/CS2309.CH201/results/notebook/qsbench_imgs/20260614-1644-fa0711/baseline_fp32/000000000066_2.png
baseline_fp32,000000000067,0,a woman in a white shirt crying in the rain,2.5435,off,14605.6,/content/CS2309.CH201/results/notebook/qsbench_imgs/20260614-1644-fa0711/baseline_fp32/000000000067_0.png
baseline_fp32,000000000067,1,"a woman in a jacket standing in the rain at night, dark lighting",2.5294,off,14605.6,/content/CS2309.CH201/results/notebook/qsbench_imgs/20260614-1644-fa0711/baseline_fp32/000000000067_1.png
baseline_fp32,000000000067,2,"a woman in a jacket standing in the rain in winter, covered in snow",2.5296,off,14605.6,/content/CS2309.CH201/results/notebook/qsbench_imgs/20260614-1644-fa0711/baseline_fp32/000000000067_2.png
baseline_fp32,000000000068,0,painting of white unicorns standing in the woods,2.5345,off,14605.6,/content/CS2309.CH201/results/notebook/qsbench_imgs/20260614-1644-fa0711/baseline_fp32/000000000068_0.png
baseline_fp32,000000000068,1,"photo of horses running in the woods at night, dark lighting",2.5303,off,14605.6,/content/CS2309.CH201/results/notebook/qsbench_imgs/20260614-1644-fa0711/baseline_fp32/000000000068_1.png
baseline_fp32,000000000068,2,"photo of horses running in the woods in winter, covered in snow",2.5388,off,14605.6,/content/CS2309.CH201/results/notebook/qsbench_imgs/20260614-1644-fa0711/baseline_fp32/000000000068_2.png
baseline_fp32,000000000069,0,forest with snow and bus,2.5243,off,14605.6,/content/CS2309.CH201/results/notebook/qsbench_imgs/20260614-1644-fa0711/baseline_fp32/000000000069_0.png
baseline_fp32,000000000069,1,"sea and house at night, dark lighting",2.5496,off,14605.6,/content/CS2309.CH201/results/notebook/qsbench_imgs/20260614-1644-fa0711/baseline_fp32/000000000069_1.png
baseline_fp32,000000000069,2,"sea and house in winter, covered in snow",2.5286,off,14605.6,/content/CS2309.CH201/results/notebook/qsbench_imgs/20260614-1644-fa0711/baseline_fp32/000000000069_2.png
baseline_fp32,000000000070,0,"a sunny day of the park of dresden, germany, europe",2.5305,off,14605.6,/content/CS2309.CH201/results/notebook/qsbench_imgs/20260614-1644-fa0711/baseline_fp32/000000000070_0.png
baseline_fp32,000000000070,1,"the city of dresden, germany, europe at night, dark lighting",2.5246,off,14605.6,/content/CS2309.CH201/results/notebook/qsbench_imgs/20260614-1644-fa0711/baseline_fp32/000000000070_1.png
baseline_fp32,000000000070,2,"the city of dresden, germany, europe in winter, covered in snow",2.5383,off,14605.6,/content/CS2309.CH201/results/notebook/qsbench_imgs/20260614-1644-fa0711/baseline_fp32/000000000070_2.png
baseline_fp32,000000000071,0,an orange with two hands on it in a dark background,2.5135,off,14605.6,/content/CS2309.CH201/results/notebook/qsbench_imgs/20260614-1644-fa0711/baseline_fp32/000000000071_0.png
baseline_fp32,000000000071,1,"an apple with two faces on it in a white background at night, dark lighting",2.5183,off,14605.6,/content/CS2309.CH201/results/notebook/qsbench_imgs/20260614-1644-fa0711/baseline_fp32/000000000071_1.png
baseline_fp32,000000000071,2,"an apple with two faces on it in a white background in winter, covered in snow",2.5352,off,14605.6,/content/CS2309.CH201/results/notebook/qsbench_imgs/20260614-1644-fa0711/baseline_fp32/000000000071_2.png
baseline_fp32,000000000072,0,wooden green vases,2.5353,off,14605.6,/content/CS2309.CH201/results/notebook/qsbench_imgs/20260614-1644-fa0711/baseline_fp32/000000000072_0.png
baseline_fp32,000000000072,1,"colorful cups at night, dark lighting",2.5279,off,14605.6,/content/CS2309.CH201/results/notebook/qsbench_imgs/20260614-1644-fa0711/baseline_fp32/000000000072_1.png
baseline_fp32,000000000072,2,"colorful cups in winter, covered in snow",2.5389,off,14605.6,/content/CS2309.CH201/results/notebook/qsbench_imgs/20260614-1644-fa0711/baseline_fp32/000000000072_2.png
baseline_fp32,000000000073,0,a autumn field with buildings and a pink sky,2.5405,off,14605.6,/content/CS2309.CH201/results/notebook/qsbench_imgs/20260614-1644-fa0711/baseline_fp32/000000000073_0.png
baseline_fp32,000000000073,1,"a spring field with trees and a blue sky at night, dark lighting",2.5359,off,14605.6,/content/CS2309.CH201/results/notebook/qsbench_imgs/20260614-1644-fa0711/baseline_fp32/000000000073_1.png
baseline_fp32,000000000073,2,"a spring field with trees and a blue sky in winter, covered in snow",2.5354,off,14605.6,/content/CS2309.CH201/results/notebook/qsbench_imgs/20260614-1644-fa0711/baseline_fp32/000000000073_2.png
baseline_fp32,000000000074,0,a building is covered in leaves and snow,2.5386,off,14605.6,/content/CS2309.CH201/results/notebook/qsbench_imgs/20260614-1644-fa0711/baseline_fp32/000000000074_0.png
baseline_fp32,000000000074,1,"a mountain is covered in clouds and snow at night, dark lighting",2.5492,off,14605.6,/content/CS2309.CH201/results/notebook/qsbench_imgs/20260614-1644-fa0711/baseline_fp32/000000000074_1.png
baseline_fp32,000000000074,2,"a mountain is covered in clouds and snow in winter, covered in snow",2.5444,off,14605.6,/content/CS2309.CH201/results/notebook/qsbench_imgs/20260614-1644-fa0711/baseline_fp32/000000000074_2.png
baseline_fp32,000000000075,0,a woman with cats and dogs playing around her face,2.554,off,14605.6,/content/CS2309.CH201/results/notebook/qsbench_imgs/20260614-1644-fa0711/baseline_fp32/000000000075_0.png
baseline_fp32,000000000075,1,"a woman with flowers around her face at night, dark lighting",2.5508,off,14605.6,/content/CS2309.CH201/results/notebook/qsbench_imgs/20260614-1644-fa0711/baseline_fp32/000000000075_1.png
baseline_fp32,000000000075,2,"a woman with flowers around her face in winter, covered in snow",2.5284,off,14605.6,/content/CS2309.CH201/results/notebook/qsbench_imgs/20260614-1644-fa0711/baseline_fp32/000000000075_2.png
baseline_fp32,000000000076,0,a painting of a golden vase with a flower coming out of it,2.5575,off,14605.6,/content/CS2309.CH201/results/notebook/qsbench_imgs/20260614-1644-fa0711/baseline_fp32/000000000076_0.png
baseline_fp32,000000000076,1,"a painting of a cup with a smoke coming out of it at night, dark lighting",2.533,off,14605.6,/content/CS2309.CH201/results/notebook/qsbench_imgs/20260614-1644-fa0711/baseline_fp32/000000000076_1.png
baseline_fp32,000000000076,2,"a painting of a cup with a smoke coming out of it in winter, covered in snow",2.5357,off,14605.6,/content/CS2309.CH201/results/notebook/qsbench_imgs/20260614-1644-fa0711/baseline_fp32/000000000076_2.png
baseline_fp32,000000000077,0,a painting of a car in the snow with colorful buildings in the background,2.5442,off,14605.6,/content/CS2309.CH201/results/notebook/qsbench_imgs/20260614-1644-fa0711/baseline_fp32/000000000077_0.png
baseline_fp32,000000000077,1,"a painting of a cabin in the snow with mountains in the background at night, dark lighting",2.5477,off,14605.6,/content/CS2309.CH201/results/notebook/qsbench_imgs/20260614-1644-fa0711/baseline_fp32/000000000077_1.png
baseline_fp32,000000000077,2,"a painting of a cabin in the snow with mountains in the background in winter, covered in snow",2.549,off,14605.6,/content/CS2309.CH201/results/notebook/qsbench_imgs/20260614-1644-fa0711/baseline_fp32/000000000077_2.png
baseline_fp32,000000000078,0,ocean with stars shining in the pink sky,2.5365,off,14605.6,/content/CS2309.CH201/results/notebook/qsbench_imgs/20260614-1644-fa0711/baseline_fp32/000000000078_0.png
baseline_fp32,000000000078,1,"ocean with clouds in the sky at night, dark lighting",2.5412,off,14605.6,/content/CS2309.CH201/results/notebook/qsbench_imgs/20260614-1644-fa0711/baseline_fp32/000000000078_1.png
baseline_fp32,000000000078,2,"ocean with clouds in the sky in winter, covered in snow",2.5431,off,14605.6,/content/CS2309.CH201/results/notebook/qsbench_imgs/20260614-1644-fa0711/baseline_fp32/000000000078_2.png
baseline_fp32,000000000079,0,a man walking in a city with buildings in the background,2.5643,off,14605.6,/content/CS2309.CH201/results/notebook/qsbench_imgs/20260614-1644-fa0711/baseline_fp32/000000000079_0.png
baseline_fp32,000000000079,1,"a man walking in a town with mountains in the background at night, dark lighting",2.5455,off,14605.6,/content/CS2309.CH201/results/notebook/qsbench_imgs/20260614-1644-fa0711/baseline_fp32/000000000079_1.png
baseline_fp32,000000000079,2,"a man walking in a town with mountains in the background in winter, covered in snow",2.5362,off,14605.6,/content/CS2309.CH201/results/notebook/qsbench_imgs/20260614-1644-fa0711/baseline_fp32/000000000079_2.png
baseline_fp32,000000000080,0,a fox is shown smiling in a high polygonal style,2.5313,off,14605.6,/content/CS2309.CH201/results/notebook/qsbench_imgs/20260614-1644-fa0711/baseline_fp32/000000000080_0.png
baseline_fp32,000000000080,1,"a cat is shown in a low polygonal style at night, dark lighting",2.5555,off,14605.6,/content/CS2309.CH201/results/notebook/qsbench_imgs/20260614-1644-fa0711/baseline_fp32/000000000080_1.png
baseline_fp32,000000000080,2,"a cat is shown in a low polygonal style in winter, covered in snow",2.5387,off,14605.6,/content/CS2309.CH201/results/notebook/qsbench_imgs/20260614-1644-fa0711/baseline_fp32/000000000080_2.png
baseline_fp32,000000000081,0,flowers on a rock in the forest,2.542,off,14605.6,/content/CS2309.CH201/results/notebook/qsbench_imgs/20260614-1644-fa0711/baseline_fp32/000000000081_0.png
baseline_fp32,000000000081,1,"mushrooms on a branch in the forest at night, dark lighting",2.5431,off,14605.6,/content/CS2309.CH201/results/notebook/qsbench_imgs/20260614-1644-fa0711/baseline_fp32/000000000081_1.png
baseline_fp32,000000000081,2,"mushrooms on a branch in the forest in winter, covered in snow",2.5295,off,14605.6,/content/CS2309.CH201/results/notebook/qsbench_imgs/20260614-1644-fa0711/baseline_fp32/000000000081_2.png
baseline_fp32,000000000082,0,a cute cat holding a pink ball,2.5328,off,14605.6,/content/CS2309.CH201/results/notebook/qsbench_imgs/20260614-1644-fa0711/baseline_fp32/000000000082_0.png
baseline_fp32,000000000082,1,"a cute dog holding a red heart at night, dark lighting",2.5415,off,14605.6,/content/CS2309.CH201/results/notebook/qsbench_imgs/20260614-1644-fa0711/baseline_fp32/000000000082_1.png
baseline_fp32,000000000082,2,"a cute dog holding a red heart in winter, covered in snow",2.5443,off,14605.6,/content/CS2309.CH201/results/notebook/qsbench_imgs/20260614-1644-fa0711/baseline_fp32/000000000082_2.png
baseline_fp32,000000000083,0,a ink droplet hangs from a string of flashing red lights,2.5299,off,14605.6,/content/CS2309.CH201/results/notebook/qsbench_imgs/20260614-1644-fa0711/baseline_fp32/000000000083_0.png
baseline_fp32,000000000083,1,"a water droplet hangs from a string of lights at night, dark lighting",2.5287,off,14605.6,/content/CS2309.CH201/results/notebook/qsbench_imgs/20260614-1644-fa0711/baseline_fp32/000000000083_1.png
baseline_fp32,000000000083,2,"a water droplet hangs from a string of lights in winter, covered in snow",2.5534,off,14605.6,/content/CS2309.CH201/results/notebook/qsbench_imgs/20260614-1644-fa0711/baseline_fp32/000000000083_2.png
baseline_fp32,000000000084,0,two blue and green toy cats are standing on a snow covered surface,2.5354,off,14605.6,/content/CS2309.CH201/results/notebook/qsbench_imgs/20260614-1644-fa0711/baseline_fp32/000000000084_0.png
baseline_fp32,000000000084,1,"two red and white toy gnomes are sitting on a snow covered surface at night, dark lighting",2.5335,off,14605.6,/content/CS2309.CH201/results/notebook/qsbench_imgs/20260614-1644-fa0711/baseline_fp32/000000000084_1.png
baseline_fp32,000000000084,2,"two red and white toy gnomes are sitting on a snow covered surface in winter, covered in snow",2.5336,off,14605.6,/content/CS2309.CH201/results/notebook/qsbench_imgs/20260614-1644-fa0711/baseline_fp32/000000000084_2.png
baseline_fp32,000000000085,0,dog howling at the sun with a outline of a person,2.5146,off,14605.6,/content/CS2309.CH201/results/notebook/qsbench_imgs/20260614-1644-fa0711/baseline_fp32/000000000085_0.png
baseline_fp32,000000000085,1,"wolf howling at the moon with a outline of a wolf at night, dark lighting",2.5201,off,14605.6,/content/CS2309.CH201/results/notebook/qsbench_imgs/20260614-1644-fa0711/baseline_fp32/000000000085_1.png
baseline_fp32,000000000085,2,"wolf howling at the moon with a outline of a wolf in winter, covered in snow",2.5233,off,14605.6,/content/CS2309.CH201/results/notebook/qsbench_imgs/20260614-1644-fa0711/baseline_fp32/000000000085_2.png
baseline_fp32,000000000086,0,the violet cherry tree is blooming in the winter,2.5478,off,14605.6,/content/CS2309.CH201/results/notebook/qsbench_imgs/20260614-1644-fa0711/baseline_fp32/000000000086_0.png
baseline_fp32,000000000086,1,"the almond tree is blooming in the spring at night, dark lighting",2.5424,off,14605.6,/content/CS2309.CH201/results/notebook/qsbench_imgs/20260614-1644-fa0711/baseline_fp32/000000000086_1.png
baseline_fp32,000000000086,2,"the almond tree is blooming in the spring in winter, covered in snow",2.5521,off,14605.6,/content/CS2309.CH201/results/notebook/qsbench_imgs/20260614-1644-fa0711/baseline_fp32/000000000086_2.png
baseline_fp32,000000000087,0,a girl rides a dog on a snow field,2.5424,off,14605.6,/content/CS2309.CH201/results/notebook/qsbench_imgs/20260614-1644-fa0711/baseline_fp32/000000000087_0.png
baseline_fp32,000000000087,1,"a jockey rides a horse on a grassy field at night, dark lighting",2.5534,off,14605.6,/content/CS2309.CH201/results/notebook/qsbench_imgs/20260614-1644-fa0711/baseline_fp32/000000000087_1.png
baseline_fp32,000000000087,2,"a jockey rides a horse on a grassy field in winter, covered in snow",2.5351,off,14605.6,/content/CS2309.CH201/results/notebook/qsbench_imgs/20260614-1644-fa0711/baseline_fp32/000000000087_2.png
baseline_fp32,000000000088,0,"a plate with rice, apple slices and steak",2.5238,off,14605.6,/content/CS2309.CH201/results/notebook/qsbench_imgs/20260614-1644-fa0711/baseline_fp32/000000000088_0.png
baseline_fp32,000000000088,1,"a plate with rice, lemon slices and fish at night, dark lighting",2.5416,off,14605.6,/content/CS2309.CH201/results/notebook/qsbench_imgs/20260614-1644-fa0711/baseline_fp32/000000000088_1.png
baseline_fp32,000000000088,2,"a plate with rice, lemon slices and fish in winter, covered in snow",2.5483,off,14605.6,/content/CS2309.CH201/results/notebook/qsbench_imgs/20260614-1644-fa0711/baseline_fp32/000000000088_2.png
baseline_fp32,000000000089,0,two purple apples on a tree branch with a pink sky in the background,2.533,off,14605.6,/content/CS2309.CH201/results/notebook/qsbench_imgs/20260614-1644-fa0711/baseline_fp32/000000000089_0.png
baseline_fp32,000000000089,1,"two red berries on a tree branch with a blue sky in the background at night, dark lighting",2.5299,off,14605.6,/content/CS2309.CH201/results/notebook/qsbench_imgs/20260614-1644-fa0711/baseline_fp32/000000000089_1.png
baseline_fp32,000000000089,2,"two red berries on a tree branch with a blue sky in the background in winter, covered in snow",2.5485,off,14605.6,/content/CS2309.CH201/results/notebook/qsbench_imgs/20260614-1644-fa0711/baseline_fp32/000000000089_2.png
baseline_fp32,000000000090,0,a drawing of a woman with a colorfull hat on her head and a dress on her body,2.5137,off,14605.6,/content/CS2309.CH201/results/notebook/qsbench_imgs/20260614-1644-fa0711/baseline_fp32/000000000090_0.png
baseline_fp32,000000000090,1,"a drawing of a woman with a towel on her head at night, dark lighting",2.5173,off,14605.6,/content/CS2309.CH201/results/notebook/qsbench_imgs/20260614-1644-fa0711/baseline_fp32/000000000090_1.png
baseline_fp32,000000000090,2,"a drawing of a woman with a towel on her head in winter, covered in snow",2.5264,off,14605.6,/content/CS2309.CH201/results/notebook/qsbench_imgs/20260614-1644-fa0711/baseline_fp32/000000000090_2.png
baseline_fp32,000000000091,0,a girl with flowers sitting at a table with noodles and cakes,2.545,off,14605.6,/content/CS2309.CH201/results/notebook/qsbench_imgs/20260614-1644-fa0711/baseline_fp32/000000000091_0.png
baseline_fp32,000000000091,1,"a girl sitting at a table with pizza and drinks at night, dark lighting",2.5541,off,14605.6,/content/CS2309.CH201/results/notebook/qsbench_imgs/20260614-1644-fa0711/baseline_fp32/000000000091_1.png
baseline_fp32,000000000091,2,"a girl sitting at a table with pizza and drinks in winter, covered in snow",2.5652,off,14605.6,/content/CS2309.CH201/results/notebook/qsbench_imgs/20260614-1644-fa0711/baseline_fp32/000000000091_2.png
baseline_fp32,000000000092,0,lilas and cakes on black glass surface,2.5371,off,14605.6,/content/CS2309.CH201/results/notebook/qsbench_imgs/20260614-1644-fa0711/baseline_fp32/000000000092_0.png
baseline_fp32,000000000092,1,"lilas and book on wooden surface at night, dark lighting",2.5522,off,14605.6,/content/CS2309.CH201/results/notebook/qsbench_imgs/20260614-1644-fa0711/baseline_fp32/000000000092_1.png
baseline_fp32,000000000092,2,"lilas and book on wooden surface in winter, covered in snow",2.5543,off,14605.6,/content/CS2309.CH201/results/notebook/qsbench_imgs/20260614-1644-fa0711/baseline_fp32/000000000092_2.png
baseline_fp32,000000000093,0,a garfield cat is sleeping on a sofa,2.5475,off,14605.6,/content/CS2309.CH201/results/notebook/qsbench_imgs/20260614-1644-fa0711/baseline_fp32/000000000093_0.png
baseline_fp32,000000000093,1,"a collie dog is sitting on a bed at night, dark lighting",2.5291,off,14605.6,/content/CS2309.CH201/results/notebook/qsbench_imgs/20260614-1644-fa0711/baseline_fp32/000000000093_1.png
baseline_fp32,000000000093,2,"a collie dog is sitting on a bed in winter, covered in snow",2.5312,off,14605.6,/content/CS2309.CH201/results/notebook/qsbench_imgs/20260614-1644-fa0711/baseline_fp32/000000000093_2.png
baseline_fp32,000000000094,0,a cat is sleeping on a blue sweater,2.5491,off,14605.6,/content/CS2309.CH201/results/notebook/qsbench_imgs/20260614-1644-fa0711/baseline_fp32/000000000094_0.png
baseline_fp32,000000000094,1,"a cat is sitting on a red blanket at night, dark lighting",2.5597,off,14605.6,/content/CS2309.CH201/results/notebook/qsbench_imgs/20260614-1644-fa0711/baseline_fp32/000000000094_1.png
baseline_fp32,000000000094,2,"a cat is sitting on a red blanket in winter, covered in snow",2.5523,off,14605.6,/content/CS2309.CH201/results/notebook/qsbench_imgs/20260614-1644-fa0711/baseline_fp32/000000000094_2.png
baseline_fp32,000000000095,0,a painting of a fairy with purple wings holding a white crystal ball,2.5488,off,14605.6,/content/CS2309.CH201/results/notebook/qsbench_imgs/20260614-1644-fa0711/baseline_fp32/000000000095_0.png
baseline_fp32,000000000095,1,"a painting of a fairy with green wings holding a glowing jar at night, dark lighting",2.5411,off,14605.6,/content/CS2309.CH201/results/notebook/qsbench_imgs/20260614-1644-fa0711/baseline_fp32/000000000095_1.png
baseline_fp32,000000000095,2,"a painting of a fairy with green wings holding a glowing jar in winter, covered in snow",2.5417,off,14605.6,/content/CS2309.CH201/results/notebook/qsbench_imgs/20260614-1644-fa0711/baseline_fp32/000000000095_2.png
baseline_fp32,000000000096,0,a colorful and beautiful photo of bride and groom embrace in the church,2.5336,off,14605.6,/content/CS2309.CH201/results/notebook/qsbench_imgs/20260614-1644-fa0711/baseline_fp32/000000000096_0.png
baseline_fp32,000000000096,1,"a white and black photo of bride and groom embrace in the woods at night, dark lighting",2.5278,off,14605.6,/content/CS2309.CH201/results/notebook/qsbench_imgs/20260614-1644-fa0711/baseline_fp32/000000000096_1.png
baseline_fp32,000000000096,2,"a white and black photo of bride and groom embrace in the woods in winter, covered in snow",2.538,off,14605.6,/content/CS2309.CH201/results/notebook/qsbench_imgs/20260614-1644-fa0711/baseline_fp32/000000000096_2.png
baseline_fp32,000000000097,0,a metal vase of colorful rose flowers on a white table,2.5317,off,14605.6,/content/CS2309.CH201/results/notebook/qsbench_imgs/20260614-1644-fa0711/baseline_fp32/000000000097_0.png
baseline_fp32,000000000097,1,"a vase of colorful flowers on a wooden table at night, dark lighting",2.5478,off,14605.6,/content/CS2309.CH201/results/notebook/qsbench_imgs/20260614-1644-fa0711/baseline_fp32/000000000097_1.png
baseline_fp32,000000000097,2,"a vase of colorful flowers on a wooden table in winter, covered in snow",2.527,off,14605.6,/content/CS2309.CH201/results/notebook/qsbench_imgs/20260614-1644-fa0711/baseline_fp32/000000000097_2.png
baseline_fp32,000000000098,0,a cat hanging from a wire with grass in the background,2.5267,off,14605.6,/content/CS2309.CH201/results/notebook/qsbench_imgs/20260614-1644-fa0711/baseline_fp32/000000000098_0.png
baseline_fp32,000000000098,1,"a light bulb hanging from a wire with sky in the background at night, dark lighting",2.5271,off,14605.6,/content/CS2309.CH201/results/notebook/qsbench_imgs/20260614-1644-fa0711/baseline_fp32/000000000098_1.png
baseline_fp32,000000000098,2,"a light bulb hanging from a wire with sky in the background in winter, covered in snow",2.5307,off,14605.6,/content/CS2309.CH201/results/notebook/qsbench_imgs/20260614-1644-fa0711/baseline_fp32/000000000098_2.png
baseline_fp32,000000000099,0,a painting of a woman with pink hair holding a teddy bear,2.5419,off,14605.6,/content/CS2309.CH201/results/notebook/qsbench_imgs/20260614-1644-fa0711/baseline_fp32/000000000099_0.png
baseline_fp32,000000000099,1,"a painting of a woman holding a pink flower at night, dark lighting",2.5277,off,14605.6,/content/CS2309.CH201/results/notebook/qsbench_imgs/20260614-1644-fa0711/baseline_fp32/000000000099_1.png
baseline_fp32,000000000099,2,"a painting of a woman holding a pink flower in winter, covered in snow",2.5242,off,14605.6,/content/CS2309.CH201/results/notebook/qsbench_imgs/20260614-1644-fa0711/baseline_fp32/000000000099_2.png
baseline_fp32,000000000100,0,a woman in red holding an umbrella runs through a forest,2.5307,off,14605.6,/content/CS2309.CH201/results/notebook/qsbench_imgs/20260614-1644-fa0711/baseline_fp32/000000000100_0.png
baseline_fp32,000000000100,1,"a woman in black holding an umbrella walks through a field at night, dark lighting",2.5322,off,14605.6,/content/CS2309.CH201/results/notebook/qsbench_imgs/20260614-1644-fa0711/baseline_fp32/000000000100_1.png
baseline_fp32,000000000100,2,"a woman in black holding an umbrella walks through a field in winter, covered in snow",2.5288,off,14605.6,/content/CS2309.CH201/results/notebook/qsbench_imgs/20260614-1644-fa0711/baseline_fp32/000000000100_2.png
baseline_fp32,000000000101,0,blue poppies and bees in winter,2.5233,off,14605.6,/content/CS2309.CH201/results/notebook/qsbench_imgs/20260614-1644-fa0711/baseline_fp32/000000000101_0.png
baseline_fp32,000000000101,1,"poppies at night, dark lighting",2.5164,off,14605.6,/content/CS2309.CH201/results/notebook/qsbench_imgs/20260614-1644-fa0711/baseline_fp32/000000000101_1.png
baseline_fp32,000000000101,2,"poppies in winter, covered in snow",2.5332,off,14605.6,/content/CS2309.CH201/results/notebook/qsbench_imgs/20260614-1644-fa0711/baseline_fp32/000000000101_2.png
baseline_fp32,000000000102,0,a white tulip on the rail,2.5634,off,14605.6,/content/CS2309.CH201/results/notebook/qsbench_imgs/20260614-1644-fa0711/baseline_fp32/000000000102_0.png
baseline_fp32,000000000102,1,"a rose on the rail at night, dark lighting",2.5274,off,14605.6,/content/CS2309.CH201/results/notebook/qsbench_imgs/20260614-1644-fa0711/baseline_fp32/000000000102_1.png
baseline_fp32,000000000102,2,"a rose on the rail in winter, covered in snow",2.5305,off,14605.6,/content/CS2309.CH201/results/notebook/qsbench_imgs/20260614-1644-fa0711/baseline_fp32/000000000102_2.png
baseline_fp32,000000000103,0,an digital painting of stars and moon,2.523,off,14605.6,/content/CS2309.CH201/results/notebook/qsbench_imgs/20260614-1644-fa0711/baseline_fp32/000000000103_0.png
baseline_fp32,000000000103,1,"an abstract painting of waves and water at night, dark lighting",2.5482,off,14605.6,/content/CS2309.CH201/results/notebook/qsbench_imgs/20260614-1644-fa0711/baseline_fp32/000000000103_1.png
baseline_fp32,000000000103,2,"an abstract painting of waves and water in winter, covered in snow",2.5291,off,14605.6,/content/CS2309.CH201/results/notebook/qsbench_imgs/20260614-1644-fa0711/baseline_fp32/000000000103_2.png
baseline_fp32,000000000104,0,a woman with white snakes in her hair,2.5354,off,14605.6,/content/CS2309.CH201/results/notebook/qsbench_imgs/20260614-1644-fa0711/baseline_fp32/000000000104_0.png
baseline_fp32,000000000104,1,"a woman with flowers in her hair at night, dark lighting",2.5321,off,14605.6,/content/CS2309.CH201/results/notebook/qsbench_imgs/20260614-1644-fa0711/baseline_fp32/000000000104_1.png
baseline_fp32,000000000104,2,"a woman with flowers in her hair in winter, covered in snow",2.5361,off,14605.6,/content/CS2309.CH201/results/notebook/qsbench_imgs/20260614-1644-fa0711/baseline_fp32/000000000104_2.png
baseline_fp32,000000000105,0,fat orange cat with green eyes,2.5354,off,14605.6,/content/CS2309.CH201/results/notebook/qsbench_imgs/20260614-1644-fa0711/baseline_fp32/000000000105_0.png
baseline_fp32,000000000105,1,"cat with yellow eyes at night, dark lighting",2.5301,off,14605.6,/content/CS2309.CH201/results/notebook/qsbench_imgs/20260614-1644-fa0711/baseline_fp32/000000000105_1.png
baseline_fp32,000000000105,2,"cat with yellow eyes in winter, covered in snow",2.5321,off,14605.6,/content/CS2309.CH201/results/notebook/qsbench_imgs/20260614-1644-fa0711/baseline_fp32/000000000105_2.png
baseline_fp32,000000000106,0,a blue umbrella with rainbow spots on it is sitting on the ground,2.5473,off,14605.6,/content/CS2309.CH201/results/notebook/qsbench_imgs/20260614-1644-fa0711/baseline_fp32/000000000106_0.png
baseline_fp32,000000000106,1,"a red mushroom with white spots on it is sitting on the ground at night, dark lighting",2.5375,off,14605.6,/content/CS2309.CH201/results/notebook/qsbench_imgs/20260614-1644-fa0711/baseline_fp32/000000000106_1.png
baseline_fp32,000000000106,2,"a red mushroom with white spots on it is sitting on the ground in winter, covered in snow",2.5351,off,14605.6,/content/CS2309.CH201/results/notebook/qsbench_imgs/20260614-1644-fa0711/baseline_fp32/000000000106_2.png
baseline_fp32,000000000107,0,a red wodden duck on the branch,2.5357,off,14605.6,/content/CS2309.CH201/results/notebook/qsbench_imgs/20260614-1644-fa0711/baseline_fp32/000000000107_0.png
baseline_fp32,000000000107,1,"a bird on the branch at night, dark lighting",2.535,off,14605.6,/content/CS2309.CH201/results/notebook/qsbench_imgs/20260614-1644-fa0711/baseline_fp32/000000000107_1.png
baseline_fp32,000000000107,2,"a bird on the branch in winter, covered in snow",2.5363,off,14605.6,/content/CS2309.CH201/results/notebook/qsbench_imgs/20260614-1644-fa0711/baseline_fp32/000000000107_2.png
baseline_fp32,000000000108,0,watercolor painting of a boy standing in a living room,2.5444,off,14605.6,/content/CS2309.CH201/results/notebook/qsbench_imgs/20260614-1644-fa0711/baseline_fp32/000000000108_0.png
baseline_fp32,000000000108,1,"a woman sitting in a living room at night, dark lighting",2.5425,off,14605.6,/content/CS2309.CH201/results/notebook/qsbench_imgs/20260614-1644-fa0711/baseline_fp32/000000000108_1.png
baseline_fp32,000000000108,2,"a woman sitting in a living room in winter, covered in snow",2.5396,off,14605.6,/content/CS2309.CH201/results/notebook/qsbench_imgs/20260614-1644-fa0711/baseline_fp32/000000000108_2.png
baseline_fp32,000000000109,0,a school with a red tile roof and trees in the background,2.5464,off,14605.6,/content/CS2309.CH201/results/notebook/qsbench_imgs/20260614-1644-fa0711/baseline_fp32/000000000109_0.png
baseline_fp32,000000000109,1,"a farm with a thatched roof and trees in the background at night, dark lighting",2.5397,off,14605.6,/content/CS2309.CH201/results/notebook/qsbench_imgs/20260614-1644-fa0711/baseline_fp32/000000000109_1.png
baseline_fp32,000000000109,2,"a farm with a thatched roof and trees in the background in winter, covered in snow",2.5245,off,14605.6,/content/CS2309.CH201/results/notebook/qsbench_imgs/20260614-1644-fa0711/baseline_fp32/000000000109_2.png
baseline_fp32,000000000110,0,a old woman is holding a white cat,2.5341,off,14605.6,/content/CS2309.CH201/results/notebook/qsbench_imgs/20260614-1644-fa0711/baseline_fp32/000000000110_0.png
baseline_fp32,000000000110,1,"a young woman is holding a dog at night, dark lighting",2.5295,off,14605.6,/content/CS2309.CH201/results/notebook/qsbench_imgs/20260614-1644-fa0711/baseline_fp32/000000000110_1.png
baseline_fp32,000000000110,2,"a young woman is holding a dog in winter, covered in snow",2.539,off,14605.6,/content/CS2309.CH201/results/notebook/qsbench_imgs/20260614-1644-fa0711/baseline_fp32/000000000110_2.png
baseline_fp32,000000000111,0,a dog with blue eyes standing on the ground,2.548,off,14605.6,/content/CS2309.CH201/results/notebook/qsbench_imgs/20260614-1644-fa0711/baseline_fp32/000000000111_0.png
baseline_fp32,000000000111,1,"a cat with green eyes sitting on the ground at night, dark lighting",2.5387,off,14605.6,/content/CS2309.CH201/results/notebook/qsbench_imgs/20260614-1644-fa0711/baseline_fp32/000000000111_1.png
baseline_fp32,000000000111,2,"a cat with green eyes sitting on the ground in winter, covered in snow",2.5416,off,14605.6,/content/CS2309.CH201/results/notebook/qsbench_imgs/20260614-1644-fa0711/baseline_fp32/000000000111_2.png
baseline_fp32,000000000112,0,a group of pink plush ducks are swimming in a canal,2.5573,off,14605.6,/content/CS2309.CH201/results/notebook/qsbench_imgs/20260614-1644-fa0711/baseline_fp32/000000000112_0.png
baseline_fp32,000000000112,1,"a group of rubber ducks are lined up in a canal at night, dark lighting",2.5516,off,14605.6,/content/CS2309.CH201/results/notebook/qsbench_imgs/20260614-1644-fa0711/baseline_fp32/000000000112_1.png
baseline_fp32,000000000112,2,"a group of rubber ducks are lined up in a canal in winter, covered in snow",2.5333,off,14605.6,/content/CS2309.CH201/results/notebook/qsbench_imgs/20260614-1644-fa0711/baseline_fp32/000000000112_2.png
baseline_fp32,000000000113,0,rabbits holding apples in the grass,2.5543,off,14605.6,/content/CS2309.CH201/results/notebook/qsbench_imgs/20260614-1644-fa0711/baseline_fp32/000000000113_0.png
baseline_fp32,000000000113,1,"dogs running in the grass at night, dark lighting",2.5408,off,14605.6,/content/CS2309.CH201/results/notebook/qsbench_imgs/20260614-1644-fa0711/baseline_fp32/000000000113_1.png
baseline_fp32,000000000113,2,"dogs running in the grass in winter, covered in snow",2.5414,off,14605.6,/content/CS2309.CH201/results/notebook/qsbench_imgs/20260614-1644-fa0711/baseline_fp32/000000000113_2.png
baseline_fp32,000000000114,0,a painting of a man and woman playing on the ground,2.5377,off,14605.6,/content/CS2309.CH201/results/notebook/qsbench_imgs/20260614-1644-fa0711/baseline_fp32/000000000114_0.png
baseline_fp32,000000000114,1,"a photo of a man and woman sitting on the ground at night, dark lighting",2.5342,off,14605.6,/content/CS2309.CH201/results/notebook/qsbench_imgs/20260614-1644-fa0711/baseline_fp32/000000000114_1.png
baseline_fp32,000000000114,2,"a photo of a man and woman sitting on the ground in winter, covered in snow",2.5374,off,14605.6,/content/CS2309.CH201/results/notebook/qsbench_imgs/20260614-1644-fa0711/baseline_fp32/000000000114_2.png
baseline_fp32,000000000115,0,two colorful birds flying next to each other,2.533,off,14605.6,/content/CS2309.CH201/results/notebook/qsbench_imgs/20260614-1644-fa0711/baseline_fp32/000000000115_0.png
baseline_fp32,000000000115,1,"two ducks standing next to each other at night, dark lighting",2.5388,off,14605.6,/content/CS2309.CH201/results/notebook/qsbench_imgs/20260614-1644-fa0711/baseline_fp32/000000000115_1.png
baseline_fp32,000000000115,2,"two ducks standing next to each other in winter, covered in snow",2.5475,off,14605.6,/content/CS2309.CH201/results/notebook/qsbench_imgs/20260614-1644-fa0711/baseline_fp32/000000000115_2.png
baseline_fp32,000000000116,0,colorful dinosaur eggs in a glass,2.5329,off,14605.6,/content/CS2309.CH201/results/notebook/qsbench_imgs/20260614-1644-fa0711/baseline_fp32/000000000116_0.png
baseline_fp32,000000000116,1,"easter eggs in a teacup at night, dark lighting",2.5347,off,14605.6,/content/CS2309.CH201/results/notebook/qsbench_imgs/20260614-1644-fa0711/baseline_fp32/000000000116_1.png
baseline_fp32,000000000116,2,"easter eggs in a teacup in winter, covered in snow",2.5406,off,14605.6,/content/CS2309.CH201/results/notebook/qsbench_imgs/20260614-1644-fa0711/baseline_fp32/000000000116_2.png
baseline_fp32,000000000117,0,a blue flower with red bee center in the middle,2.5438,off,14605.6,/content/CS2309.CH201/results/notebook/qsbench_imgs/20260614-1644-fa0711/baseline_fp32/000000000117_0.png
baseline_fp32,000000000117,1,"a pink flower with yellow center in the middle at night, dark lighting",2.542,off,14605.6,/content/CS2309.CH201/results/notebook/qsbench_imgs/20260614-1644-fa0711/baseline_fp32/000000000117_1.png
baseline_fp32,000000000117,2,"a pink flower with yellow center in the middle in winter, covered in snow",2.5303,off,14605.6,/content/CS2309.CH201/results/notebook/qsbench_imgs/20260614-1644-fa0711/baseline_fp32/000000000117_2.png
baseline_fp32,000000000118,0,a big cat is sitting on a branch in a forest,2.5295,off,14605.6,/content/CS2309.CH201/results/notebook/qsbench_imgs/20260614-1644-fa0711/baseline_fp32/000000000118_0.png
baseline_fp32,000000000118,1,"a small bird is sitting on a branch in a field at night, dark lighting",2.5343,off,14605.6,/content/CS2309.CH201/results/notebook/qsbench_imgs/20260614-1644-fa0711/baseline_fp32/000000000118_1.png
baseline_fp32,000000000118,2,"a small bird is sitting on a branch in a field in winter, covered in snow",2.5316,off,14605.6,/content/CS2309.CH201/results/notebook/qsbench_imgs/20260614-1644-fa0711/baseline_fp32/000000000118_2.png
baseline_fp32,000000000119,0,a woman in white crying on a chair with ghost in the background,2.5324,off,14605.6,/content/CS2309.CH201/results/notebook/qsbench_imgs/20260614-1644-fa0711/baseline_fp32/000000000119_0.png
baseline_fp32,000000000119,1,"a woman in red sitting on a chair with castle in the background at night, dark lighting",2.5301,off,14605.6,/content/CS2309.CH201/results/notebook/qsbench_imgs/20260614-1644-fa0711/baseline_fp32/000000000119_1.png
baseline_fp32,000000000119,2,"a woman in red sitting on a chair with castle in the background in winter, covered in snow",2.5288,off,14605.6,/content/CS2309.CH201/results/notebook/qsbench_imgs/20260614-1644-fa0711/baseline_fp32/000000000119_2.png
baseline_fp32,000000000120,0,woman with pink straight hair and blue eyes,2.5278,off,14605.6,/content/CS2309.CH201/results/notebook/qsbench_imgs/20260614-1644-fa0711/baseline_fp32/000000000120_0.png
baseline_fp32,000000000120,1,"woman with brown hair at night, dark lighting",2.5329,off,14605.6,/content/CS2309.CH201/results/notebook/qsbench_imgs/20260614-1644-fa0711/baseline_fp32/000000000120_1.png
baseline_fp32,000000000120,2,"woman with brown hair in winter, covered in snow",2.5365,off,14605.6,/content/CS2309.CH201/results/notebook/qsbench_imgs/20260614-1644-fa0711/baseline_fp32/000000000120_2.png
baseline_fp32,000000000121,0,oilpainting of pink roses on a branch,2.5305,off,14605.6,/content/CS2309.CH201/results/notebook/qsbench_imgs/20260614-1644-fa0711/baseline_fp32/000000000121_0.png
baseline_fp32,000000000121,1,"watercolor of leaves on a branch at night, dark lighting",2.5312,off,14605.6,/content/CS2309.CH201/results/notebook/qsbench_imgs/20260614-1644-fa0711/baseline_fp32/000000000121_1.png
baseline_fp32,000000000121,2,"watercolor of leaves on a branch in winter, covered in snow",2.5399,off,14605.6,/content/CS2309.CH201/results/notebook/qsbench_imgs/20260614-1644-fa0711/baseline_fp32/000000000121_2.png
baseline_fp32,000000000122,0,a view of the mountains covered in red berries and leaves,2.5394,off,14605.6,/content/CS2309.CH201/results/notebook/qsbench_imgs/20260614-1644-fa0711/baseline_fp32/000000000122_0.png
baseline_fp32,000000000122,1,"a view of the mountains covered in snow at night, dark lighting",2.5205,off,14605.6,/content/CS2309.CH201/results/notebook/qsbench_imgs/20260614-1644-fa0711/baseline_fp32/000000000122_1.png
baseline_fp32,000000000122,2,"a view of the mountains covered in snow in winter, covered in snow",2.5294,off,14605.6,/content/CS2309.CH201/results/notebook/qsbench_imgs/20260614-1644-fa0711/baseline_fp32/000000000122_2.png
baseline_fp32,000000000123,0,red stone buddha statue with diamonds in the temple,2.535,off,14605.6,/content/CS2309.CH201/results/notebook/qsbench_imgs/20260614-1644-fa0711/baseline_fp32/000000000123_0.png
baseline_fp32,000000000123,1,"gold buddha statue in the temple at night, dark lighting",2.5353,off,14605.6,/content/CS2309.CH201/results/notebook/qsbench_imgs/20260614-1644-fa0711/baseline_fp32/000000000123_1.png
baseline_fp32,000000000123,2,"gold buddha statue in the temple in winter, covered in snow",2.5194,off,14605.6,/content/CS2309.CH201/results/notebook/qsbench_imgs/20260614-1644-fa0711/baseline_fp32/000000000123_2.png
baseline_fp32,000000000124,0,the pink sunset and rainbow over the durdle door,2.5191,off,14605.6,/content/CS2309.CH201/results/notebook/qsbench_imgs/20260614-1644-fa0711/baseline_fp32/000000000124_0.png
baseline_fp32,000000000124,1,"the galaxy over the durdle door at night, dark lighting",2.5355,off,14605.6,/content/CS2309.CH201/results/notebook/qsbench_imgs/20260614-1644-fa0711/baseline_fp32/000000000124_1.png
baseline_fp32,000000000124,2,"the galaxy over the durdle door in winter, covered in snow",2.5367,off,14605.6,/content/CS2309.CH201/results/notebook/qsbench_imgs/20260614-1644-fa0711/baseline_fp32/000000000124_2.png
baseline_fp32,000000000125,0,a close up of a blue flower lego on a light background,2.5337,off,14605.6,/content/CS2309.CH201/results/notebook/qsbench_imgs/20260614-1644-fa0711/baseline_fp32/000000000125_0.png
baseline_fp32,000000000125,1,"a close up of a purple flower on a black background at night, dark lighting",2.5358,off,14605.6,/content/CS2309.CH201/results/notebook/qsbench_imgs/20260614-1644-fa0711/baseline_fp32/000000000125_1.png
baseline_fp32,000000000125,2,"a close up of a purple flower on a black background in winter, covered in snow",2.5303,off,14605.6,/content/CS2309.CH201/results/notebook/qsbench_imgs/20260614-1644-fa0711/baseline_fp32/000000000125_2.png
baseline_fp32,000000000126,0,an oil painting of a cat in kitchen,2.5353,off,14605.6,/content/CS2309.CH201/results/notebook/qsbench_imgs/20260614-1644-fa0711/baseline_fp32/000000000126_0.png
baseline_fp32,000000000126,1,"a kitchen at night, dark lighting",2.5303,off,14605.6,/content/CS2309.CH201/results/notebook/qsbench_imgs/20260614-1644-fa0711/baseline_fp32/000000000126_1.png
baseline_fp32,000000000126,2,"a kitchen in winter, covered in snow",2.5383,off,14605.6,/content/CS2309.CH201/results/notebook/qsbench_imgs/20260614-1644-fa0711/baseline_fp32/000000000126_2.png
baseline_fp32,000000000127,0,a white boat with boxes is docked on a lake in the sunny day,2.5292,off,14605.6,/content/CS2309.CH201/results/notebook/qsbench_imgs/20260614-1644-fa0711/baseline_fp32/000000000127_0.png
baseline_fp32,000000000127,1,"a boat is docked on a lake in the heavy fog at night, dark lighting",2.5257,off,14605.6,/content/CS2309.CH201/results/notebook/qsbench_imgs/20260614-1644-fa0711/baseline_fp32/000000000127_1.png
baseline_fp32,000000000127,2,"a boat is docked on a lake in the heavy fog in winter, covered in snow",2.5378,off,14605.6,/content/CS2309.CH201/results/notebook/qsbench_imgs/20260614-1644-fa0711/baseline_fp32/000000000127_2.png
baseline_fp32,000000000128,0,watercolor painting of a cat sleeping with pink flowers with a light background,2.532,off,14605.6,/content/CS2309.CH201/results/notebook/qsbench_imgs/20260614-1644-fa0711/baseline_fp32/000000000128_0.png
baseline_fp32,000000000128,1,"cartoon painting of a fox sleeping with flowers with a gray background at night, dark lighting",2.5441,off,14605.6,/content/CS2309.CH201/results/notebook/qsbench_imgs/20260614-1644-fa0711/baseline_fp32/000000000128_1.png
baseline_fp32,000000000128,2,"cartoon painting of a fox sleeping with flowers with a gray background in winter, covered in snow",2.5328,off,14605.6,/content/CS2309.CH201/results/notebook/qsbench_imgs/20260614-1644-fa0711/baseline_fp32/000000000128_2.png
baseline_fp32,000000000129,0,a woman with blue makeup and a hat,2.5454,off,14605.6,/content/CS2309.CH201/results/notebook/qsbench_imgs/20260614-1644-fa0711/baseline_fp32/000000000129_0.png
baseline_fp32,000000000129,1,"a woman with gold makeup at night, dark lighting",2.5396,off,14605.6,/content/CS2309.CH201/results/notebook/qsbench_imgs/20260614-1644-fa0711/baseline_fp32/000000000129_1.png
baseline_fp32,000000000129,2,"a woman with gold makeup in winter, covered in snow",2.5423,off,14605.6,/content/CS2309.CH201/results/notebook/qsbench_imgs/20260614-1644-fa0711/baseline_fp32/000000000129_2.png
baseline_fp32,000000000130,0,a toy figure of cat sitting on a rock,2.5354,off,14605.6,/content/CS2309.CH201/results/notebook/qsbench_imgs/20260614-1644-fa0711/baseline_fp32/000000000130_0.png
baseline_fp32,000000000130,1,"a toy figure of naruto standing on a table at night, dark lighting",2.5358,off,14605.6,/content/CS2309.CH201/results/notebook/qsbench_imgs/20260614-1644-fa0711/baseline_fp32/000000000130_1.png
baseline_fp32,000000000130,2,"a toy figure of naruto standing on a table in winter, covered in snow",2.546,off,14605.6,/content/CS2309.CH201/results/notebook/qsbench_imgs/20260614-1644-fa0711/baseline_fp32/000000000130_2.png
baseline_fp32,000000000131,0,a swan swimming in a pool with its wings under the water,2.5361,off,14605.6,/content/CS2309.CH201/results/notebook/qsbench_imgs/20260614-1644-fa0711/baseline_fp32/000000000131_0.png
baseline_fp32,000000000131,1,"a swan swimming in a pond with its head out the water at night, dark lighting",2.5405,off,14605.6,/content/CS2309.CH201/results/notebook/qsbench_imgs/20260614-1644-fa0711/baseline_fp32/000000000131_1.png
baseline_fp32,000000000131,2,"a swan swimming in a pond with its head out the water in winter, covered in snow",2.5358,off,14605.6,/content/CS2309.CH201/results/notebook/qsbench_imgs/20260614-1644-fa0711/baseline_fp32/000000000131_2.png
baseline_fp32,000000000132,0,a little girl wearing hat and a gray dress leaning against a wall,2.5385,off,14605.6,/content/CS2309.CH201/results/notebook/qsbench_imgs/20260614-1644-fa0711/baseline_fp32/000000000132_0.png
baseline_fp32,000000000132,1,"a little girl wearing sunglasses and a gray shirt leaning against a wall at night, dark lighting",2.55,off,14605.6,/content/CS2309.CH201/results/notebook/qsbench_imgs/20260614-1644-fa0711/baseline_fp32/000000000132_1.png
baseline_fp32,000000000132,2,"a little girl wearing sunglasses and a gray shirt leaning against a wall in winter, covered in snow",2.5572,off,14605.6,/content/CS2309.CH201/results/notebook/qsbench_imgs/20260614-1644-fa0711/baseline_fp32/000000000132_2.png
baseline_fp32,000000000133,0,a white dog in the sky with a red background,2.552,off,14605.6,/content/CS2309.CH201/results/notebook/qsbench_imgs/20260614-1644-fa0711/baseline_fp32/000000000133_0.png
baseline_fp32,000000000133,1,"a lion in the sky with a blue background at night, dark lighting",2.5351,off,14605.6,/content/CS2309.CH201/results/notebook/qsbench_imgs/20260614-1644-fa0711/baseline_fp32/000000000133_1.png
baseline_fp32,000000000133,2,"a lion in the sky with a blue background in winter, covered in snow",2.5314,off,14605.6,/content/CS2309.CH201/results/notebook/qsbench_imgs/20260614-1644-fa0711/baseline_fp32/000000000133_2.png
baseline_fp32,000000000134,0,a red and white chicken flying in the pink sky,2.5172,off,14605.6,/content/CS2309.CH201/results/notebook/qsbench_imgs/20260614-1644-fa0711/baseline_fp32/000000000134_0.png
baseline_fp32,000000000134,1,"a black and white bird flying in the blue sky at night, dark lighting",2.5309,off,14605.6,/content/CS2309.CH201/results/notebook/qsbench_imgs/20260614-1644-fa0711/baseline_fp32/000000000134_1.png
baseline_fp32,000000000134,2,"a black and white bird flying in the blue sky in winter, covered in snow",2.5267,off,14605.6,/content/CS2309.CH201/results/notebook/qsbench_imgs/20260614-1644-fa0711/baseline_fp32/000000000134_2.png
baseline_fp32,000000000135,0,the two old people are sitting on boat with a fish,2.5276,off,14605.6,/content/CS2309.CH201/results/notebook/qsbench_imgs/20260614-1644-fa0711/baseline_fp32/000000000135_0.png
baseline_fp32,000000000135,1,"the two people are standing on rocks with a fish at night, dark lighting",2.5572,off,14605.6,/content/CS2309.CH201/results/notebook/qsbench_imgs/20260614-1644-fa0711/baseline_fp32/000000000135_1.png
baseline_fp32,000000000135,2,"the two people are standing on rocks with a fish in winter, covered in snow",2.5412,off,14605.6,/content/CS2309.CH201/results/notebook/qsbench_imgs/20260614-1644-fa0711/baseline_fp32/000000000135_2.png
baseline_fp32,000000000136,0,a blue parrot sitting on a green branch,2.5232,off,14605.6,/content/CS2309.CH201/results/notebook/qsbench_imgs/20260614-1644-fa0711/baseline_fp32/000000000136_0.png
baseline_fp32,000000000136,1,"a yellow bird sitting on a branch at night, dark lighting",2.5345,off,14605.6,/content/CS2309.CH201/results/notebook/qsbench_imgs/20260614-1644-fa0711/baseline_fp32/000000000136_1.png
baseline_fp32,000000000136,2,"a yellow bird sitting on a branch in winter, covered in snow",2.5501,off,14605.6,/content/CS2309.CH201/results/notebook/qsbench_imgs/20260614-1644-fa0711/baseline_fp32/000000000136_2.png
baseline_fp32,000000000137,0,a red pagoda in the heavy rain,2.5368,off,14605.6,/content/CS2309.CH201/results/notebook/qsbench_imgs/20260614-1644-fa0711/baseline_fp32/000000000137_0.png
baseline_fp32,000000000137,1,"a golden pagoda in the snow at night, dark lighting",2.5376,off,14605.6,/content/CS2309.CH201/results/notebook/qsbench_imgs/20260614-1644-fa0711/baseline_fp32/000000000137_1.png
baseline_fp32,000000000137,2,"a golden pagoda in the snow in winter, covered in snow",2.5356,off,14605.6,/content/CS2309.CH201/results/notebook/qsbench_imgs/20260614-1644-fa0711/baseline_fp32/000000000137_2.png
baseline_fp32,000000000138,0,a white cat with a hat,2.5553,off,14605.6,/content/CS2309.CH201/results/notebook/qsbench_imgs/20260614-1644-fa0711/baseline_fp32/000000000138_0.png
baseline_fp32,000000000138,1,"a cat at night, dark lighting",2.5627,off,14605.6,/content/CS2309.CH201/results/notebook/qsbench_imgs/20260614-1644-fa0711/baseline_fp32/000000000138_1.png
baseline_fp32,000000000138,2,"a cat in winter, covered in snow",2.5439,off,14605.6,/content/CS2309.CH201/results/notebook/qsbench_imgs/20260614-1644-fa0711/baseline_fp32/000000000138_2.png
baseline_fp32,000000000139,0,a chicken sitting on a board near water,2.5269,off,14605.6,/content/CS2309.CH201/results/notebook/qsbench_imgs/20260614-1644-fa0711/baseline_fp32/000000000139_0.png
baseline_fp32,000000000139,1,"a duck standing on a rock near water at night, dark lighting",2.5343,off,14605.6,/content/CS2309.CH201/results/notebook/qsbench_imgs/20260614-1644-fa0711/baseline_fp32/000000000139_1.png
baseline_fp32,000000000139,2,"a duck standing on a rock near water in winter, covered in snow",2.5645,off,14605.6,/content/CS2309.CH201/results/notebook/qsbench_imgs/20260614-1644-fa0711/baseline_fp32/000000000139_2.png
baseline_fp32,111000000000,0,sharks and flowers in the ocean,2.5396,off,14605.6,/content/CS2309.CH201/results/notebook/qsbench_imgs/20260614-1644-fa0711/baseline_fp32/111000000000_0.png
baseline_fp32,111000000000,1,"fishes and kelp in the ocean at night, dark lighting",2.5332,off,14605.6,/content/CS2309.CH201/results/notebook/qsbench_imgs/20260614-1644-fa0711/baseline_fp32/111000000000_1.png
baseline_fp32,111000000000,2,"fishes and kelp in the ocean in winter, covered in snow",2.5464,off,14605.6,/content/CS2309.CH201/results/notebook/qsbench_imgs/20260614-1644-fa0711/baseline_fp32/111000000000_2.png
baseline_fp32,111000000001,0,a tiger wearing a pink scarf,2.5536,off,14605.6,/content/CS2309.CH201/results/notebook/qsbench_imgs/20260614-1644-fa0711/baseline_fp32/111000000001_0.png
baseline_fp32,111000000001,1,"a cat wearing a pink hat at night, dark lighting",2.5465,off,14605.6,/content/CS2309.CH201/results/notebook/qsbench_imgs/20260614-1644-fa0711/baseline_fp32/111000000001_1.png
baseline_fp32,111000000001,2,"a cat wearing a pink hat in winter, covered in snow",2.5325,off,14605.6,/content/CS2309.CH201/results/notebook/qsbench_imgs/20260614-1644-fa0711/baseline_fp32/111000000001_2.png
baseline_fp32,111000000002,0,a cute little marmot with big mouth,2.54,off,14605.6,/content/CS2309.CH201/results/notebook/qsbench_imgs/20260614-1644-fa0711/baseline_fp32/111000000002_0.png
baseline_fp32,111000000002,1,"a cute little duck with big eyes at night, dark lighting",2.5318,off,14605.6,/content/CS2309.CH201/results/notebook/qsbench_imgs/20260614-1644-fa0711/baseline_fp32/111000000002_1.png
baseline_fp32,111000000002,2,"a cute little duck with big eyes in winter, covered in snow",2.5562,off,14605.6,/content/CS2309.CH201/results/notebook/qsbench_imgs/20260614-1644-fa0711/baseline_fp32/111000000002_2.png
baseline_fp32,111000000003,0,a cute little pig with big ears,2.5535,off,14605.6,/content/CS2309.CH201/results/notebook/qsbench_imgs/20260614-1644-fa0711/baseline_fp32/111000000003_0.png
baseline_fp32,111000000003,1,"a cute little bunny with big eyes at night, dark lighting",2.5458,off,14605.6,/content/CS2309.CH201/results/notebook/qsbench_imgs/20260614-1644-fa0711/baseline_fp32/111000000003_1.png
baseline_fp32,111000000003,2,"a cute little bunny with big eyes in winter, covered in snow",2.548,off,14605.6,/content/CS2309.CH201/results/notebook/qsbench_imgs/20260614-1644-fa0711/baseline_fp32/111000000003_2.png
baseline_fp32,111000000004,0,a cartoon painting of a cute cat with a circle on its body,2.5377,off,14605.6,/content/CS2309.CH201/results/notebook/qsbench_imgs/20260614-1644-fa0711/baseline_fp32/111000000004_0.png
baseline_fp32,111000000004,1,"a cartoon painting of a cute owl with a heart on its body at night, dark lighting",2.5352,off,14605.6,/content/CS2309.CH201/results/notebook/qsbench_imgs/20260614-1644-fa0711/baseline_fp32/111000000004_1.png
baseline_fp32,111000000004,2,"a cartoon painting of a cute owl with a heart on its body in winter, covered in snow",2.5371,off,14605.6,/content/CS2309.CH201/results/notebook/qsbench_imgs/20260614-1644-fa0711/baseline_fp32/111000000004_2.png
baseline_fp32,111000000005,0,a boy and his monkey in a field,2.5492,off,14605.6,/content/CS2309.CH201/results/notebook/qsbench_imgs/20260614-1644-fa0711/baseline_fp32/111000000005_0.png
baseline_fp32,111000000005,1,"a girl and her dog in a field at night, dark lighting",2.5384,off,14605.6,/content/CS2309.CH201/results/notebook/qsbench_imgs/20260614-1644-fa0711/baseline_fp32/111000000005_1.png
baseline_fp32,111000000005,2,"a girl and her dog in a field in winter, covered in snow",2.5439,off,14605.6,/content/CS2309.CH201/results/notebook/qsbench_imgs/20260614-1644-fa0711/baseline_fp32/111000000005_2.png
baseline_fp32,111000000006,0,dog on the table at night,2.5212,off,14605.6,/content/CS2309.CH201/results/notebook/qsbench_imgs/20260614-1644-fa0711/baseline_fp32/111000000006_0.png
baseline_fp32,111000000006,1,"cat on the roof at night at night, dark lighting",2.5287,off,14605.6,/content/CS2309.CH201/results/notebook/qsbench_imgs/20260614-1644-fa0711/baseline_fp32/111000000006_1.png
baseline_fp32,111000000006,2,"cat on the roof at night in winter, covered in snow",2.5259,off,14605.6,/content/CS2309.CH201/results/notebook/qsbench_imgs/20260614-1644-fa0711/baseline_fp32/111000000006_2.png
baseline_fp32,111000000007,0,an illustration of a bear sitting on top of a grass,2.5362,off,14605.6,/content/CS2309.CH201/results/notebook/qsbench_imgs/20260614-1644-fa0711/baseline_fp32/111000000007_0.png
baseline_fp32,111000000007,1,"an illustration of a cat sitting on top of a rock at night, dark lighting",2.5402,off,14605.6,/content/CS2309.CH201/results/notebook/qsbench_imgs/20260614-1644-fa0711/baseline_fp32/111000000007_1.png
baseline_fp32,111000000007,2,"an illustration of a cat sitting on top of a rock in winter, covered in snow",2.5349,off,14605.6,/content/CS2309.CH201/results/notebook/qsbench_imgs/20260614-1644-fa0711/baseline_fp32/111000000007_2.png
baseline_fp32,111000000008,0,a man wearing colorful sunglasses,2.5295,off,14605.6,/content/CS2309.CH201/results/notebook/qsbench_imgs/20260614-1644-fa0711/baseline_fp32/111000000008_0.png
baseline_fp32,111000000008,1,"a monkey wearing colorful goggles at night, dark lighting",2.5331,off,14605.6,/content/CS2309.CH201/results/notebook/qsbench_imgs/20260614-1644-fa0711/baseline_fp32/111000000008_1.png
baseline_fp32,111000000008,2,"a monkey wearing colorful goggles in winter, covered in snow",2.5386,off,14605.6,/content/CS2309.CH201/results/notebook/qsbench_imgs/20260614-1644-fa0711/baseline_fp32/111000000008_2.png
baseline_fp32,111000000009,0,a painting of a pig with red tail,2.5348,off,14605.6,/content/CS2309.CH201/results/notebook/qsbench_imgs/20260614-1644-fa0711/baseline_fp32/111000000009_0.png
baseline_fp32,111000000009,1,"a painting of a rat with red eyes at night, dark lighting",2.5472,off,14605.6,/content/CS2309.CH201/results/notebook/qsbench_imgs/20260614-1644-fa0711/baseline_fp32/111000000009_1.png
baseline_fp32,111000000009,2,"a painting of a rat with red eyes in winter, covered in snow",2.559,off,14605.6,/content/CS2309.CH201/results/notebook/qsbench_imgs/20260614-1644-fa0711/baseline_fp32/111000000009_2.png
baseline_fp32,112000000000,0,a painting of a man in green shirts,2.5511,off,14605.6,/content/CS2309.CH201/results/notebook/qsbench_imgs/20260614-1644-fa0711/baseline_fp32/112000000000_0.png
baseline_fp32,112000000000,1,"a painting of a woman in green dress at night, dark lighting",2.5505,off,14605.6,/content/CS2309.CH201/results/notebook/qsbench_imgs/20260614-1644-fa0711/baseline_fp32/112000000000_1.png
baseline_fp32,112000000000,2,"a painting of a woman in green dress in winter, covered in snow",2.555,off,14605.6,/content/CS2309.CH201/results/notebook/qsbench_imgs/20260614-1644-fa0711/baseline_fp32/112000000000_2.png
baseline_fp32,112000000001,0,a beautiful woman with pink coat and hat on head,2.5449,off,14605.6,/content/CS2309.CH201/results/notebook/qsbench_imgs/20260614-1644-fa0711/baseline_fp32/112000000001_0.png
baseline_fp32,112000000001,1,"a beautiful woman with pink dress and garland on head at night, dark lighting",2.55,off,14605.6,/content/CS2309.CH201/results/notebook/qsbench_imgs/20260614-1644-fa0711/baseline_fp32/112000000001_1.png
baseline_fp32,112000000001,2,"a beautiful woman with pink dress and garland on head in winter, covered in snow",2.5372,off,14605.6,/content/CS2309.CH201/results/notebook/qsbench_imgs/20260614-1644-fa0711/baseline_fp32/112000000001_2.png
baseline_fp32,112000000002,0,cartoon girl driving a taxi,2.5315,off,14605.6,/content/CS2309.CH201/results/notebook/qsbench_imgs/20260614-1644-fa0711/baseline_fp32/112000000002_0.png
baseline_fp32,112000000002,1,"cartoon boy driving a car at night, dark lighting",2.5183,off,14605.6,/content/CS2309.CH201/results/notebook/qsbench_imgs/20260614-1644-fa0711/baseline_fp32/112000000002_1.png
baseline_fp32,112000000002,2,"cartoon boy driving a car in winter, covered in snow",2.5321,off,14605.6,/content/CS2309.CH201/results/notebook/qsbench_imgs/20260614-1644-fa0711/baseline_fp32/112000000002_2.png
baseline_fp32,112000000003,0,a girl with black hair and a white pants is holding a coffee,2.5513,off,14605.6,/content/CS2309.CH201/results/notebook/qsbench_imgs/20260614-1644-fa0711/baseline_fp32/112000000003_0.png
baseline_fp32,112000000003,1,"a girl with black hair and a white shirt is holding a phone at night, dark lighting",2.5334,off,14605.6,/content/CS2309.CH201/results/notebook/qsbench_imgs/20260614-1644-fa0711/baseline_fp32/112000000003_1.png
baseline_fp32,112000000003,2,"a girl with black hair and a white shirt is holding a phone in winter, covered in snow",2.5183,off,14605.6,/content/CS2309.CH201/results/notebook/qsbench_imgs/20260614-1644-fa0711/baseline_fp32/112000000003_2.png
baseline_fp32,112000000004,0,a cartoon boy sitting on a box,2.5338,off,14605.6,/content/CS2309.CH201/results/notebook/qsbench_imgs/20260614-1644-fa0711/baseline_fp32/112000000004_0.png
baseline_fp32,112000000004,1,"a cartoon girl sitting on a backpack at night, dark lighting",2.5366,off,14605.6,/content/CS2309.CH201/results/notebook/qsbench_imgs/20260614-1644-fa0711/baseline_fp32/112000000004_1.png
baseline_fp32,112000000004,2,"a cartoon girl sitting on a backpack in winter, covered in snow",2.5229,off,14605.6,/content/CS2309.CH201/results/notebook/qsbench_imgs/20260614-1644-fa0711/baseline_fp32/112000000004_2.png
baseline_fp32,112000000005,0,a man standing under beautiful moon in the snow,2.5395,off,14605.6,/content/CS2309.CH201/results/notebook/qsbench_imgs/20260614-1644-fa0711/baseline_fp32/112000000005_0.png
baseline_fp32,112000000005,1,"a woman standing under street light in the snow at night, dark lighting",2.5506,off,14605.6,/content/CS2309.CH201/results/notebook/qsbench_imgs/20260614-1644-fa0711/baseline_fp32/112000000005_1.png
baseline_fp32,112000000005,2,"a woman standing under street light in the snow in winter, covered in snow",2.5332,off,14605.6,/content/CS2309.CH201/results/notebook/qsbench_imgs/20260614-1644-fa0711/baseline_fp32/112000000005_2.png
baseline_fp32,112000000006,0,a cartoon man sitting at a bench with notebook,2.5203,off,14605.6,/content/CS2309.CH201/results/notebook/qsbench_imgs/20260614-1644-fa0711/baseline_fp32/112000000006_0.png
baseline_fp32,112000000006,1,"a cartoon man sitting at a desk with laptop at night, dark lighting",2.5228,off,14605.6,/content/CS2309.CH201/results/notebook/qsbench_imgs/20260614-1644-fa0711/baseline_fp32/112000000006_1.png
baseline_fp32,112000000006,2,"a cartoon man sitting at a desk with laptop in winter, covered in snow",2.522,off,14605.6,/content/CS2309.CH201/results/notebook/qsbench_imgs/20260614-1644-fa0711/baseline_fp32/112000000006_2.png
baseline_fp32,112000000007,0,a woman with a scarf and crown in her hair,2.5448,off,14605.6,/content/CS2309.CH201/results/notebook/qsbench_imgs/20260614-1644-fa0711/baseline_fp32/112000000007_0.png
baseline_fp32,112000000007,1,"a woman with a mask and flowers in her hair at night, dark lighting",2.5439,off,14605.6,/content/CS2309.CH201/results/notebook/qsbench_imgs/20260614-1644-fa0711/baseline_fp32/112000000007_1.png
baseline_fp32,112000000007,2,"a woman with a mask and flowers in her hair in winter, covered in snow",2.5458,off,14605.6,/content/CS2309.CH201/results/notebook/qsbench_imgs/20260614-1644-fa0711/baseline_fp32/112000000007_2.png
baseline_fp32,112000000008,0,a painting of two man walking on the grass,2.5462,off,14605.6,/content/CS2309.CH201/results/notebook/qsbench_imgs/20260614-1644-fa0711/baseline_fp32/112000000008_0.png
baseline_fp32,112000000008,1,"a painting of two women walking on the beach at night, dark lighting",2.5449,off,14605.6,/content/CS2309.CH201/results/notebook/qsbench_imgs/20260614-1644-fa0711/baseline_fp32/112000000008_1.png
baseline_fp32,112000000008,2,"a painting of two women walking on the beach in winter, covered in snow",2.5307,off,14605.6,/content/CS2309.CH201/results/notebook/qsbench_imgs/20260614-1644-fa0711/baseline_fp32/112000000008_2.png
baseline_fp32,112000000009,0,an demon with swords and a golden light,2.524,off,14605.6,/content/CS2309.CH201/results/notebook/qsbench_imgs/20260614-1644-fa0711/baseline_fp32/112000000009_0.png
baseline_fp32,112000000009,1,"an angel with wings and a golden light at night, dark lighting",2.5313,off,14605.6,/content/CS2309.CH201/results/notebook/qsbench_imgs/20260614-1644-fa0711/baseline_fp32/112000000009_1.png
baseline_fp32,112000000009,2,"an angel with wings and a golden light in winter, covered in snow",2.5394,off,14605.6,/content/CS2309.CH201/results/notebook/qsbench_imgs/20260614-1644-fa0711/baseline_fp32/112000000009_2.png
baseline_fp32,113000000000,0,a gold plated plate filled with candy,2.5347,off,14605.6,/content/CS2309.CH201/results/notebook/qsbench_imgs/20260614-1644-fa0711/baseline_fp32/113000000000_0.png
baseline_fp32,113000000000,1,"a gold plated bowl filled with fruit at night, dark lighting",2.5373,off,14605.6,/content/CS2309.CH201/results/notebook/qsbench_imgs/20260614-1644-fa0711/baseline_fp32/113000000000_1.png
baseline_fp32,113000000000,2,"a gold plated bowl filled with fruit in winter, covered in snow",2.5311,off,14605.6,/content/CS2309.CH201/results/notebook/qsbench_imgs/20260614-1644-fa0711/baseline_fp32/113000000000_2.png
baseline_fp32,113000000001,0,a pear on the floor,2.5524,off,14605.6,/content/CS2309.CH201/results/notebook/qsbench_imgs/20260614-1644-fa0711/baseline_fp32/113000000001_0.png
baseline_fp32,113000000001,1,"a pepper on the table at night, dark lighting",2.5431,off,14605.6,/content/CS2309.CH201/results/notebook/qsbench_imgs/20260614-1644-fa0711/baseline_fp32/113000000001_1.png
baseline_fp32,113000000001,2,"a pepper on the table in winter, covered in snow",2.5313,off,14605.6,/content/CS2309.CH201/results/notebook/qsbench_imgs/20260614-1644-fa0711/baseline_fp32/113000000001_2.png
baseline_fp32,113000000002,0,a plant sitting on a board near a window,2.5338,off,14605.6,/content/CS2309.CH201/results/notebook/qsbench_imgs/20260614-1644-fa0711/baseline_fp32/113000000002_0.png
baseline_fp32,113000000002,1,"a vase sitting on a table near a window at night, dark lighting",2.5524,off,14605.6,/content/CS2309.CH201/results/notebook/qsbench_imgs/20260614-1644-fa0711/baseline_fp32/113000000002_1.png
baseline_fp32,113000000002,2,"a vase sitting on a table near a window in winter, covered in snow",2.5523,off,14605.6,/content/CS2309.CH201/results/notebook/qsbench_imgs/20260614-1644-fa0711/baseline_fp32/113000000002_2.png
baseline_fp32,113000000003,0,a icecream with a pink and blue stons,2.55,off,14605.6,/content/CS2309.CH201/results/notebook/qsbench_imgs/20260614-1644-fa0711/baseline_fp32/113000000003_0.png
baseline_fp32,113000000003,1,"a cake with a pink and blue icing at night, dark lighting",2.5214,off,14605.6,/content/CS2309.CH201/results/notebook/qsbench_imgs/20260614-1644-fa0711/baseline_fp32/113000000003_1.png
baseline_fp32,113000000003,2,"a cake with a pink and blue icing in winter, covered in snow",2.5486,off,14605.6,/content/CS2309.CH201/results/notebook/qsbench_imgs/20260614-1644-fa0711/baseline_fp32/113000000003_2.png
baseline_fp32,113000000004,0,a dog and frog in a fish bowl,2.5412,off,14605.6,/content/CS2309.CH201/results/notebook/qsbench_imgs/20260614-1644-fa0711/baseline_fp32/113000000004_0.png
baseline_fp32,113000000004,1,"a cat and fish in a fish bowl at night, dark lighting",2.5277,off,14605.6,/content/CS2309.CH201/results/notebook/qsbench_imgs/20260614-1644-fa0711/baseline_fp32/113000000004_1.png
baseline_fp32,113000000004,2,"a cat and fish in a fish bowl in winter, covered in snow",2.5611,off,14605.6,/content/CS2309.CH201/results/notebook/qsbench_imgs/20260614-1644-fa0711/baseline_fp32/113000000004_2.png
baseline_fp32,113000000005,0,a sofa and umbrella,2.5368,off,14605.6,/content/CS2309.CH201/results/notebook/qsbench_imgs/20260614-1644-fa0711/baseline_fp32/113000000005_0.png
baseline_fp32,113000000005,1,"a chair and lamp at night, dark lighting",2.5269,off,14605.6,/content/CS2309.CH201/results/notebook/qsbench_imgs/20260614-1644-fa0711/baseline_fp32/113000000005_1.png
baseline_fp32,113000000005,2,"a chair and lamp in winter, covered in snow",2.5404,off,14605.6,/content/CS2309.CH201/results/notebook/qsbench_imgs/20260614-1644-fa0711/baseline_fp32/113000000005_2.png
baseline_fp32,113000000006,0,a woman's hands is framed in a large painting on a wall,2.5319,off,14605.6,/content/CS2309.CH201/results/notebook/qsbench_imgs/20260614-1644-fa0711/baseline_fp32/113000000006_0.png
baseline_fp32,113000000006,1,"a woman's face is framed in a large photo on a wall at night, dark lighting",2.5273,off,14605.6,/content/CS2309.CH201/results/notebook/qsbench_imgs/20260614-1644-fa0711/baseline_fp32/113000000006_1.png
baseline_fp32,113000000006,2,"a woman's face is framed in a large photo on a wall in winter, covered in snow",2.5306,off,14605.6,/content/CS2309.CH201/results/notebook/qsbench_imgs/20260614-1644-fa0711/baseline_fp32/113000000006_2.png
baseline_fp32,113000000007,0,a gold potted flower on a wooden bench,2.5421,off,14605.6,/content/CS2309.CH201/results/notebook/qsbench_imgs/20260614-1644-fa0711/baseline_fp32/113000000007_0.png
baseline_fp32,113000000007,1,"a gold potted plant on a wooden table at night, dark lighting",2.5425,off,14605.6,/content/CS2309.CH201/results/notebook/qsbench_imgs/20260614-1644-fa0711/baseline_fp32/113000000007_1.png
baseline_fp32,113000000007,2,"a gold potted plant on a wooden table in winter, covered in snow",2.5311,off,14605.6,/content/CS2309.CH201/results/notebook/qsbench_imgs/20260614-1644-fa0711/baseline_fp32/113000000007_2.png
baseline_fp32,113000000008,0,a cake and saucer with a teaspoon and a knife,2.536,off,14605.6,/content/CS2309.CH201/results/notebook/qsbench_imgs/20260614-1644-fa0711/baseline_fp32/113000000008_0.png
baseline_fp32,113000000008,1,"a teacup and saucer with a spoon and a fork at night, dark lighting",2.5321,off,14605.6,/content/CS2309.CH201/results/notebook/qsbench_imgs/20260614-1644-fa0711/baseline_fp32/113000000008_1.png
baseline_fp32,113000000008,2,"a teacup and saucer with a spoon and a fork in winter, covered in snow",2.5362,off,14605.6,/content/CS2309.CH201/results/notebook/qsbench_imgs/20260614-1644-fa0711/baseline_fp32/113000000008_2.png
baseline_fp32,113000000009,0,a vase with roses and apples on a table,2.5302,off,14605.6,/content/CS2309.CH201/results/notebook/qsbench_imgs/20260614-1644-fa0711/baseline_fp32/113000000009_0.png
baseline_fp32,113000000009,1,"a vase with sunflowers and pears on a table at night, dark lighting",2.5402,off,14605.6,/content/CS2309.CH201/results/notebook/qsbench_imgs/20260614-1644-fa0711/baseline_fp32/113000000009_1.png
baseline_fp32,113000000009,2,"a vase with sunflowers and pears on a table in winter, covered in snow",2.5326,off,14605.6,/content/CS2309.CH201/results/notebook/qsbench_imgs/20260614-1644-fa0711/baseline_fp32/113000000009_2.png
baseline_fp32,114000000000,0,"stars, birds, and a sun over the ocean",2.5445,off,14605.6,/content/CS2309.CH201/results/notebook/qsbench_imgs/20260614-1644-fa0711/baseline_fp32/114000000000_0.png
baseline_fp32,114000000000,1,"stars, coulds, and a moon over the ocean at night, dark lighting",2.5295,off,14605.6,/content/CS2309.CH201/results/notebook/qsbench_imgs/20260614-1644-fa0711/baseline_fp32/114000000000_1.png
baseline_fp32,114000000000,2,"stars, coulds, and a moon over the ocean in winter, covered in snow",2.5311,off,14605.6,/content/CS2309.CH201/results/notebook/qsbench_imgs/20260614-1644-fa0711/baseline_fp32/114000000000_2.png
baseline_fp32,114000000001,0,a cartoon rabbit playing tennis on a green field,2.5225,off,14605.6,/content/CS2309.CH201/results/notebook/qsbench_imgs/20260614-1644-fa0711/baseline_fp32/114000000001_0.png
baseline_fp32,114000000001,1,"a cartoon bear playing golf on a green field at night, dark lighting",2.5231,off,14605.6,/content/CS2309.CH201/results/notebook/qsbench_imgs/20260614-1644-fa0711/baseline_fp32/114000000001_1.png
baseline_fp32,114000000001,2,"a cartoon bear playing golf on a green field in winter, covered in snow",2.5324,off,14605.6,/content/CS2309.CH201/results/notebook/qsbench_imgs/20260614-1644-fa0711/baseline_fp32/114000000001_2.png
baseline_fp32,114000000002,0,a painting of a church and clouds in the middle of a lake,2.5392,off,14605.6,/content/CS2309.CH201/results/notebook/qsbench_imgs/20260614-1644-fa0711/baseline_fp32/114000000002_0.png
baseline_fp32,114000000002,1,"a painting of a castle and trees in the middle of a lake at night, dark lighting",2.5459,off,14605.6,/content/CS2309.CH201/results/notebook/qsbench_imgs/20260614-1644-fa0711/baseline_fp32/114000000002_1.png
baseline_fp32,114000000002,2,"a painting of a castle and trees in the middle of a lake in winter, covered in snow",2.5339,off,14605.6,/content/CS2309.CH201/results/notebook/qsbench_imgs/20260614-1644-fa0711/baseline_fp32/114000000002_2.png
baseline_fp32,114000000003,0,a motorcycle with colorful wheels is parked on the street,2.5417,off,14605.6,/content/CS2309.CH201/results/notebook/qsbench_imgs/20260614-1644-fa0711/baseline_fp32/114000000003_0.png
baseline_fp32,114000000003,1,"a car with colorful car cover is parked on the street at night, dark lighting",2.5482,off,14605.6,/content/CS2309.CH201/results/notebook/qsbench_imgs/20260614-1644-fa0711/baseline_fp32/114000000003_1.png
baseline_fp32,114000000003,2,"a car with colorful car cover is parked on the street in winter, covered in snow",2.5355,off,14605.6,/content/CS2309.CH201/results/notebook/qsbench_imgs/20260614-1644-fa0711/baseline_fp32/114000000003_2.png
baseline_fp32,114000000004,0,a blue box with a reflection of ship in the water,2.5496,off,14605.6,/content/CS2309.CH201/results/notebook/qsbench_imgs/20260614-1644-fa0711/baseline_fp32/114000000004_0.png
baseline_fp32,114000000004,1,"a blue pyramid with a reflection of mountains in the water at night, dark lighting",2.5362,off,14605.6,/content/CS2309.CH201/results/notebook/qsbench_imgs/20260614-1644-fa0711/baseline_fp32/114000000004_1.png
baseline_fp32,114000000004,2,"a blue pyramid with a reflection of mountains in the water in winter, covered in snow",2.5529,off,14605.6,/content/CS2309.CH201/results/notebook/qsbench_imgs/20260614-1644-fa0711/baseline_fp32/114000000004_2.png
baseline_fp32,114000000005,0,a monster and cats in the woods,2.5349,off,14605.6,/content/CS2309.CH201/results/notebook/qsbench_imgs/20260614-1644-fa0711/baseline_fp32/114000000005_0.png
baseline_fp32,114000000005,1,"a house and people in the woods at night, dark lighting",2.54,off,14605.6,/content/CS2309.CH201/results/notebook/qsbench_imgs/20260614-1644-fa0711/baseline_fp32/114000000005_1.png
baseline_fp32,114000000005,2,"a house and people in the woods in winter, covered in snow",2.5553,off,14605.6,/content/CS2309.CH201/results/notebook/qsbench_imgs/20260614-1644-fa0711/baseline_fp32/114000000005_2.png
baseline_fp32,114000000006,0,a small castle on an island in the middle of magma,2.5399,off,14605.6,/content/CS2309.CH201/results/notebook/qsbench_imgs/20260614-1644-fa0711/baseline_fp32/114000000006_0.png
baseline_fp32,114000000006,1,"a small cabin on an island in the middle of lake at night, dark lighting",2.5392,off,14605.6,/content/CS2309.CH201/results/notebook/qsbench_imgs/20260614-1644-fa0711/baseline_fp32/114000000006_1.png
baseline_fp32,114000000006,2,"a small cabin on an island in the middle of lake in winter, covered in snow",2.539,off,14605.6,/content/CS2309.CH201/results/notebook/qsbench_imgs/20260614-1644-fa0711/baseline_fp32/114000000006_2.png
baseline_fp32,114000000007,0,a woman in a coat standing in front of a eagle,2.5402,off,14605.6,/content/CS2309.CH201/results/notebook/qsbench_imgs/20260614-1644-fa0711/baseline_fp32/114000000007_0.png
baseline_fp32,114000000007,1,"a woman in a dress standing in front of a spaceship at night, dark lighting",2.5387,off,14605.6,/content/CS2309.CH201/results/notebook/qsbench_imgs/20260614-1644-fa0711/baseline_fp32/114000000007_1.png
baseline_fp32,114000000007,2,"a woman in a dress standing in front of a spaceship in winter, covered in snow",2.5387,off,14605.6,/content/CS2309.CH201/results/notebook/qsbench_imgs/20260614-1644-fa0711/baseline_fp32/114000000007_2.png
baseline_fp32,114000000008,0,a futuristic city with rocket and cats walking in the street,2.5348,off,14605.6,/content/CS2309.CH201/results/notebook/qsbench_imgs/20260614-1644-fa0711/baseline_fp32/114000000008_0.png
baseline_fp32,114000000008,1,"a futuristic city with cars and people walking in the street at night, dark lighting",2.5364,off,14605.6,/content/CS2309.CH201/results/notebook/qsbench_imgs/20260614-1644-fa0711/baseline_fp32/114000000008_1.png
baseline_fp32,114000000008,2,"a futuristic city with cars and people walking in the street in winter, covered in snow",2.5313,off,14605.6,/content/CS2309.CH201/results/notebook/qsbench_imgs/20260614-1644-fa0711/baseline_fp32/114000000008_2.png
baseline_fp32,114000000009,0,the jungle with a star river and flowers,2.5459,off,14605.6,/content/CS2309.CH201/results/notebook/qsbench_imgs/20260614-1644-fa0711/baseline_fp32/114000000009_0.png
baseline_fp32,114000000009,1,"the jungle with a beautiful waterfall and plants at night, dark lighting",2.5438,off,14605.6,/content/CS2309.CH201/results/notebook/qsbench_imgs/20260614-1644-fa0711/baseline_fp32/114000000009_1.png
baseline_fp32,114000000009,2,"the jungle with a beautiful waterfall and plants in winter, covered in snow",2.5326,off,14605.6,/content/CS2309.CH201/results/notebook/qsbench_imgs/20260614-1644-fa0711/baseline_fp32/114000000009_2.png
baseline_fp32,121000000000,0,an orange dog play with a black and white ball in the grass,2.5471,off,14605.6,/content/CS2309.CH201/results/notebook/qsbench_imgs/20260614-1644-fa0711/baseline_fp32/121000000000_0.png
baseline_fp32,121000000000,1,"an orange cat play with a black and white cat in the grass at night, dark lighting",2.5315,off,14605.6,/content/CS2309.CH201/results/notebook/qsbench_imgs/20260614-1644-fa0711/baseline_fp32/121000000000_1.png
baseline_fp32,121000000000,2,"an orange cat play with a black and white cat in the grass in winter, covered in snow",2.5356,off,14605.6,/content/CS2309.CH201/results/notebook/qsbench_imgs/20260614-1644-fa0711/baseline_fp32/121000000000_2.png
baseline_fp32,121000000001,0,a tiger sitting next to a window,2.5375,off,14605.6,/content/CS2309.CH201/results/notebook/qsbench_imgs/20260614-1644-fa0711/baseline_fp32/121000000001_0.png
baseline_fp32,121000000001,1,"a cat sitting next to a mirror at night, dark lighting",2.5381,off,14605.6,/content/CS2309.CH201/results/notebook/qsbench_imgs/20260614-1644-fa0711/baseline_fp32/121000000001_1.png
baseline_fp32,121000000001,2,"a cat sitting next to a mirror in winter, covered in snow",2.5435,off,14605.6,/content/CS2309.CH201/results/notebook/qsbench_imgs/20260614-1644-fa0711/baseline_fp32/121000000001_2.png
baseline_fp32,121000000002,0,a zebra with long tail in a grass field,2.5284,off,14605.6,/content/CS2309.CH201/results/notebook/qsbench_imgs/20260614-1644-fa0711/baseline_fp32/121000000002_0.png
baseline_fp32,121000000002,1,"a horse with long hair in a grass field at night, dark lighting",2.5506,off,14605.6,/content/CS2309.CH201/results/notebook/qsbench_imgs/20260614-1644-fa0711/baseline_fp32/121000000002_1.png
baseline_fp32,121000000002,2,"a horse with long hair in a grass field in winter, covered in snow",2.5333,off,14605.6,/content/CS2309.CH201/results/notebook/qsbench_imgs/20260614-1644-fa0711/baseline_fp32/121000000002_2.png
baseline_fp32,121000000003,0,a white rat is walking on the grass,2.5309,off,14605.6,/content/CS2309.CH201/results/notebook/qsbench_imgs/20260614-1644-fa0711/baseline_fp32/121000000003_0.png
baseline_fp32,121000000003,1,"a white bulldog is walking on the grass at night, dark lighting",2.528,off,14605.6,/content/CS2309.CH201/results/notebook/qsbench_imgs/20260614-1644-fa0711/baseline_fp32/121000000003_1.png
baseline_fp32,121000000003,2,"a white bulldog is walking on the grass in winter, covered in snow",2.5451,off,14605.6,/content/CS2309.CH201/results/notebook/qsbench_imgs/20260614-1644-fa0711/baseline_fp32/121000000003_2.png
baseline_fp32,121000000004,0,a blue and white butterfly sits on a flower,2.5228,off,14605.6,/content/CS2309.CH201/results/notebook/qsbench_imgs/20260614-1644-fa0711/baseline_fp32/121000000004_0.png
baseline_fp32,121000000004,1,"a blue and white bird sits on a branch at night, dark lighting",2.5246,off,14605.6,/content/CS2309.CH201/results/notebook/qsbench_imgs/20260614-1644-fa0711/baseline_fp32/121000000004_1.png
baseline_fp32,121000000004,2,"a blue and white bird sits on a branch in winter, covered in snow",2.5205,off,14605.6,/content/CS2309.CH201/results/notebook/qsbench_imgs/20260614-1644-fa0711/baseline_fp32/121000000004_2.png
baseline_fp32,121000000005,0,a rabbit is sitting on top of a wooden desk,2.5275,off,14605.6,/content/CS2309.CH201/results/notebook/qsbench_imgs/20260614-1644-fa0711/baseline_fp32/121000000005_0.png
baseline_fp32,121000000005,1,"a squirrel is sitting on top of a wooden fence at night, dark lighting",2.5416,off,14605.6,/content/CS2309.CH201/results/notebook/qsbench_imgs/20260614-1644-fa0711/baseline_fp32/121000000005_1.png
baseline_fp32,121000000005,2,"a squirrel is sitting on top of a wooden fence in winter, covered in snow",2.5423,off,14605.6,/content/CS2309.CH201/results/notebook/qsbench_imgs/20260614-1644-fa0711/baseline_fp32/121000000005_2.png
baseline_fp32,121000000006,0,a wolf sitting on the board with a body of water in the background,2.5397,off,14605.6,/content/CS2309.CH201/results/notebook/qsbench_imgs/20260614-1644-fa0711/baseline_fp32/121000000006_0.png
baseline_fp32,121000000006,1,"a dog sitting on the beach with a body of water in the background at night, dark lighting",2.5349,off,14605.6,/content/CS2309.CH201/results/notebook/qsbench_imgs/20260614-1644-fa0711/baseline_fp32/121000000006_1.png
baseline_fp32,121000000006,2,"a dog sitting on the beach with a body of water in the background in winter, covered in snow",2.5519,off,14605.6,/content/CS2309.CH201/results/notebook/qsbench_imgs/20260614-1644-fa0711/baseline_fp32/121000000006_2.png
baseline_fp32,121000000007,0,a fluffy panda with yellow mouth sitting on a wooden floor,2.5279,off,14605.6,/content/CS2309.CH201/results/notebook/qsbench_imgs/20260614-1644-fa0711/baseline_fp32/121000000007_0.png
baseline_fp32,121000000007,1,"a fluffy cat with yellow eyes sitting on a wooden floor at night, dark lighting",2.5283,off,14605.6,/content/CS2309.CH201/results/notebook/qsbench_imgs/20260614-1644-fa0711/baseline_fp32/121000000007_1.png
baseline_fp32,121000000007,2,"a fluffy cat with yellow eyes sitting on a wooden floor in winter, covered in snow",2.5363,off,14605.6,/content/CS2309.CH201/results/notebook/qsbench_imgs/20260614-1644-fa0711/baseline_fp32/121000000007_2.png
baseline_fp32,121000000008,0,a parrot on a flower in the garden,2.5302,off,14605.6,/content/CS2309.CH201/results/notebook/qsbench_imgs/20260614-1644-fa0711/baseline_fp32/121000000008_0.png
baseline_fp32,121000000008,1,"a butterfly on a leaf in the garden at night, dark lighting",2.5525,off,14605.6,/content/CS2309.CH201/results/notebook/qsbench_imgs/20260614-1644-fa0711/baseline_fp32/121000000008_1.png
baseline_fp32,121000000008,2,"a butterfly on a leaf in the garden in winter, covered in snow",2.5354,off,14605.6,/content/CS2309.CH201/results/notebook/qsbench_imgs/20260614-1644-fa0711/baseline_fp32/121000000008_2.png
baseline_fp32,121000000009,0,a owl is standing on top of a diamond,2.5505,off,14605.6,/content/CS2309.CH201/results/notebook/qsbench_imgs/20260614-1644-fa0711/baseline_fp32/121000000009_0.png
baseline_fp32,121000000009,1,"a bird is standing on top of a rock at night, dark lighting",2.5496,off,14605.6,/content/CS2309.CH201/results/notebook/qsbench_imgs/20260614-1644-fa0711/baseline_fp32/121000000009_1.png
baseline_fp32,121000000009,2,"a bird is standing on top of a rock in winter, covered in snow",2.5463,off,14605.6,/content/CS2309.CH201/results/notebook/qsbench_imgs/20260614-1644-fa0711/baseline_fp32/121000000009_2.png
baseline_fp32,122000000000,0,a photo of robots wearing dress dancing together,2.5329,off,14605.6,/content/CS2309.CH201/results/notebook/qsbench_imgs/20260614-1644-fa0711/baseline_fp32/122000000000_0.png
baseline_fp32,122000000000,1,"a photo of couples wearing shirts dancing together at night, dark lighting",2.5238,off,14605.6,/content/CS2309.CH201/results/notebook/qsbench_imgs/20260614-1644-fa0711/baseline_fp32/122000000000_1.png
baseline_fp32,122000000000,2,"a photo of couples wearing shirts dancing together in winter, covered in snow",2.5431,off,14605.6,/content/CS2309.CH201/results/notebook/qsbench_imgs/20260614-1644-fa0711/baseline_fp32/122000000000_2.png
baseline_fp32,122000000001,0,robot on the desk,2.5375,off,14605.6,/content/CS2309.CH201/results/notebook/qsbench_imgs/20260614-1644-fa0711/baseline_fp32/122000000001_0.png
baseline_fp32,122000000001,1,"spiderman on the roof at night, dark lighting",2.5538,off,14605.6,/content/CS2309.CH201/results/notebook/qsbench_imgs/20260614-1644-fa0711/baseline_fp32/122000000001_1.png
baseline_fp32,122000000001,2,"spiderman on the roof in winter, covered in snow",2.5478,off,14605.6,/content/CS2309.CH201/results/notebook/qsbench_imgs/20260614-1644-fa0711/baseline_fp32/122000000001_2.png
baseline_fp32,122000000002,0,a woman in a shirt holding a phone,2.5372,off,14605.6,/content/CS2309.CH201/results/notebook/qsbench_imgs/20260614-1644-fa0711/baseline_fp32/122000000002_0.png
baseline_fp32,122000000002,1,"a woman in a coat holding a camera at night, dark lighting",2.531,off,14605.6,/content/CS2309.CH201/results/notebook/qsbench_imgs/20260614-1644-fa0711/baseline_fp32/122000000002_1.png
baseline_fp32,122000000002,2,"a woman in a coat holding a camera in winter, covered in snow",2.5401,off,14605.6,/content/CS2309.CH201/results/notebook/qsbench_imgs/20260614-1644-fa0711/baseline_fp32/122000000002_2.png
baseline_fp32,122000000003,0,a woman wearing hat sitting in the grass with a ipad,2.5326,off,14605.6,/content/CS2309.CH201/results/notebook/qsbench_imgs/20260614-1644-fa0711/baseline_fp32/122000000003_0.png
baseline_fp32,122000000003,1,"a woman wearing sunglasses sitting in the grass with a book at night, dark lighting",2.5389,off,14605.6,/content/CS2309.CH201/results/notebook/qsbench_imgs/20260614-1644-fa0711/baseline_fp32/122000000003_1.png
baseline_fp32,122000000003,2,"a woman wearing sunglasses sitting in the grass with a book in winter, covered in snow",2.537,off,14605.6,/content/CS2309.CH201/results/notebook/qsbench_imgs/20260614-1644-fa0711/baseline_fp32/122000000003_2.png
baseline_fp32,122000000004,0,a woman in black coat leaning against a wall,2.541,off,14605.6,/content/CS2309.CH201/results/notebook/qsbench_imgs/20260614-1644-fa0711/baseline_fp32/122000000004_0.png
baseline_fp32,122000000004,1,"a woman in black dress leaning against a car at night, dark lighting",2.5538,off,14605.6,/content/CS2309.CH201/results/notebook/qsbench_imgs/20260614-1644-fa0711/baseline_fp32/122000000004_1.png
baseline_fp32,122000000004,2,"a woman in black dress leaning against a car in winter, covered in snow",2.5325,off,14605.6,/content/CS2309.CH201/results/notebook/qsbench_imgs/20260614-1644-fa0711/baseline_fp32/122000000004_2.png
baseline_fp32,122000000005,0,a woman sitting on a sofa using her ipad,2.5298,off,14605.6,/content/CS2309.CH201/results/notebook/qsbench_imgs/20260614-1644-fa0711/baseline_fp32/122000000005_0.png
baseline_fp32,122000000005,1,"a woman sitting on a bench using her phone at night, dark lighting",2.536,off,14605.6,/content/CS2309.CH201/results/notebook/qsbench_imgs/20260614-1644-fa0711/baseline_fp32/122000000005_1.png
baseline_fp32,122000000005,2,"a woman sitting on a bench using her phone in winter, covered in snow",2.5397,off,14605.6,/content/CS2309.CH201/results/notebook/qsbench_imgs/20260614-1644-fa0711/baseline_fp32/122000000005_2.png
baseline_fp32,122000000006,0,an old man playing an electric bass on a street,2.5552,off,14605.6,/content/CS2309.CH201/results/notebook/qsbench_imgs/20260614-1644-fa0711/baseline_fp32/122000000006_0.png
baseline_fp32,122000000006,1,"an old man playing an electric guitar on a street at night, dark lighting",2.536,off,14605.6,/content/CS2309.CH201/results/notebook/qsbench_imgs/20260614-1644-fa0711/baseline_fp32/122000000006_1.png
baseline_fp32,122000000006,2,"an old man playing an electric guitar on a street in winter, covered in snow",2.5517,off,14605.6,/content/CS2309.CH201/results/notebook/qsbench_imgs/20260614-1644-fa0711/baseline_fp32/122000000006_2.png
baseline_fp32,122000000007,0,a girl sitting in a blue rock near a waterfall,2.5387,off,14605.6,/content/CS2309.CH201/results/notebook/qsbench_imgs/20260614-1644-fa0711/baseline_fp32/122000000007_0.png
baseline_fp32,122000000007,1,"a woman sitting in a folding chair near a waterfall at night, dark lighting",2.5509,off,14605.6,/content/CS2309.CH201/results/notebook/qsbench_imgs/20260614-1644-fa0711/baseline_fp32/122000000007_1.png
baseline_fp32,122000000007,2,"a woman sitting in a folding chair near a waterfall in winter, covered in snow",2.5428,off,14605.6,/content/CS2309.CH201/results/notebook/qsbench_imgs/20260614-1644-fa0711/baseline_fp32/122000000007_2.png
baseline_fp32,122000000008,0,a man and a cow,2.5477,off,14605.6,/content/CS2309.CH201/results/notebook/qsbench_imgs/20260614-1644-fa0711/baseline_fp32/122000000008_0.png
baseline_fp32,122000000008,1,"a woman and a horse at night, dark lighting",2.5333,off,14605.6,/content/CS2309.CH201/results/notebook/qsbench_imgs/20260614-1644-fa0711/baseline_fp32/122000000008_1.png
baseline_fp32,122000000008,2,"a woman and a horse in winter, covered in snow",2.5395,off,14605.6,/content/CS2309.CH201/results/notebook/qsbench_imgs/20260614-1644-fa0711/baseline_fp32/122000000008_2.png
baseline_fp32,122000000009,0,"a woman sitting at a bar with a glass of milk, with a mushroom on the table",2.5367,off,14605.6,/content/CS2309.CH201/results/notebook/qsbench_imgs/20260614-1644-fa0711/baseline_fp32/122000000009_0.png
baseline_fp32,122000000009,1,"a woman sitting at a bar with a glass of wine, with a lamp on the table at night, dark lighting",2.5368,off,14605.6,/content/CS2309.CH201/results/notebook/qsbench_imgs/20260614-1644-fa0711/baseline_fp32/122000000009_1.png
baseline_fp32,122000000009,2,"a woman sitting at a bar with a glass of wine, with a lamp on the table in winter, covered in snow",2.5303,off,14605.6,/content/CS2309.CH201/results/notebook/qsbench_imgs/20260614-1644-fa0711/baseline_fp32/122000000009_2.png
improved_fp16_cache,000000000000,0,a slanted rusty mountain motorcycle in front of a fence,1.6422,miss,8455.0,/content/CS2309.CH201/results/notebook/qsbench_imgs/20260614-1644-fa0711/improved_fp16_cache/000000000000_0.png
improved_fp16_cache,000000000000,1,"a slanted mountain bicycle on the road in front of a building at night, dark lighting",1.3725,hit,8455.4,/content/CS2309.CH201/results/notebook/qsbench_imgs/20260614-1644-fa0711/improved_fp16_cache/000000000000_1.png
improved_fp16_cache,000000000000,2,"a slanted mountain bicycle on the road in front of a building in winter, covered in snow",1.3754,hit,8455.4,/content/CS2309.CH201/results/notebook/qsbench_imgs/20260614-1644-fa0711/improved_fp16_cache/000000000000_2.png
improved_fp16_cache,000000000001,0,a square cake with strawberry frosting on a plastic plate,1.663,miss,8455.0,/content/CS2309.CH201/results/notebook/qsbench_imgs/20260614-1644-fa0711/improved_fp16_cache/000000000001_0.png
improved_fp16_cache,000000000001,1,"a round cake with orange frosting on a wooden plate at night, dark lighting",1.3761,hit,8455.4,/content/CS2309.CH201/results/notebook/qsbench_imgs/20260614-1644-fa0711/improved_fp16_cache/000000000001_1.png
improved_fp16_cache,000000000001,2,"a round cake with orange frosting on a wooden plate in winter, covered in snow",1.3886,hit,8455.4,/content/CS2309.CH201/results/notebook/qsbench_imgs/20260614-1644-fa0711/improved_fp16_cache/000000000001_2.png
improved_fp16_cache,000000000002,0,a red dog with flowers in mouth standing on a metal chair,1.6845,miss,8455.0,/content/CS2309.CH201/results/notebook/qsbench_imgs/20260614-1644-fa0711/improved_fp16_cache/000000000002_0.png
improved_fp16_cache,000000000002,1,"a cat sitting on a wooden chair at night, dark lighting",1.393,hit,8455.4,/content/CS2309.CH201/results/notebook/qsbench_imgs/20260614-1644-fa0711/improved_fp16_cache/000000000002_1.png
improved_fp16_cache,000000000002,2,"a cat sitting on a wooden chair in winter, covered in snow",1.3945,hit,8455.4,/content/CS2309.CH201/results/notebook/qsbench_imgs/20260614-1644-fa0711/improved_fp16_cache/000000000002_2.png
improved_fp16_cache,000000000003,0,"blue light, a black and white dog is playing with a yellow ball",1.739,miss,8455.0,/content/CS2309.CH201/results/notebook/qsbench_imgs/20260614-1644-fa0711/improved_fp16_cache/000000000003_0.png
improved_fp16_cache,000000000003,1,"blue light, a black and white cat is playing with a flower at night, dark lighting",1.4287,hit,8455.4,/content/CS2309.CH201/results/notebook/qsbench_imgs/20260614-1644-fa0711/improved_fp16_cache/000000000003_1.png
improved_fp16_cache,000000000003,2,"blue light, a black and white cat is playing with a flower in winter, covered in snow",1.4169,hit,8455.4,/content/CS2309.CH201/results/notebook/qsbench_imgs/20260614-1644-fa0711/improved_fp16_cache/000000000003_2.png
improved_fp16_cache,000000000004,0,a silver cat sculpture standing next to a mirror,1.72,miss,8455.0,/content/CS2309.CH201/results/notebook/qsbench_imgs/20260614-1644-fa0711/improved_fp16_cache/000000000004_0.png
improved_fp16_cache,000000000004,1,"a cat sitting next to a mirror at night, dark lighting",1.4419,hit,8455.4,/content/CS2309.CH201/results/notebook/qsbench_imgs/20260614-1644-fa0711/improved_fp16_cache/000000000004_1.png
improved_fp16_cache,000000000004,2,"a cat sitting next to a mirror in winter, covered in snow",1.4338,hit,8455.4,/content/CS2309.CH201/results/notebook/qsbench_imgs/20260614-1644-fa0711/improved_fp16_cache/000000000004_2.png
improved_fp16_cache,000000000005,0,an white cat and a dog standing on top of a fence,1.7428,miss,8455.0,/content/CS2309.CH201/results/notebook/qsbench_imgs/20260614-1644-fa0711/improved_fp16_cache/000000000005_0.png
improved_fp16_cache,000000000005,1,"an orange cat sitting on top of a fence at night, dark lighting",1.4577,hit,8455.4,/content/CS2309.CH201/results/notebook/qsbench_imgs/20260614-1644-fa0711/improved_fp16_cache/000000000005_1.png
improved_fp16_cache,000000000005,2,"an orange cat sitting on top of a fence in winter, covered in snow",1.4391,hit,8455.4,/content/CS2309.CH201/results/notebook/qsbench_imgs/20260614-1644-fa0711/improved_fp16_cache/000000000005_2.png
improved_fp16_cache,000000000006,0,a yellow cup of milk with drawing of rose putted on the wooden table,1.7608,miss,8455.0,/content/CS2309.CH201/results/notebook/qsbench_imgs/20260614-1644-fa0711/improved_fp16_cache/000000000006_0.png
improved_fp16_cache,000000000006,1,"a cup of coffee with drawing of tulip putted on the wooden table at night, dark lighting",1.4486,hit,8455.4,/content/CS2309.CH201/results/notebook/qsbench_imgs/20260614-1644-fa0711/improved_fp16_cache/000000000006_1.png
improved_fp16_cache,000000000006,2,"a cup of coffee with drawing of tulip putted on the wooden table in winter, covered in snow",1.455,hit,8455.4,/content/CS2309.CH201/results/notebook/qsbench_imgs/20260614-1644-fa0711/improved_fp16_cache/000000000006_2.png
improved_fp16_cache,000000000007,0,a white german shepherd dog sits on the grass with big mouth opened,1.7408,miss,8455.0,/content/CS2309.CH201/results/notebook/qsbench_imgs/20260614-1644-fa0711/improved_fp16_cache/000000000007_0.png
improved_fp16_cache,000000000007,1,"a german shepherd dog stands on the grass with mouth closed at night, dark lighting",1.4381,hit,8455.4,/content/CS2309.CH201/results/notebook/qsbench_imgs/20260614-1644-fa0711/improved_fp16_cache/000000000007_1.png
improved_fp16_cache,000000000007,2,"a german shepherd dog stands on the grass with mouth closed in winter, covered in snow",1.4325,hit,8455.4,/content/CS2309.CH201/results/notebook/qsbench_imgs/20260614-1644-fa0711/improved_fp16_cache/000000000007_2.png
improved_fp16_cache,000000000008,0,a black german shepherd holding a rose standing on the ground in front of fence,1.7042,miss,8455.0,/content/CS2309.CH201/results/notebook/qsbench_imgs/20260614-1644-fa0711/improved_fp16_cache/000000000008_0.png
improved_fp16_cache,000000000008,1,"a golden retriever holding a tulip sitting on the ground in front of fence at night, dark lighting",1.4147,hit,8455.4,/content/CS2309.CH201/results/notebook/qsbench_imgs/20260614-1644-fa0711/improved_fp16_cache/000000000008_1.png
improved_fp16_cache,000000000008,2,"a golden retriever holding a tulip sitting on the ground in front of fence in winter, covered in snow",1.4002,hit,8455.4,/content/CS2309.CH201/results/notebook/qsbench_imgs/20260614-1644-fa0711/improved_fp16_cache/000000000008_2.png
improved_fp16_cache,000000000009,0,Painting of a lion laying down on a blue background,1.6918,miss,8455.0,/content/CS2309.CH201/results/notebook/qsbench_imgs/20260614-1644-fa0711/improved_fp16_cache/000000000009_0.png
improved_fp16_cache,000000000009,1,"a dog is laying down on a white background at night, dark lighting",1.4021,hit,8455.4,/content/CS2309.CH201/results/notebook/qsbench_imgs/20260614-1644-fa0711/improved_fp16_cache/000000000009_1.png
improved_fp16_cache,000000000009,2,"a dog is laying down on a white background in winter, covered in snow",1.3871,hit,8455.4,/content/CS2309.CH201/results/notebook/qsbench_imgs/20260614-1644-fa0711/improved_fp16_cache/000000000009_2.png
improved_fp16_cache,000000000010,0,photo of a white horse and a cat sitting on rocks near the ocean,1.7004,miss,8455.0,/content/CS2309.CH201/results/notebook/qsbench_imgs/20260614-1644-fa0711/improved_fp16_cache/000000000010_0.png
improved_fp16_cache,000000000010,1,"photo of a goat and a cat standing on rocks near the ocean at night, dark lighting",1.3873,hit,8455.4,/content/CS2309.CH201/results/notebook/qsbench_imgs/20260614-1644-fa0711/improved_fp16_cache/000000000010_1.png
improved_fp16_cache,000000000010,2,"photo of a goat and a cat standing on rocks near the ocean in winter, covered in snow",1.3783,hit,8455.4,/content/CS2309.CH201/results/notebook/qsbench_imgs/20260614-1644-fa0711/improved_fp16_cache/000000000010_2.png
improved_fp16_cache,000000000011,0,a brown owl standing on a red flower,1.6636,miss,8455.0,/content/CS2309.CH201/results/notebook/qsbench_imgs/20260614-1644-fa0711/improved_fp16_cache/000000000011_0.png
improved_fp16_cache,000000000011,1,"a colorful bird standing on a branch at night, dark lighting",1.3989,hit,8455.4,/content/CS2309.CH201/results/notebook/qsbench_imgs/20260614-1644-fa0711/improved_fp16_cache/000000000011_1.png
improved_fp16_cache,000000000011,2,"a colorful bird standing on a branch in winter, covered in snow",1.3867,hit,8455.4,/content/CS2309.CH201/results/notebook/qsbench_imgs/20260614-1644-fa0711/improved_fp16_cache/000000000011_2.png
improved_fp16_cache,000000000012,0,Tuna sushi on white metal plate,1.6702,miss,8455.0,/content/CS2309.CH201/results/notebook/qsbench_imgs/20260614-1644-fa0711/improved_fp16_cache/000000000012_0.png
improved_fp16_cache,000000000012,1,"meat balls on white ceramics plate at night, dark lighting",1.4022,hit,8455.4,/content/CS2309.CH201/results/notebook/qsbench_imgs/20260614-1644-fa0711/improved_fp16_cache/000000000012_1.png
improved_fp16_cache,000000000012,2,"meat balls on white ceramics plate in winter, covered in snow",1.4017,hit,8455.4,/content/CS2309.CH201/results/notebook/qsbench_imgs/20260614-1644-fa0711/improved_fp16_cache/000000000012_2.png
improved_fp16_cache,000000000013,0,three white cupcakes on black metal bowl,1.6671,miss,8455.0,/content/CS2309.CH201/results/notebook/qsbench_imgs/20260614-1644-fa0711/improved_fp16_cache/000000000013_0.png
improved_fp16_cache,000000000013,1,"three white dumplings on brown wooden bowl at night, dark lighting",1.3724,hit,8455.4,/content/CS2309.CH201/results/notebook/qsbench_imgs/20260614-1644-fa0711/improved_fp16_cache/000000000013_1.png
improved_fp16_cache,000000000013,2,"three white dumplings on brown wooden bowl in winter, covered in snow",1.3962,hit,8455.4,/content/CS2309.CH201/results/notebook/qsbench_imgs/20260614-1644-fa0711/improved_fp16_cache/000000000013_2.png
improved_fp16_cache,000000000014,0,a man in white shirt with his hands up standing by a house,1.6711,miss,8455.0,/content/CS2309.CH201/results/notebook/qsbench_imgs/20260614-1644-fa0711/improved_fp16_cache/000000000014_0.png
improved_fp16_cache,000000000014,1,"a man in black shirt with his hands hanging down standing by a house at night, dark lighting",1.392,hit,8455.4,/content/CS2309.CH201/results/notebook/qsbench_imgs/20260614-1644-fa0711/improved_fp16_cache/000000000014_1.png
improved_fp16_cache,000000000014,2,"a man in black shirt with his hands hanging down standing by a house in winter, covered in snow",1.3751,hit,8455.4,/content/CS2309.CH201/results/notebook/qsbench_imgs/20260614-1644-fa0711/improved_fp16_cache/000000000014_2.png
improved_fp16_cache,000000000015,0,Blue metal plate with vegatables on it,1.689,miss,8455.0,/content/CS2309.CH201/results/notebook/qsbench_imgs/20260614-1644-fa0711/improved_fp16_cache/000000000015_0.png
improved_fp16_cache,000000000015,1,"white plate with fruits on it at night, dark lighting",1.3799,hit,8455.4,/content/CS2309.CH201/results/notebook/qsbench_imgs/20260614-1644-fa0711/improved_fp16_cache/000000000015_1.png
improved_fp16_cache,000000000015,2,"white plate with fruits on it in winter, covered in snow",1.3727,hit,8455.4,/content/CS2309.CH201/results/notebook/qsbench_imgs/20260614-1644-fa0711/improved_fp16_cache/000000000015_2.png
improved_fp16_cache,000000000016,0,a white plate with grilled salmon and mushroom on it,1.6675,miss,8455.0,/content/CS2309.CH201/results/notebook/qsbench_imgs/20260614-1644-fa0711/improved_fp16_cache/000000000016_0.png
improved_fp16_cache,000000000016,1,"a plate with grilled steak on it at night, dark lighting",1.386,hit,8455.4,/content/CS2309.CH201/results/notebook/qsbench_imgs/20260614-1644-fa0711/improved_fp16_cache/000000000016_1.png
improved_fp16_cache,000000000016,2,"a plate with grilled steak on it in winter, covered in snow",1.3807,hit,8455.4,/content/CS2309.CH201/results/notebook/qsbench_imgs/20260614-1644-fa0711/improved_fp16_cache/000000000016_2.png
improved_fp16_cache,000000000017,0,photo of a white Teddy Bear in side view,1.6799,miss,8455.0,/content/CS2309.CH201/results/notebook/qsbench_imgs/20260614-1644-fa0711/improved_fp16_cache/000000000017_0.png
improved_fp16_cache,000000000017,1,"photo of a statue in front view at night, dark lighting",1.395,hit,8455.4,/content/CS2309.CH201/results/notebook/qsbench_imgs/20260614-1644-fa0711/improved_fp16_cache/000000000017_1.png
improved_fp16_cache,000000000017,2,"photo of a statue in front view in winter, covered in snow",1.4155,hit,8455.4,/content/CS2309.CH201/results/notebook/qsbench_imgs/20260614-1644-fa0711/improved_fp16_cache/000000000017_2.png
improved_fp16_cache,000000000018,0,the statue of angel holding a red flower,1.6752,miss,8455.0,/content/CS2309.CH201/results/notebook/qsbench_imgs/20260614-1644-fa0711/improved_fp16_cache/000000000018_0.png
improved_fp16_cache,000000000018,1,"the statue of liberty holding a torch at night, dark lighting",1.3921,hit,8455.4,/content/CS2309.CH201/results/notebook/qsbench_imgs/20260614-1644-fa0711/improved_fp16_cache/000000000018_1.png
improved_fp16_cache,000000000018,2,"the statue of liberty holding a torch in winter, covered in snow",1.3937,hit,8455.4,/content/CS2309.CH201/results/notebook/qsbench_imgs/20260614-1644-fa0711/improved_fp16_cache/000000000018_2.png
improved_fp16_cache,000000000019,0,white cat on green grass,1.6799,miss,8455.0,/content/CS2309.CH201/results/notebook/qsbench_imgs/20260614-1644-fa0711/improved_fp16_cache/000000000019_0.png
improved_fp16_cache,000000000019,1,"white tiger on brown ground at night, dark lighting",1.3911,hit,8455.4,/content/CS2309.CH201/results/notebook/qsbench_imgs/20260614-1644-fa0711/improved_fp16_cache/000000000019_1.png
improved_fp16_cache,000000000019,2,"white tiger on brown ground in winter, covered in snow",1.3849,hit,8455.4,/content/CS2309.CH201/results/notebook/qsbench_imgs/20260614-1644-fa0711/improved_fp16_cache/000000000019_2.png
improved_fp16_cache,000000000020,0,two toy cats standing on a branch,1.7152,miss,8455.0,/content/CS2309.CH201/results/notebook/qsbench_imgs/20260614-1644-fa0711/improved_fp16_cache/000000000020_0.png
improved_fp16_cache,000000000020,1,"two birds sitting on a branch at night, dark lighting",1.3904,hit,8455.4,/content/CS2309.CH201/results/notebook/qsbench_imgs/20260614-1644-fa0711/improved_fp16_cache/000000000020_1.png
improved_fp16_cache,000000000020,2,"two birds sitting on a branch in winter, covered in snow",1.4041,hit,8455.4,/content/CS2309.CH201/results/notebook/qsbench_imgs/20260614-1644-fa0711/improved_fp16_cache/000000000020_2.png
improved_fp16_cache,000000000021,0,"two metal owls sitting on a stick, forest background",1.6896,miss,8455.0,/content/CS2309.CH201/results/notebook/qsbench_imgs/20260614-1644-fa0711/improved_fp16_cache/000000000021_0.png
improved_fp16_cache,000000000021,1,"two parrots sitting on a stick, city street background at night, dark lighting",1.4059,hit,8455.4,/content/CS2309.CH201/results/notebook/qsbench_imgs/20260614-1644-fa0711/improved_fp16_cache/000000000021_1.png
improved_fp16_cache,000000000021,2,"two parrots sitting on a stick, city street background in winter, covered in snow",1.4017,hit,8455.4,/content/CS2309.CH201/results/notebook/qsbench_imgs/20260614-1644-fa0711/improved_fp16_cache/000000000021_2.png
improved_fp16_cache,000000000022,0,an pink taxi with colorful flowers on top,1.7188,miss,8455.0,/content/CS2309.CH201/results/notebook/qsbench_imgs/20260614-1644-fa0711/improved_fp16_cache/000000000022_0.png
improved_fp16_cache,000000000022,1,"an orange van with surfboards on top at night, dark lighting",1.4163,hit,8455.4,/content/CS2309.CH201/results/notebook/qsbench_imgs/20260614-1644-fa0711/improved_fp16_cache/000000000022_1.png
improved_fp16_cache,000000000022,2,"an orange van with surfboards on top in winter, covered in snow",1.4053,hit,8455.4,/content/CS2309.CH201/results/notebook/qsbench_imgs/20260614-1644-fa0711/improved_fp16_cache/000000000022_2.png
improved_fp16_cache,000000000023,0,a black cow with white patterns in the field,1.69,miss,8455.0,/content/CS2309.CH201/results/notebook/qsbench_imgs/20260614-1644-fa0711/improved_fp16_cache/000000000023_0.png
improved_fp16_cache,000000000023,1,"a gray horse in the field at night, dark lighting",1.3973,hit,8455.4,/content/CS2309.CH201/results/notebook/qsbench_imgs/20260614-1644-fa0711/improved_fp16_cache/000000000023_1.png
improved_fp16_cache,000000000023,2,"a gray horse in the field in winter, covered in snow",1.388,hit,8455.4,/content/CS2309.CH201/results/notebook/qsbench_imgs/20260614-1644-fa0711/improved_fp16_cache/000000000023_2.png
improved_fp16_cache,000000000024,0,a golden dog jumping in the sunset,1.6965,miss,8455.0,/content/CS2309.CH201/results/notebook/qsbench_imgs/20260614-1644-fa0711/improved_fp16_cache/000000000024_0.png
improved_fp16_cache,000000000024,1,"a white horse running in the sunset at night, dark lighting",1.3914,hit,8455.4,/content/CS2309.CH201/results/notebook/qsbench_imgs/20260614-1644-fa0711/improved_fp16_cache/000000000024_1.png
improved_fp16_cache,000000000024,2,"a white horse running in the sunset in winter, covered in snow",1.3941,hit,8455.4,/content/CS2309.CH201/results/notebook/qsbench_imgs/20260614-1644-fa0711/improved_fp16_cache/000000000024_2.png
improved_fp16_cache,000000000025,0,a woman with red hair wearing a coat,1.7182,miss,8455.0,/content/CS2309.CH201/results/notebook/qsbench_imgs/20260614-1644-fa0711/improved_fp16_cache/000000000025_0.png
improved_fp16_cache,000000000025,1,"a woman with blue hair wearing a shirt at night, dark lighting",1.3883,hit,8455.4,/content/CS2309.CH201/results/notebook/qsbench_imgs/20260614-1644-fa0711/improved_fp16_cache/000000000025_1.png
improved_fp16_cache,000000000025,2,"a woman with blue hair wearing a shirt in winter, covered in snow",1.3908,hit,8455.4,/content/CS2309.CH201/results/notebook/qsbench_imgs/20260614-1644-fa0711/improved_fp16_cache/000000000025_2.png
improved_fp16_cache,000000000026,0,a toy cat with a red fur sitting on a branch,1.6812,miss,8455.0,/content/CS2309.CH201/results/notebook/qsbench_imgs/20260614-1644-fa0711/improved_fp16_cache/000000000026_0.png
improved_fp16_cache,000000000026,1,"a yellow bird with a red beak sitting on a branch at night, dark lighting",1.3873,hit,8455.4,/content/CS2309.CH201/results/notebook/qsbench_imgs/20260614-1644-fa0711/improved_fp16_cache/000000000026_1.png
improved_fp16_cache,000000000026,2,"a yellow bird with a red beak sitting on a branch in winter, covered in snow",1.3869,hit,8455.4,/content/CS2309.CH201/results/notebook/qsbench_imgs/20260614-1644-fa0711/improved_fp16_cache/000000000026_2.png
improved_fp16_cache,000000000027,0,a closed eyes dog sitting on green grass,1.676,miss,8455.0,/content/CS2309.CH201/results/notebook/qsbench_imgs/20260614-1644-fa0711/improved_fp16_cache/000000000027_0.png
improved_fp16_cache,000000000027,1,"a opened eyes cat sitting on wooden floor at night, dark lighting",1.3969,hit,8455.4,/content/CS2309.CH201/results/notebook/qsbench_imgs/20260614-1644-fa0711/improved_fp16_cache/000000000027_1.png
improved_fp16_cache,000000000027,2,"a opened eyes cat sitting on wooden floor in winter, covered in snow",1.3891,hit,8455.4,/content/CS2309.CH201/results/notebook/qsbench_imgs/20260614-1644-fa0711/improved_fp16_cache/000000000027_2.png
improved_fp16_cache,000000000028,0,Painting of red flowers on a tree branch with white background,1.6863,miss,8455.0,/content/CS2309.CH201/results/notebook/qsbench_imgs/20260614-1644-fa0711/improved_fp16_cache/000000000028_0.png
improved_fp16_cache,000000000028,1,"white flowers on a tree branch with blue sky background at night, dark lighting",1.384,hit,8455.4,/content/CS2309.CH201/results/notebook/qsbench_imgs/20260614-1644-fa0711/improved_fp16_cache/000000000028_1.png
improved_fp16_cache,000000000028,2,"white flowers on a tree branch with blue sky background in winter, covered in snow",1.3815,hit,8455.4,/content/CS2309.CH201/results/notebook/qsbench_imgs/20260614-1644-fa0711/improved_fp16_cache/000000000028_2.png
improved_fp16_cache,000000000029,0,a duck sitting on the floor,1.664,miss,8455.0,/content/CS2309.CH201/results/notebook/qsbench_imgs/20260614-1644-fa0711/improved_fp16_cache/000000000029_0.png
improved_fp16_cache,000000000029,1,"a kitten walking on the grass at night, dark lighting",1.3746,hit,8455.4,/content/CS2309.CH201/results/notebook/qsbench_imgs/20260614-1644-fa0711/improved_fp16_cache/000000000029_1.png
improved_fp16_cache,000000000029,2,"a kitten walking on the grass in winter, covered in snow",1.3969,hit,8455.4,/content/CS2309.CH201/results/notebook/qsbench_imgs/20260614-1644-fa0711/improved_fp16_cache/000000000029_2.png
improved_fp16_cache,000000000030,0,a road in a lush city with black rocks,1.7215,miss,8455.0,/content/CS2309.CH201/results/notebook/qsbench_imgs/20260614-1644-fa0711/improved_fp16_cache/000000000030_0.png
improved_fp16_cache,000000000030,1,"a stream in a lush forest with rocks at night, dark lighting",1.3809,hit,8455.4,/content/CS2309.CH201/results/notebook/qsbench_imgs/20260614-1644-fa0711/improved_fp16_cache/000000000030_1.png
improved_fp16_cache,000000000030,2,"a stream in a lush forest with rocks in winter, covered in snow",1.386,hit,8455.4,/content/CS2309.CH201/results/notebook/qsbench_imgs/20260614-1644-fa0711/improved_fp16_cache/000000000030_2.png
improved_fp16_cache,000000000031,0,a blue tulip in the yellow light,1.6766,miss,8455.0,/content/CS2309.CH201/results/notebook/qsbench_imgs/20260614-1644-fa0711/improved_fp16_cache/000000000031_0.png
improved_fp16_cache,000000000031,1,"a red rose in the dark at night, dark lighting",1.3762,hit,8455.4,/content/CS2309.CH201/results/notebook/qsbench_imgs/20260614-1644-fa0711/improved_fp16_cache/000000000031_1.png
improved_fp16_cache,000000000031,2,"a red rose in the dark in winter, covered in snow",1.3939,hit,8455.4,/content/CS2309.CH201/results/notebook/qsbench_imgs/20260614-1644-fa0711/improved_fp16_cache/000000000031_2.png
improved_fp16_cache,000000000032,0,a group of red apples hanging from a big tree,1.6864,miss,8455.0,/content/CS2309.CH201/results/notebook/qsbench_imgs/20260614-1644-fa0711/improved_fp16_cache/000000000032_0.png
improved_fp16_cache,000000000032,1,"a group of pink flowers hanging from a tree at night, dark lighting",1.3876,hit,8455.4,/content/CS2309.CH201/results/notebook/qsbench_imgs/20260614-1644-fa0711/improved_fp16_cache/000000000032_1.png
improved_fp16_cache,000000000032,2,"a group of pink flowers hanging from a tree in winter, covered in snow",1.3827,hit,8455.4,/content/CS2309.CH201/results/notebook/qsbench_imgs/20260614-1644-fa0711/improved_fp16_cache/000000000032_2.png
improved_fp16_cache,000000000033,0,a painting of a boy walking his cat in winter,1.663,miss,8455.0,/content/CS2309.CH201/results/notebook/qsbench_imgs/20260614-1644-fa0711/improved_fp16_cache/000000000033_0.png
improved_fp16_cache,000000000033,1,"a cartoon of a boy walking his dog in autumn at night, dark lighting",1.3787,hit,8455.4,/content/CS2309.CH201/results/notebook/qsbench_imgs/20260614-1644-fa0711/improved_fp16_cache/000000000033_1.png
improved_fp16_cache,000000000033,2,"a cartoon of a boy walking his dog in autumn in winter, covered in snow",1.3827,hit,8455.4,/content/CS2309.CH201/results/notebook/qsbench_imgs/20260614-1644-fa0711/improved_fp16_cache/000000000033_2.png
improved_fp16_cache,000000000034,0,a sketch painting of a mother cat and her babies are standing near the forest,1.6865,miss,8455.0,/content/CS2309.CH201/results/notebook/qsbench_imgs/20260614-1644-fa0711/improved_fp16_cache/000000000034_0.png
improved_fp16_cache,000000000034,1,"a mother duck and her babies are standing near the water at night, dark lighting",1.3956,hit,8455.4,/content/CS2309.CH201/results/notebook/qsbench_imgs/20260614-1644-fa0711/improved_fp16_cache/000000000034_1.png
improved_fp16_cache,000000000034,2,"a mother duck and her babies are standing near the water in winter, covered in snow",1.4047,hit,8455.4,/content/CS2309.CH201/results/notebook/qsbench_imgs/20260614-1644-fa0711/improved_fp16_cache/000000000034_2.png
improved_fp16_cache,000000000035,0,"painting, yellow ball of the world by jimmy kirk",1.7049,miss,8455.0,/content/CS2309.CH201/results/notebook/qsbench_imgs/20260614-1644-fa0711/improved_fp16_cache/000000000035_0.png
improved_fp16_cache,000000000035,1,"photograph, window of the world by jimmy kirk at night, dark lighting",1.3908,hit,8455.4,/content/CS2309.CH201/results/notebook/qsbench_imgs/20260614-1644-fa0711/improved_fp16_cache/000000000035_1.png
improved_fp16_cache,000000000035,2,"photograph, window of the world by jimmy kirk in winter, covered in snow",1.398,hit,8455.4,/content/CS2309.CH201/results/notebook/qsbench_imgs/20260614-1644-fa0711/improved_fp16_cache/000000000035_2.png
improved_fp16_cache,000000000036,0,red flame in the dark,1.6962,miss,8455.0,/content/CS2309.CH201/results/notebook/qsbench_imgs/20260614-1644-fa0711/improved_fp16_cache/000000000036_0.png
improved_fp16_cache,000000000036,1,"smoke at night, dark lighting",1.388,hit,8455.4,/content/CS2309.CH201/results/notebook/qsbench_imgs/20260614-1644-fa0711/improved_fp16_cache/000000000036_1.png
improved_fp16_cache,000000000036,2,"smoke in winter, covered in snow",1.397,hit,8455.4,/content/CS2309.CH201/results/notebook/qsbench_imgs/20260614-1644-fa0711/improved_fp16_cache/000000000036_2.png
improved_fp16_cache,000000000037,0,snow mountain landscape with flowers and green grass,1.7027,miss,8455.0,/content/CS2309.CH201/results/notebook/qsbench_imgs/20260614-1644-fa0711/improved_fp16_cache/000000000037_0.png
improved_fp16_cache,000000000037,1,"mountain landscape with flowers and withered grass at night, dark lighting",1.4116,hit,8455.4,/content/CS2309.CH201/results/notebook/qsbench_imgs/20260614-1644-fa0711/improved_fp16_cache/000000000037_1.png
improved_fp16_cache,000000000037,2,"mountain landscape with flowers and withered grass in winter, covered in snow",1.3865,hit,8455.4,/content/CS2309.CH201/results/notebook/qsbench_imgs/20260614-1644-fa0711/improved_fp16_cache/000000000037_2.png
improved_fp16_cache,000000000038,0,a little girl with blue eyes and yellow flowers in a blue coat,1.6749,miss,8455.0,/content/CS2309.CH201/results/notebook/qsbench_imgs/20260614-1644-fa0711/improved_fp16_cache/000000000038_0.png
improved_fp16_cache,000000000038,1,"a little girl with green eyes and flowers in a blue dress at night, dark lighting",1.3901,hit,8455.4,/content/CS2309.CH201/results/notebook/qsbench_imgs/20260614-1644-fa0711/improved_fp16_cache/000000000038_1.png
improved_fp16_cache,000000000038,2,"a little girl with green eyes and flowers in a blue dress in winter, covered in snow",1.3833,hit,8455.4,/content/CS2309.CH201/results/notebook/qsbench_imgs/20260614-1644-fa0711/improved_fp16_cache/000000000038_2.png
improved_fp16_cache,000000000039,0,two cats swimming in the sea,1.6854,miss,8455.0,/content/CS2309.CH201/results/notebook/qsbench_imgs/20260614-1644-fa0711/improved_fp16_cache/000000000039_0.png
improved_fp16_cache,000000000039,1,"two ducks in the dirt at night, dark lighting",1.4143,hit,8455.4,/content/CS2309.CH201/results/notebook/qsbench_imgs/20260614-1644-fa0711/improved_fp16_cache/000000000039_1.png
improved_fp16_cache,000000000039,2,"two ducks in the dirt in winter, covered in snow",1.4021,hit,8455.4,/content/CS2309.CH201/results/notebook/qsbench_imgs/20260614-1644-fa0711/improved_fp16_cache/000000000039_2.png
improved_fp16_cache,000000000040,0,a orange cat sitting with cotton scarf putting hands up,1.6931,miss,8455.0,/content/CS2309.CH201/results/notebook/qsbench_imgs/20260614-1644-fa0711/improved_fp16_cache/000000000040_0.png
improved_fp16_cache,000000000040,1,"a cat sitting with beads collar at night, dark lighting",1.3822,hit,8455.4,/content/CS2309.CH201/results/notebook/qsbench_imgs/20260614-1644-fa0711/improved_fp16_cache/000000000040_1.png
improved_fp16_cache,000000000040,2,"a cat sitting with beads collar in winter, covered in snow",1.3993,hit,8455.4,/content/CS2309.CH201/results/notebook/qsbench_imgs/20260614-1644-fa0711/improved_fp16_cache/000000000040_2.png
improved_fp16_cache,000000000041,0,a spacecraft in the blue arctic sky,1.6926,miss,8455.0,/content/CS2309.CH201/results/notebook/qsbench_imgs/20260614-1644-fa0711/improved_fp16_cache/000000000041_0.png
improved_fp16_cache,000000000041,1,"the arctic sky at night, dark lighting",1.3858,hit,8455.4,/content/CS2309.CH201/results/notebook/qsbench_imgs/20260614-1644-fa0711/improved_fp16_cache/000000000041_1.png
improved_fp16_cache,000000000041,2,"the arctic sky in winter, covered in snow",1.3957,hit,8455.4,/content/CS2309.CH201/results/notebook/qsbench_imgs/20260614-1644-fa0711/improved_fp16_cache/000000000041_2.png
improved_fp16_cache,000000000042,0,a white dog is standing on rocks in a bright forest,1.7127,miss,8455.0,/content/CS2309.CH201/results/notebook/qsbench_imgs/20260614-1644-fa0711/improved_fp16_cache/000000000042_0.png
improved_fp16_cache,000000000042,1,"a black wolf is standing on rocks in a dark forest at night, dark lighting",1.4308,hit,8455.4,/content/CS2309.CH201/results/notebook/qsbench_imgs/20260614-1644-fa0711/improved_fp16_cache/000000000042_1.png
improved_fp16_cache,000000000042,2,"a black wolf is standing on rocks in a dark forest in winter, covered in snow",1.4025,hit,8455.4,/content/CS2309.CH201/results/notebook/qsbench_imgs/20260614-1644-fa0711/improved_fp16_cache/000000000042_2.png
improved_fp16_cache,000000000043,0,a small blue cruise ship in the ocean at sunset,1.6779,miss,8455.0,/content/CS2309.CH201/results/notebook/qsbench_imgs/20260614-1644-fa0711/improved_fp16_cache/000000000043_0.png
improved_fp16_cache,000000000043,1,"a large red cargo ship in the ocean at sunset at night, dark lighting",1.3764,hit,8455.4,/content/CS2309.CH201/results/notebook/qsbench_imgs/20260614-1644-fa0711/improved_fp16_cache/000000000043_1.png
improved_fp16_cache,000000000043,2,"a large red cargo ship in the ocean at sunset in winter, covered in snow",1.3977,hit,8455.4,/content/CS2309.CH201/results/notebook/qsbench_imgs/20260614-1644-fa0711/improved_fp16_cache/000000000043_2.png
improved_fp16_cache,000000000044,0,a yellow cat with red scarf sitting in the flowers,1.6752,miss,8455.0,/content/CS2309.CH201/results/notebook/qsbench_imgs/20260614-1644-fa0711/improved_fp16_cache/000000000044_0.png
improved_fp16_cache,000000000044,1,"a cat sitting in the grass at night, dark lighting",1.3944,hit,8455.4,/content/CS2309.CH201/results/notebook/qsbench_imgs/20260614-1644-fa0711/improved_fp16_cache/000000000044_1.png
improved_fp16_cache,000000000044,2,"a cat sitting in the grass in winter, covered in snow",1.4131,hit,8455.4,/content/CS2309.CH201/results/notebook/qsbench_imgs/20260614-1644-fa0711/improved_fp16_cache/000000000044_2.png
improved_fp16_cache,000000000045,0,the christmas card of a santa's angry face with red mustache,1.705,miss,8455.0,/content/CS2309.CH201/results/notebook/qsbench_imgs/20260614-1644-fa0711/improved_fp16_cache/000000000045_0.png
improved_fp16_cache,000000000045,1,"the christmas illustration of a santa's laughing face at night, dark lighting",1.396,hit,8455.4,/content/CS2309.CH201/results/notebook/qsbench_imgs/20260614-1644-fa0711/improved_fp16_cache/000000000045_1.png
improved_fp16_cache,000000000045,2,"the christmas illustration of a santa's laughing face in winter, covered in snow",1.3908,hit,8455.4,/content/CS2309.CH201/results/notebook/qsbench_imgs/20260614-1644-fa0711/improved_fp16_cache/000000000045_2.png
improved_fp16_cache,000000000046,0,photo of pink stars in the sky,1.6902,miss,8455.0,/content/CS2309.CH201/results/notebook/qsbench_imgs/20260614-1644-fa0711/improved_fp16_cache/000000000046_0.png
improved_fp16_cache,000000000046,1,"painting of clouds in the sky at night, dark lighting",1.3972,hit,8455.4,/content/CS2309.CH201/results/notebook/qsbench_imgs/20260614-1644-fa0711/improved_fp16_cache/000000000046_1.png
improved_fp16_cache,000000000046,2,"painting of clouds in the sky in winter, covered in snow",1.3881,hit,8455.4,/content/CS2309.CH201/results/notebook/qsbench_imgs/20260614-1644-fa0711/improved_fp16_cache/000000000046_2.png
improved_fp16_cache,000000000047,0,shiny blue bus by jill kaufman,1.719,miss,8455.0,/content/CS2309.CH201/results/notebook/qsbench_imgs/20260614-1644-fa0711/improved_fp16_cache/000000000047_0.png
improved_fp16_cache,000000000047,1,"rusty car by jill kaufman at night, dark lighting",1.4154,hit,8455.4,/content/CS2309.CH201/results/notebook/qsbench_imgs/20260614-1644-fa0711/improved_fp16_cache/000000000047_1.png
improved_fp16_cache,000000000047,2,"rusty car by jill kaufman in winter, covered in snow",1.4039,hit,8455.4,/content/CS2309.CH201/results/notebook/qsbench_imgs/20260614-1644-fa0711/improved_fp16_cache/000000000047_2.png
improved_fp16_cache,000000000048,0,sunset over a field with pink stars and a dark sky,1.6887,miss,8455.0,/content/CS2309.CH201/results/notebook/qsbench_imgs/20260614-1644-fa0711/improved_fp16_cache/000000000048_0.png
improved_fp16_cache,000000000048,1,"sunset over a field with clouds and a bright sky at night, dark lighting",1.3999,hit,8455.4,/content/CS2309.CH201/results/notebook/qsbench_imgs/20260614-1644-fa0711/improved_fp16_cache/000000000048_1.png
improved_fp16_cache,000000000048,2,"sunset over a field with clouds and a bright sky in winter, covered in snow",1.3844,hit,8455.4,/content/CS2309.CH201/results/notebook/qsbench_imgs/20260614-1644-fa0711/improved_fp16_cache/000000000048_2.png
improved_fp16_cache,000000000049,0,yellow metal chair with black dots in a conference room,1.6805,miss,8455.0,/content/CS2309.CH201/results/notebook/qsbench_imgs/20260614-1644-fa0711/improved_fp16_cache/000000000049_0.png
improved_fp16_cache,000000000049,1,"black chair in a conference room at night, dark lighting",1.3866,hit,8455.4,/content/CS2309.CH201/results/notebook/qsbench_imgs/20260614-1644-fa0711/improved_fp16_cache/000000000049_1.png
improved_fp16_cache,000000000049,2,"black chair in a conference room in winter, covered in snow",1.403,hit,8455.4,/content/CS2309.CH201/results/notebook/qsbench_imgs/20260614-1644-fa0711/improved_fp16_cache/000000000049_2.png
improved_fp16_cache,000000000050,0,a cat jumping on eggs,1.6771,miss,8455.0,/content/CS2309.CH201/results/notebook/qsbench_imgs/20260614-1644-fa0711/improved_fp16_cache/000000000050_0.png
improved_fp16_cache,000000000050,1,"a bird standing on clods at night, dark lighting",1.3821,hit,8455.4,/content/CS2309.CH201/results/notebook/qsbench_imgs/20260614-1644-fa0711/improved_fp16_cache/000000000050_1.png
improved_fp16_cache,000000000050,2,"a bird standing on clods in winter, covered in snow",1.3996,hit,8455.4,/content/CS2309.CH201/results/notebook/qsbench_imgs/20260614-1644-fa0711/improved_fp16_cache/000000000050_2.png
improved_fp16_cache,000000000051,0,a painting of red flowers in a white vase,1.6835,miss,8455.0,/content/CS2309.CH201/results/notebook/qsbench_imgs/20260614-1644-fa0711/improved_fp16_cache/000000000051_0.png
improved_fp16_cache,000000000051,1,"a painting of colorful flowers in a blue vase at night, dark lighting",1.3836,hit,8455.4,/content/CS2309.CH201/results/notebook/qsbench_imgs/20260614-1644-fa0711/improved_fp16_cache/000000000051_1.png
improved_fp16_cache,000000000051,2,"a painting of colorful flowers in a blue vase in winter, covered in snow",1.3908,hit,8455.4,/content/CS2309.CH201/results/notebook/qsbench_imgs/20260614-1644-fa0711/improved_fp16_cache/000000000051_2.png
improved_fp16_cache,000000000052,0,a logo of X with pink color in a light background,1.6756,miss,8455.0,/content/CS2309.CH201/results/notebook/qsbench_imgs/20260614-1644-fa0711/improved_fp16_cache/000000000052_0.png
improved_fp16_cache,000000000052,1,"a logo of bird shape in a black background at night, dark lighting",1.3769,hit,8455.4,/content/CS2309.CH201/results/notebook/qsbench_imgs/20260614-1644-fa0711/improved_fp16_cache/000000000052_1.png
improved_fp16_cache,000000000052,2,"a logo of bird shape in a black background in winter, covered in snow",1.3886,hit,8455.4,/content/CS2309.CH201/results/notebook/qsbench_imgs/20260614-1644-fa0711/improved_fp16_cache/000000000052_2.png
improved_fp16_cache,000000000053,0,a fluffy cat with a blue leash jumping on the ground,1.6785,miss,8455.0,/content/CS2309.CH201/results/notebook/qsbench_imgs/20260614-1644-fa0711/improved_fp16_cache/000000000053_0.png
improved_fp16_cache,000000000053,1,"a fluffy dog with a blue leash sitting in the grass at night, dark lighting",1.394,hit,8455.4,/content/CS2309.CH201/results/notebook/qsbench_imgs/20260614-1644-fa0711/improved_fp16_cache/000000000053_1.png
improved_fp16_cache,000000000053,2,"a fluffy dog with a blue leash sitting in the grass in winter, covered in snow",1.387,hit,8455.4,/content/CS2309.CH201/results/notebook/qsbench_imgs/20260614-1644-fa0711/improved_fp16_cache/000000000053_2.png
improved_fp16_cache,000000000054,0,a red ball and a notebook on a table,1.7044,miss,8455.0,/content/CS2309.CH201/results/notebook/qsbench_imgs/20260614-1644-fa0711/improved_fp16_cache/000000000054_0.png
improved_fp16_cache,000000000054,1,"a camera and a notebook on a bed at night, dark lighting",1.388,hit,8455.4,/content/CS2309.CH201/results/notebook/qsbench_imgs/20260614-1644-fa0711/improved_fp16_cache/000000000054_1.png
improved_fp16_cache,000000000054,2,"a camera and a notebook on a bed in winter, covered in snow",1.4256,hit,8455.4,/content/CS2309.CH201/results/notebook/qsbench_imgs/20260614-1644-fa0711/improved_fp16_cache/000000000054_2.png
improved_fp16_cache,000000000055,0,a white tiger is looking at the camera in the rain,1.6866,miss,8455.0,/content/CS2309.CH201/results/notebook/qsbench_imgs/20260614-1644-fa0711/improved_fp16_cache/000000000055_0.png
improved_fp16_cache,000000000055,1,"a black dog is looking at the camera in the snow at night, dark lighting",1.3929,hit,8455.4,/content/CS2309.CH201/results/notebook/qsbench_imgs/20260614-1644-fa0711/improved_fp16_cache/000000000055_1.png
improved_fp16_cache,000000000055,2,"a black dog is looking at the camera in the snow in winter, covered in snow",1.3888,hit,8455.4,/content/CS2309.CH201/results/notebook/qsbench_imgs/20260614-1644-fa0711/improved_fp16_cache/000000000055_2.png
improved_fp16_cache,000000000056,0,a lion puppy with black fur wrapped in a blue coat,1.6708,miss,8455.0,/content/CS2309.CH201/results/notebook/qsbench_imgs/20260614-1644-fa0711/improved_fp16_cache/000000000056_0.png
improved_fp16_cache,000000000056,1,"a meerkat puppy wrapped in a blue towel at night, dark lighting",1.4039,hit,8455.4,/content/CS2309.CH201/results/notebook/qsbench_imgs/20260614-1644-fa0711/improved_fp16_cache/000000000056_1.png
improved_fp16_cache,000000000056,2,"a meerkat puppy wrapped in a blue towel in winter, covered in snow",1.3848,hit,8455.4,/content/CS2309.CH201/results/notebook/qsbench_imgs/20260614-1644-fa0711/improved_fp16_cache/000000000056_2.png
improved_fp16_cache,000000000057,0,a photo of an owl jumping on a rock,1.7073,miss,8455.0,/content/CS2309.CH201/results/notebook/qsbench_imgs/20260614-1644-fa0711/improved_fp16_cache/000000000057_0.png
improved_fp16_cache,000000000057,1,"an owl sitting on a branch at night, dark lighting",1.4082,hit,8455.4,/content/CS2309.CH201/results/notebook/qsbench_imgs/20260614-1644-fa0711/improved_fp16_cache/000000000057_1.png
improved_fp16_cache,000000000057,2,"an owl sitting on a branch in winter, covered in snow",1.3879,hit,8455.4,/content/CS2309.CH201/results/notebook/qsbench_imgs/20260614-1644-fa0711/improved_fp16_cache/000000000057_2.png
improved_fp16_cache,000000000058,0,yellow roses in blue vase,1.6874,miss,8455.0,/content/CS2309.CH201/results/notebook/qsbench_imgs/20260614-1644-fa0711/improved_fp16_cache/000000000058_0.png
improved_fp16_cache,000000000058,1,"purple tulips in vase at night, dark lighting",1.3864,hit,8455.4,/content/CS2309.CH201/results/notebook/qsbench_imgs/20260614-1644-fa0711/improved_fp16_cache/000000000058_1.png
improved_fp16_cache,000000000058,2,"purple tulips in vase in winter, covered in snow",1.3948,hit,8455.4,/content/CS2309.CH201/results/notebook/qsbench_imgs/20260614-1644-fa0711/improved_fp16_cache/000000000058_2.png
improved_fp16_cache,000000000059,0,a cartoon cat face backward is jumping,1.6937,miss,8455.0,/content/CS2309.CH201/results/notebook/qsbench_imgs/20260614-1644-fa0711/improved_fp16_cache/000000000059_0.png
improved_fp16_cache,000000000059,1,"a cartoon goat at night, dark lighting",1.4031,hit,8455.4,/content/CS2309.CH201/results/notebook/qsbench_imgs/20260614-1644-fa0711/improved_fp16_cache/000000000059_1.png
improved_fp16_cache,000000000059,2,"a cartoon goat in winter, covered in snow",1.4033,hit,8455.4,/content/CS2309.CH201/results/notebook/qsbench_imgs/20260614-1644-fa0711/improved_fp16_cache/000000000059_2.png
improved_fp16_cache,000000000060,0,a red pear sitting on top of a glass table,1.6992,miss,8455.0,/content/CS2309.CH201/results/notebook/qsbench_imgs/20260614-1644-fa0711/improved_fp16_cache/000000000060_0.png
improved_fp16_cache,000000000060,1,"a yellow apple sitting on top of a wooden table at night, dark lighting",1.3872,hit,8455.4,/content/CS2309.CH201/results/notebook/qsbench_imgs/20260614-1644-fa0711/improved_fp16_cache/000000000060_1.png
improved_fp16_cache,000000000060,2,"a yellow apple sitting on top of a wooden table in winter, covered in snow",1.3981,hit,8455.4,/content/CS2309.CH201/results/notebook/qsbench_imgs/20260614-1644-fa0711/improved_fp16_cache/000000000060_2.png
improved_fp16_cache,000000000061,0,a mid winter road with rocks lined with trees and flowers,1.6879,miss,8455.0,/content/CS2309.CH201/results/notebook/qsbench_imgs/20260614-1644-fa0711/improved_fp16_cache/000000000061_0.png
improved_fp16_cache,000000000061,1,"a mid autumn road lined with trees and leaves at night, dark lighting",1.3861,hit,8455.4,/content/CS2309.CH201/results/notebook/qsbench_imgs/20260614-1644-fa0711/improved_fp16_cache/000000000061_1.png
improved_fp16_cache,000000000061,2,"a mid autumn road lined with trees and leaves in winter, covered in snow",1.3951,hit,8455.4,/content/CS2309.CH201/results/notebook/qsbench_imgs/20260614-1644-fa0711/improved_fp16_cache/000000000061_2.png
improved_fp16_cache,000000000062,0,a cat is sleeping in a pile of colorful stones,1.7084,miss,8455.0,/content/CS2309.CH201/results/notebook/qsbench_imgs/20260614-1644-fa0711/improved_fp16_cache/000000000062_0.png
improved_fp16_cache,000000000062,1,"a rabbit is sitting in a pile of colorful eggs at night, dark lighting",1.3919,hit,8455.4,/content/CS2309.CH201/results/notebook/qsbench_imgs/20260614-1644-fa0711/improved_fp16_cache/000000000062_1.png
improved_fp16_cache,000000000062,2,"a rabbit is sitting in a pile of colorful eggs in winter, covered in snow",1.3908,hit,8455.4,/content/CS2309.CH201/results/notebook/qsbench_imgs/20260614-1644-fa0711/improved_fp16_cache/000000000062_2.png
improved_fp16_cache,000000000063,0,a white vase with some wilted vegatables in it,1.6925,miss,8455.0,/content/CS2309.CH201/results/notebook/qsbench_imgs/20260614-1644-fa0711/improved_fp16_cache/000000000063_0.png
improved_fp16_cache,000000000063,1,"a vase with some blooming flowers in it at night, dark lighting",1.3969,hit,8455.4,/content/CS2309.CH201/results/notebook/qsbench_imgs/20260614-1644-fa0711/improved_fp16_cache/000000000063_1.png
improved_fp16_cache,000000000063,2,"a vase with some blooming flowers in it in winter, covered in snow",1.3935,hit,8455.4,/content/CS2309.CH201/results/notebook/qsbench_imgs/20260614-1644-fa0711/improved_fp16_cache/000000000063_2.png
improved_fp16_cache,000000000064,0,a woman riding a lion in front of a glowing red flame,1.6896,miss,8455.0,/content/CS2309.CH201/results/notebook/qsbench_imgs/20260614-1644-fa0711/improved_fp16_cache/000000000064_0.png
improved_fp16_cache,000000000064,1,"a woman in front of a glowing yellow light at night, dark lighting",1.4206,hit,8455.4,/content/CS2309.CH201/results/notebook/qsbench_imgs/20260614-1644-fa0711/improved_fp16_cache/000000000064_1.png
improved_fp16_cache,000000000064,2,"a woman in front of a glowing yellow light in winter, covered in snow",1.4149,hit,8455.4,/content/CS2309.CH201/results/notebook/qsbench_imgs/20260614-1644-fa0711/improved_fp16_cache/000000000064_2.png
improved_fp16_cache,000000000065,0,a blue bird is standing on a stone,1.6776,miss,8455.0,/content/CS2309.CH201/results/notebook/qsbench_imgs/20260614-1644-fa0711/improved_fp16_cache/000000000065_0.png
improved_fp16_cache,000000000065,1,"a bird is sitting on a branch with moss at night, dark lighting",1.388,hit,8455.4,/content/CS2309.CH201/results/notebook/qsbench_imgs/20260614-1644-fa0711/improved_fp16_cache/000000000065_1.png
improved_fp16_cache,000000000065,2,"a bird is sitting on a branch with moss in winter, covered in snow",1.388,hit,8455.4,/content/CS2309.CH201/results/notebook/qsbench_imgs/20260614-1644-fa0711/improved_fp16_cache/000000000065_2.png
improved_fp16_cache,000000000066,0,painting of a german shepherd standing on the ground,1.6844,miss,8455.0,/content/CS2309.CH201/results/notebook/qsbench_imgs/20260614-1644-fa0711/improved_fp16_cache/000000000066_0.png
improved_fp16_cache,000000000066,1,"a dalmatian dog laying on the ground at night, dark lighting",1.3935,hit,8455.4,/content/CS2309.CH201/results/notebook/qsbench_imgs/20260614-1644-fa0711/improved_fp16_cache/000000000066_1.png
improved_fp16_cache,000000000066,2,"a dalmatian dog laying on the ground in winter, covered in snow",1.3899,hit,8455.4,/content/CS2309.CH201/results/notebook/qsbench_imgs/20260614-1644-fa0711/improved_fp16_cache/000000000066_2.png
improved_fp16_cache,000000000067,0,a woman in a white shirt crying in the rain,1.7035,miss,8455.0,/content/CS2309.CH201/results/notebook/qsbench_imgs/20260614-1644-fa0711/improved_fp16_cache/000000000067_0.png
improved_fp16_cache,000000000067,1,"a woman in a jacket standing in the rain at night, dark lighting",1.3879,hit,8455.4,/content/CS2309.CH201/results/notebook/qsbench_imgs/20260614-1644-fa0711/improved_fp16_cache/000000000067_1.png
improved_fp16_cache,000000000067,2,"a woman in a jacket standing in the rain in winter, covered in snow",1.3937,hit,8455.4,/content/CS2309.CH201/results/notebook/qsbench_imgs/20260614-1644-fa0711/improved_fp16_cache/000000000067_2.png
improved_fp16_cache,000000000068,0,painting of white unicorns standing in the woods,1.6985,miss,8455.0,/content/CS2309.CH201/results/notebook/qsbench_imgs/20260614-1644-fa0711/improved_fp16_cache/000000000068_0.png
improved_fp16_cache,000000000068,1,"photo of horses running in the woods at night, dark lighting",1.395,hit,8455.4,/content/CS2309.CH201/results/notebook/qsbench_imgs/20260614-1644-fa0711/improved_fp16_cache/000000000068_1.png
improved_fp16_cache,000000000068,2,"photo of horses running in the woods in winter, covered in snow",1.3848,hit,8455.4,/content/CS2309.CH201/results/notebook/qsbench_imgs/20260614-1644-fa0711/improved_fp16_cache/000000000068_2.png
improved_fp16_cache,000000000069,0,forest with snow and bus,1.6995,miss,8455.0,/content/CS2309.CH201/results/notebook/qsbench_imgs/20260614-1644-fa0711/improved_fp16_cache/000000000069_0.png
improved_fp16_cache,000000000069,1,"sea and house at night, dark lighting",1.4219,hit,8455.4,/content/CS2309.CH201/results/notebook/qsbench_imgs/20260614-1644-fa0711/improved_fp16_cache/000000000069_1.png
improved_fp16_cache,000000000069,2,"sea and house in winter, covered in snow",1.4116,hit,8455.4,/content/CS2309.CH201/results/notebook/qsbench_imgs/20260614-1644-fa0711/improved_fp16_cache/000000000069_2.png
improved_fp16_cache,000000000070,0,"a sunny day of the park of dresden, germany, europe",1.684,miss,8455.0,/content/CS2309.CH201/results/notebook/qsbench_imgs/20260614-1644-fa0711/improved_fp16_cache/000000000070_0.png
improved_fp16_cache,000000000070,1,"the city of dresden, germany, europe at night, dark lighting",1.3879,hit,8455.4,/content/CS2309.CH201/results/notebook/qsbench_imgs/20260614-1644-fa0711/improved_fp16_cache/000000000070_1.png
improved_fp16_cache,000000000070,2,"the city of dresden, germany, europe in winter, covered in snow",1.3795,hit,8455.4,/content/CS2309.CH201/results/notebook/qsbench_imgs/20260614-1644-fa0711/improved_fp16_cache/000000000070_2.png
improved_fp16_cache,000000000071,0,an orange with two hands on it in a dark background,1.6585,miss,8455.0,/content/CS2309.CH201/results/notebook/qsbench_imgs/20260614-1644-fa0711/improved_fp16_cache/000000000071_0.png
improved_fp16_cache,000000000071,1,"an apple with two faces on it in a white background at night, dark lighting",1.4188,hit,8455.4,/content/CS2309.CH201/results/notebook/qsbench_imgs/20260614-1644-fa0711/improved_fp16_cache/000000000071_1.png
improved_fp16_cache,000000000071,2,"an apple with two faces on it in a white background in winter, covered in snow",1.391,hit,8455.4,/content/CS2309.CH201/results/notebook/qsbench_imgs/20260614-1644-fa0711/improved_fp16_cache/000000000071_2.png
improved_fp16_cache,000000000072,0,wooden green vases,1.7003,miss,8455.0,/content/CS2309.CH201/results/notebook/qsbench_imgs/20260614-1644-fa0711/improved_fp16_cache/000000000072_0.png
improved_fp16_cache,000000000072,1,"colorful cups at night, dark lighting",1.3965,hit,8455.4,/content/CS2309.CH201/results/notebook/qsbench_imgs/20260614-1644-fa0711/improved_fp16_cache/000000000072_1.png
improved_fp16_cache,000000000072,2,"colorful cups in winter, covered in snow",1.3962,hit,8455.4,/content/CS2309.CH201/results/notebook/qsbench_imgs/20260614-1644-fa0711/improved_fp16_cache/000000000072_2.png
improved_fp16_cache,000000000073,0,a autumn field with buildings and a pink sky,1.6872,miss,8455.0,/content/CS2309.CH201/results/notebook/qsbench_imgs/20260614-1644-fa0711/improved_fp16_cache/000000000073_0.png
improved_fp16_cache,000000000073,1,"a spring field with trees and a blue sky at night, dark lighting",1.4046,hit,8455.4,/content/CS2309.CH201/results/notebook/qsbench_imgs/20260614-1644-fa0711/improved_fp16_cache/000000000073_1.png
improved_fp16_cache,000000000073,2,"a spring field with trees and a blue sky in winter, covered in snow",1.4136,hit,8455.4,/content/CS2309.CH201/results/notebook/qsbench_imgs/20260614-1644-fa0711/improved_fp16_cache/000000000073_2.png
improved_fp16_cache,000000000074,0,a building is covered in leaves and snow,1.6915,miss,8455.0,/content/CS2309.CH201/results/notebook/qsbench_imgs/20260614-1644-fa0711/improved_fp16_cache/000000000074_0.png
improved_fp16_cache,000000000074,1,"a mountain is covered in clouds and snow at night, dark lighting",1.4021,hit,8455.4,/content/CS2309.CH201/results/notebook/qsbench_imgs/20260614-1644-fa0711/improved_fp16_cache/000000000074_1.png
improved_fp16_cache,000000000074,2,"a mountain is covered in clouds and snow in winter, covered in snow",1.4024,hit,8455.4,/content/CS2309.CH201/results/notebook/qsbench_imgs/20260614-1644-fa0711/improved_fp16_cache/000000000074_2.png
improved_fp16_cache,000000000075,0,a woman with cats and dogs playing around her face,1.6885,miss,8455.0,/content/CS2309.CH201/results/notebook/qsbench_imgs/20260614-1644-fa0711/improved_fp16_cache/000000000075_0.png
improved_fp16_cache,000000000075,1,"a woman with flowers around her face at night, dark lighting",1.3988,hit,8455.4,/content/CS2309.CH201/results/notebook/qsbench_imgs/20260614-1644-fa0711/improved_fp16_cache/000000000075_1.png
improved_fp16_cache,000000000075,2,"a woman with flowers around her face in winter, covered in snow",1.3957,hit,8455.4,/content/CS2309.CH201/results/notebook/qsbench_imgs/20260614-1644-fa0711/improved_fp16_cache/000000000075_2.png
improved_fp16_cache,000000000076,0,a painting of a golden vase with a flower coming out of it,1.6898,miss,8455.0,/content/CS2309.CH201/results/notebook/qsbench_imgs/20260614-1644-fa0711/improved_fp16_cache/000000000076_0.png
improved_fp16_cache,000000000076,1,"a painting of a cup with a smoke coming out of it at night, dark lighting",1.3914,hit,8455.4,/content/CS2309.CH201/results/notebook/qsbench_imgs/20260614-1644-fa0711/improved_fp16_cache/000000000076_1.png
improved_fp16_cache,000000000076,2,"a painting of a cup with a smoke coming out of it in winter, covered in snow",1.407,hit,8455.4,/content/CS2309.CH201/results/notebook/qsbench_imgs/20260614-1644-fa0711/improved_fp16_cache/000000000076_2.png
improved_fp16_cache,000000000077,0,a painting of a car in the snow with colorful buildings in the background,1.7365,miss,8455.0,/content/CS2309.CH201/results/notebook/qsbench_imgs/20260614-1644-fa0711/improved_fp16_cache/000000000077_0.png
improved_fp16_cache,000000000077,1,"a painting of a cabin in the snow with mountains in the background at night, dark lighting",1.4056,hit,8455.4,/content/CS2309.CH201/results/notebook/qsbench_imgs/20260614-1644-fa0711/improved_fp16_cache/000000000077_1.png
improved_fp16_cache,000000000077,2,"a painting of a cabin in the snow with mountains in the background in winter, covered in snow",1.4155,hit,8455.4,/content/CS2309.CH201/results/notebook/qsbench_imgs/20260614-1644-fa0711/improved_fp16_cache/000000000077_2.png
improved_fp16_cache,000000000078,0,ocean with stars shining in the pink sky,1.6817,miss,8455.0,/content/CS2309.CH201/results/notebook/qsbench_imgs/20260614-1644-fa0711/improved_fp16_cache/000000000078_0.png
improved_fp16_cache,000000000078,1,"ocean with clouds in the sky at night, dark lighting",1.3866,hit,8455.4,/content/CS2309.CH201/results/notebook/qsbench_imgs/20260614-1644-fa0711/improved_fp16_cache/000000000078_1.png
improved_fp16_cache,000000000078,2,"ocean with clouds in the sky in winter, covered in snow",1.3931,hit,8455.4,/content/CS2309.CH201/results/notebook/qsbench_imgs/20260614-1644-fa0711/improved_fp16_cache/000000000078_2.png
improved_fp16_cache,000000000079,0,a man walking in a city with buildings in the background,1.7027,miss,8455.0,/content/CS2309.CH201/results/notebook/qsbench_imgs/20260614-1644-fa0711/improved_fp16_cache/000000000079_0.png
improved_fp16_cache,000000000079,1,"a man walking in a town with mountains in the background at night, dark lighting",1.4175,hit,8455.4,/content/CS2309.CH201/results/notebook/qsbench_imgs/20260614-1644-fa0711/improved_fp16_cache/000000000079_1.png
improved_fp16_cache,000000000079,2,"a man walking in a town with mountains in the background in winter, covered in snow",1.4035,hit,8455.4,/content/CS2309.CH201/results/notebook/qsbench_imgs/20260614-1644-fa0711/improved_fp16_cache/000000000079_2.png
improved_fp16_cache,000000000080,0,a fox is shown smiling in a high polygonal style,1.6833,miss,8455.0,/content/CS2309.CH201/results/notebook/qsbench_imgs/20260614-1644-fa0711/improved_fp16_cache/000000000080_0.png
improved_fp16_cache,000000000080,1,"a cat is shown in a low polygonal style at night, dark lighting",1.3954,hit,8455.4,/content/CS2309.CH201/results/notebook/qsbench_imgs/20260614-1644-fa0711/improved_fp16_cache/000000000080_1.png
improved_fp16_cache,000000000080,2,"a cat is shown in a low polygonal style in winter, covered in snow",1.3988,hit,8455.4,/content/CS2309.CH201/results/notebook/qsbench_imgs/20260614-1644-fa0711/improved_fp16_cache/000000000080_2.png
improved_fp16_cache,000000000081,0,flowers on a rock in the forest,1.6897,miss,8455.0,/content/CS2309.CH201/results/notebook/qsbench_imgs/20260614-1644-fa0711/improved_fp16_cache/000000000081_0.png
improved_fp16_cache,000000000081,1,"mushrooms on a branch in the forest at night, dark lighting",1.391,hit,8455.4,/content/CS2309.CH201/results/notebook/qsbench_imgs/20260614-1644-fa0711/improved_fp16_cache/000000000081_1.png
improved_fp16_cache,000000000081,2,"mushrooms on a branch in the forest in winter, covered in snow",1.4297,hit,8455.4,/content/CS2309.CH201/results/notebook/qsbench_imgs/20260614-1644-fa0711/improved_fp16_cache/000000000081_2.png
improved_fp16_cache,000000000082,0,a cute cat holding a pink ball,1.6913,miss,8455.0,/content/CS2309.CH201/results/notebook/qsbench_imgs/20260614-1644-fa0711/improved_fp16_cache/000000000082_0.png
improved_fp16_cache,000000000082,1,"a cute dog holding a red heart at night, dark lighting",1.3877,hit,8455.4,/content/CS2309.CH201/results/notebook/qsbench_imgs/20260614-1644-fa0711/improved_fp16_cache/000000000082_1.png
improved_fp16_cache,000000000082,2,"a cute dog holding a red heart in winter, covered in snow",1.3903,hit,8455.4,/content/CS2309.CH201/results/notebook/qsbench_imgs/20260614-1644-fa0711/improved_fp16_cache/000000000082_2.png
improved_fp16_cache,000000000083,0,a ink droplet hangs from a string of flashing red lights,1.6902,miss,8455.0,/content/CS2309.CH201/results/notebook/qsbench_imgs/20260614-1644-fa0711/improved_fp16_cache/000000000083_0.png
improved_fp16_cache,000000000083,1,"a water droplet hangs from a string of lights at night, dark lighting",1.391,hit,8455.4,/content/CS2309.CH201/results/notebook/qsbench_imgs/20260614-1644-fa0711/improved_fp16_cache/000000000083_1.png
improved_fp16_cache,000000000083,2,"a water droplet hangs from a string of lights in winter, covered in snow",1.3873,hit,8455.4,/content/CS2309.CH201/results/notebook/qsbench_imgs/20260614-1644-fa0711/improved_fp16_cache/000000000083_2.png
improved_fp16_cache,000000000084,0,two blue and green toy cats are standing on a snow covered surface,1.6969,miss,8455.0,/content/CS2309.CH201/results/notebook/qsbench_imgs/20260614-1644-fa0711/improved_fp16_cache/000000000084_0.png
improved_fp16_cache,000000000084,1,"two red and white toy gnomes are sitting on a snow covered surface at night, dark lighting",1.4244,hit,8455.4,/content/CS2309.CH201/results/notebook/qsbench_imgs/20260614-1644-fa0711/improved_fp16_cache/000000000084_1.png
improved_fp16_cache,000000000084,2,"two red and white toy gnomes are sitting on a snow covered surface in winter, covered in snow",1.3944,hit,8455.4,/content/CS2309.CH201/results/notebook/qsbench_imgs/20260614-1644-fa0711/improved_fp16_cache/000000000084_2.png
improved_fp16_cache,000000000085,0,dog howling at the sun with a outline of a person,1.6752,miss,8455.0,/content/CS2309.CH201/results/notebook/qsbench_imgs/20260614-1644-fa0711/improved_fp16_cache/000000000085_0.png
improved_fp16_cache,000000000085,1,"wolf howling at the moon with a outline of a wolf at night, dark lighting",1.3844,hit,8455.4,/content/CS2309.CH201/results/notebook/qsbench_imgs/20260614-1644-fa0711/improved_fp16_cache/000000000085_1.png
improved_fp16_cache,000000000085,2,"wolf howling at the moon with a outline of a wolf in winter, covered in snow",1.3998,hit,8455.4,/content/CS2309.CH201/results/notebook/qsbench_imgs/20260614-1644-fa0711/improved_fp16_cache/000000000085_2.png
improved_fp16_cache,000000000086,0,the violet cherry tree is blooming in the winter,1.6845,miss,8455.0,/content/CS2309.CH201/results/notebook/qsbench_imgs/20260614-1644-fa0711/improved_fp16_cache/000000000086_0.png
improved_fp16_cache,000000000086,1,"the almond tree is blooming in the spring at night, dark lighting",1.3819,hit,8455.4,/content/CS2309.CH201/results/notebook/qsbench_imgs/20260614-1644-fa0711/improved_fp16_cache/000000000086_1.png
improved_fp16_cache,000000000086,2,"the almond tree is blooming in the spring in winter, covered in snow",1.4182,hit,8455.4,/content/CS2309.CH201/results/notebook/qsbench_imgs/20260614-1644-fa0711/improved_fp16_cache/000000000086_2.png
improved_fp16_cache,000000000087,0,a girl rides a dog on a snow field,1.6905,miss,8455.0,/content/CS2309.CH201/results/notebook/qsbench_imgs/20260614-1644-fa0711/improved_fp16_cache/000000000087_0.png
improved_fp16_cache,000000000087,1,"a jockey rides a horse on a grassy field at night, dark lighting",1.3919,hit,8455.4,/content/CS2309.CH201/results/notebook/qsbench_imgs/20260614-1644-fa0711/improved_fp16_cache/000000000087_1.png
improved_fp16_cache,000000000087,2,"a jockey rides a horse on a grassy field in winter, covered in snow",1.384,hit,8455.4,/content/CS2309.CH201/results/notebook/qsbench_imgs/20260614-1644-fa0711/improved_fp16_cache/000000000087_2.png
improved_fp16_cache,000000000088,0,"a plate with rice, apple slices and steak",1.6902,miss,8455.0,/content/CS2309.CH201/results/notebook/qsbench_imgs/20260614-1644-fa0711/improved_fp16_cache/000000000088_0.png
improved_fp16_cache,000000000088,1,"a plate with rice, lemon slices and fish at night, dark lighting",1.3968,hit,8455.4,/content/CS2309.CH201/results/notebook/qsbench_imgs/20260614-1644-fa0711/improved_fp16_cache/000000000088_1.png
improved_fp16_cache,000000000088,2,"a plate with rice, lemon slices and fish in winter, covered in snow",1.3954,hit,8455.4,/content/CS2309.CH201/results/notebook/qsbench_imgs/20260614-1644-fa0711/improved_fp16_cache/000000000088_2.png
improved_fp16_cache,000000000089,0,two purple apples on a tree branch with a pink sky in the background,1.7294,miss,8455.0,/content/CS2309.CH201/results/notebook/qsbench_imgs/20260614-1644-fa0711/improved_fp16_cache/000000000089_0.png
improved_fp16_cache,000000000089,1,"two red berries on a tree branch with a blue sky in the background at night, dark lighting",1.4076,hit,8455.4,/content/CS2309.CH201/results/notebook/qsbench_imgs/20260614-1644-fa0711/improved_fp16_cache/000000000089_1.png
improved_fp16_cache,000000000089,2,"two red berries on a tree branch with a blue sky in the background in winter, covered in snow",1.3847,hit,8455.4,/content/CS2309.CH201/results/notebook/qsbench_imgs/20260614-1644-fa0711/improved_fp16_cache/000000000089_2.png
improved_fp16_cache,000000000090,0,a drawing of a woman with a colorfull hat on her head and a dress on her body,1.6683,miss,8455.0,/content/CS2309.CH201/results/notebook/qsbench_imgs/20260614-1644-fa0711/improved_fp16_cache/000000000090_0.png
improved_fp16_cache,000000000090,1,"a drawing of a woman with a towel on her head at night, dark lighting",1.3898,hit,8455.4,/content/CS2309.CH201/results/notebook/qsbench_imgs/20260614-1644-fa0711/improved_fp16_cache/000000000090_1.png
improved_fp16_cache,000000000090,2,"a drawing of a woman with a towel on her head in winter, covered in snow",1.3874,hit,8455.4,/content/CS2309.CH201/results/notebook/qsbench_imgs/20260614-1644-fa0711/improved_fp16_cache/000000000090_2.png
improved_fp16_cache,000000000091,0,a girl with flowers sitting at a table with noodles and cakes,1.6915,miss,8455.0,/content/CS2309.CH201/results/notebook/qsbench_imgs/20260614-1644-fa0711/improved_fp16_cache/000000000091_0.png
improved_fp16_cache,000000000091,1,"a girl sitting at a table with pizza and drinks at night, dark lighting",1.3997,hit,8455.4,/content/CS2309.CH201/results/notebook/qsbench_imgs/20260614-1644-fa0711/improved_fp16_cache/000000000091_1.png
improved_fp16_cache,000000000091,2,"a girl sitting at a table with pizza and drinks in winter, covered in snow",1.4187,hit,8455.4,/content/CS2309.CH201/results/notebook/qsbench_imgs/20260614-1644-fa0711/improved_fp16_cache/000000000091_2.png
improved_fp16_cache,000000000092,0,lilas and cakes on black glass surface,1.6907,miss,8455.0,/content/CS2309.CH201/results/notebook/qsbench_imgs/20260614-1644-fa0711/improved_fp16_cache/000000000092_0.png
improved_fp16_cache,000000000092,1,"lilas and book on wooden surface at night, dark lighting",1.3861,hit,8455.4,/content/CS2309.CH201/results/notebook/qsbench_imgs/20260614-1644-fa0711/improved_fp16_cache/000000000092_1.png
improved_fp16_cache,000000000092,2,"lilas and book on wooden surface in winter, covered in snow",1.3937,hit,8455.4,/content/CS2309.CH201/results/notebook/qsbench_imgs/20260614-1644-fa0711/improved_fp16_cache/000000000092_2.png
improved_fp16_cache,000000000093,0,a garfield cat is sleeping on a sofa,1.6966,miss,8455.0,/content/CS2309.CH201/results/notebook/qsbench_imgs/20260614-1644-fa0711/improved_fp16_cache/000000000093_0.png
improved_fp16_cache,000000000093,1,"a collie dog is sitting on a bed at night, dark lighting",1.3988,hit,8455.4,/content/CS2309.CH201/results/notebook/qsbench_imgs/20260614-1644-fa0711/improved_fp16_cache/000000000093_1.png
improved_fp16_cache,000000000093,2,"a collie dog is sitting on a bed in winter, covered in snow",1.391,hit,8455.4,/content/CS2309.CH201/results/notebook/qsbench_imgs/20260614-1644-fa0711/improved_fp16_cache/000000000093_2.png
improved_fp16_cache,000000000094,0,a cat is sleeping on a blue sweater,1.7068,miss,8455.0,/content/CS2309.CH201/results/notebook/qsbench_imgs/20260614-1644-fa0711/improved_fp16_cache/000000000094_0.png
improved_fp16_cache,000000000094,1,"a cat is sitting on a red blanket at night, dark lighting",1.4141,hit,8455.4,/content/CS2309.CH201/results/notebook/qsbench_imgs/20260614-1644-fa0711/improved_fp16_cache/000000000094_1.png
improved_fp16_cache,000000000094,2,"a cat is sitting on a red blanket in winter, covered in snow",1.3952,hit,8455.4,/content/CS2309.CH201/results/notebook/qsbench_imgs/20260614-1644-fa0711/improved_fp16_cache/000000000094_2.png
improved_fp16_cache,000000000095,0,a painting of a fairy with purple wings holding a white crystal ball,1.6794,miss,8455.0,/content/CS2309.CH201/results/notebook/qsbench_imgs/20260614-1644-fa0711/improved_fp16_cache/000000000095_0.png
improved_fp16_cache,000000000095,1,"a painting of a fairy with green wings holding a glowing jar at night, dark lighting",1.4093,hit,8455.4,/content/CS2309.CH201/results/notebook/qsbench_imgs/20260614-1644-fa0711/improved_fp16_cache/000000000095_1.png
improved_fp16_cache,000000000095,2,"a painting of a fairy with green wings holding a glowing jar in winter, covered in snow",1.4021,hit,8455.4,/content/CS2309.CH201/results/notebook/qsbench_imgs/20260614-1644-fa0711/improved_fp16_cache/000000000095_2.png
improved_fp16_cache,000000000096,0,a colorful and beautiful photo of bride and groom embrace in the church,1.6892,miss,8455.0,/content/CS2309.CH201/results/notebook/qsbench_imgs/20260614-1644-fa0711/improved_fp16_cache/000000000096_0.png
improved_fp16_cache,000000000096,1,"a white and black photo of bride and groom embrace in the woods at night, dark lighting",1.4061,hit,8455.4,/content/CS2309.CH201/results/notebook/qsbench_imgs/20260614-1644-fa0711/improved_fp16_cache/000000000096_1.png
improved_fp16_cache,000000000096,2,"a white and black photo of bride and groom embrace in the woods in winter, covered in snow",1.4097,hit,8455.4,/content/CS2309.CH201/results/notebook/qsbench_imgs/20260614-1644-fa0711/improved_fp16_cache/000000000096_2.png
improved_fp16_cache,000000000097,0,a metal vase of colorful rose flowers on a white table,1.698,miss,8455.0,/content/CS2309.CH201/results/notebook/qsbench_imgs/20260614-1644-fa0711/improved_fp16_cache/000000000097_0.png
improved_fp16_cache,000000000097,1,"a vase of colorful flowers on a wooden table at night, dark lighting",1.3973,hit,8455.4,/content/CS2309.CH201/results/notebook/qsbench_imgs/20260614-1644-fa0711/improved_fp16_cache/000000000097_1.png
improved_fp16_cache,000000000097,2,"a vase of colorful flowers on a wooden table in winter, covered in snow",1.3969,hit,8455.4,/content/CS2309.CH201/results/notebook/qsbench_imgs/20260614-1644-fa0711/improved_fp16_cache/000000000097_2.png
improved_fp16_cache,000000000098,0,a cat hanging from a wire with grass in the background,1.6843,miss,8455.0,/content/CS2309.CH201/results/notebook/qsbench_imgs/20260614-1644-fa0711/improved_fp16_cache/000000000098_0.png
improved_fp16_cache,000000000098,1,"a light bulb hanging from a wire with sky in the background at night, dark lighting",1.3874,hit,8455.4,/content/CS2309.CH201/results/notebook/qsbench_imgs/20260614-1644-fa0711/improved_fp16_cache/000000000098_1.png
improved_fp16_cache,000000000098,2,"a light bulb hanging from a wire with sky in the background in winter, covered in snow",1.3941,hit,8455.4,/content/CS2309.CH201/results/notebook/qsbench_imgs/20260614-1644-fa0711/improved_fp16_cache/000000000098_2.png
improved_fp16_cache,000000000099,0,a painting of a woman with pink hair holding a teddy bear,1.7009,miss,8455.0,/content/CS2309.CH201/results/notebook/qsbench_imgs/20260614-1644-fa0711/improved_fp16_cache/000000000099_0.png
improved_fp16_cache,000000000099,1,"a painting of a woman holding a pink flower at night, dark lighting",1.3963,hit,8455.4,/content/CS2309.CH201/results/notebook/qsbench_imgs/20260614-1644-fa0711/improved_fp16_cache/000000000099_1.png
improved_fp16_cache,000000000099,2,"a painting of a woman holding a pink flower in winter, covered in snow",1.3998,hit,8455.4,/content/CS2309.CH201/results/notebook/qsbench_imgs/20260614-1644-fa0711/improved_fp16_cache/000000000099_2.png
improved_fp16_cache,000000000100,0,a woman in red holding an umbrella runs through a forest,1.6935,miss,8455.0,/content/CS2309.CH201/results/notebook/qsbench_imgs/20260614-1644-fa0711/improved_fp16_cache/000000000100_0.png
improved_fp16_cache,000000000100,1,"a woman in black holding an umbrella walks through a field at night, dark lighting",1.3957,hit,8455.4,/content/CS2309.CH201/results/notebook/qsbench_imgs/20260614-1644-fa0711/improved_fp16_cache/000000000100_1.png
improved_fp16_cache,000000000100,2,"a woman in black holding an umbrella walks through a field in winter, covered in snow",1.3896,hit,8455.4,/content/CS2309.CH201/results/notebook/qsbench_imgs/20260614-1644-fa0711/improved_fp16_cache/000000000100_2.png
improved_fp16_cache,000000000101,0,blue poppies and bees in winter,1.6883,miss,8455.0,/content/CS2309.CH201/results/notebook/qsbench_imgs/20260614-1644-fa0711/improved_fp16_cache/000000000101_0.png
improved_fp16_cache,000000000101,1,"poppies at night, dark lighting",1.408,hit,8455.4,/content/CS2309.CH201/results/notebook/qsbench_imgs/20260614-1644-fa0711/improved_fp16_cache/000000000101_1.png
improved_fp16_cache,000000000101,2,"poppies in winter, covered in snow",1.4296,hit,8455.4,/content/CS2309.CH201/results/notebook/qsbench_imgs/20260614-1644-fa0711/improved_fp16_cache/000000000101_2.png
improved_fp16_cache,000000000102,0,a white tulip on the rail,1.6786,miss,8455.0,/content/CS2309.CH201/results/notebook/qsbench_imgs/20260614-1644-fa0711/improved_fp16_cache/000000000102_0.png
improved_fp16_cache,000000000102,1,"a rose on the rail at night, dark lighting",1.398,hit,8455.4,/content/CS2309.CH201/results/notebook/qsbench_imgs/20260614-1644-fa0711/improved_fp16_cache/000000000102_1.png
improved_fp16_cache,000000000102,2,"a rose on the rail in winter, covered in snow",1.3921,hit,8455.4,/content/CS2309.CH201/results/notebook/qsbench_imgs/20260614-1644-fa0711/improved_fp16_cache/000000000102_2.png
improved_fp16_cache,000000000103,0,an digital painting of stars and moon,1.6727,miss,8455.0,/content/CS2309.CH201/results/notebook/qsbench_imgs/20260614-1644-fa0711/improved_fp16_cache/000000000103_0.png
improved_fp16_cache,000000000103,1,"an abstract painting of waves and water at night, dark lighting",1.3823,hit,8455.4,/content/CS2309.CH201/results/notebook/qsbench_imgs/20260614-1644-fa0711/improved_fp16_cache/000000000103_1.png
improved_fp16_cache,000000000103,2,"an abstract painting of waves and water in winter, covered in snow",1.3952,hit,8455.4,/content/CS2309.CH201/results/notebook/qsbench_imgs/20260614-1644-fa0711/improved_fp16_cache/000000000103_2.png
improved_fp16_cache,000000000104,0,a woman with white snakes in her hair,1.7119,miss,8455.0,/content/CS2309.CH201/results/notebook/qsbench_imgs/20260614-1644-fa0711/improved_fp16_cache/000000000104_0.png
improved_fp16_cache,000000000104,1,"a woman with flowers in her hair at night, dark lighting",1.3882,hit,8455.4,/content/CS2309.CH201/results/notebook/qsbench_imgs/20260614-1644-fa0711/improved_fp16_cache/000000000104_1.png
improved_fp16_cache,000000000104,2,"a woman with flowers in her hair in winter, covered in snow",1.3963,hit,8455.4,/content/CS2309.CH201/results/notebook/qsbench_imgs/20260614-1644-fa0711/improved_fp16_cache/000000000104_2.png
improved_fp16_cache,000000000105,0,fat orange cat with green eyes,1.7097,miss,8455.0,/content/CS2309.CH201/results/notebook/qsbench_imgs/20260614-1644-fa0711/improved_fp16_cache/000000000105_0.png
improved_fp16_cache,000000000105,1,"cat with yellow eyes at night, dark lighting",1.3843,hit,8455.4,/content/CS2309.CH201/results/notebook/qsbench_imgs/20260614-1644-fa0711/improved_fp16_cache/000000000105_1.png
improved_fp16_cache,000000000105,2,"cat with yellow eyes in winter, covered in snow",1.3924,hit,8455.4,/content/CS2309.CH201/results/notebook/qsbench_imgs/20260614-1644-fa0711/improved_fp16_cache/000000000105_2.png
improved_fp16_cache,000000000106,0,a blue umbrella with rainbow spots on it is sitting on the ground,1.68,miss,8455.0,/content/CS2309.CH201/results/notebook/qsbench_imgs/20260614-1644-fa0711/improved_fp16_cache/000000000106_0.png
improved_fp16_cache,000000000106,1,"a red mushroom with white spots on it is sitting on the ground at night, dark lighting",1.4101,hit,8455.4,/content/CS2309.CH201/results/notebook/qsbench_imgs/20260614-1644-fa0711/improved_fp16_cache/000000000106_1.png
improved_fp16_cache,000000000106,2,"a red mushroom with white spots on it is sitting on the ground in winter, covered in snow",1.4171,hit,8455.4,/content/CS2309.CH201/results/notebook/qsbench_imgs/20260614-1644-fa0711/improved_fp16_cache/000000000106_2.png
improved_fp16_cache,000000000107,0,a red wodden duck on the branch,1.6745,miss,8455.0,/content/CS2309.CH201/results/notebook/qsbench_imgs/20260614-1644-fa0711/improved_fp16_cache/000000000107_0.png
improved_fp16_cache,000000000107,1,"a bird on the branch at night, dark lighting",1.3863,hit,8455.4,/content/CS2309.CH201/results/notebook/qsbench_imgs/20260614-1644-fa0711/improved_fp16_cache/000000000107_1.png
improved_fp16_cache,000000000107,2,"a bird on the branch in winter, covered in snow",1.3983,hit,8455.4,/content/CS2309.CH201/results/notebook/qsbench_imgs/20260614-1644-fa0711/improved_fp16_cache/000000000107_2.png
improved_fp16_cache,000000000108,0,watercolor painting of a boy standing in a living room,1.6891,miss,8455.0,/content/CS2309.CH201/results/notebook/qsbench_imgs/20260614-1644-fa0711/improved_fp16_cache/000000000108_0.png
improved_fp16_cache,000000000108,1,"a woman sitting in a living room at night, dark lighting",1.3869,hit,8455.4,/content/CS2309.CH201/results/notebook/qsbench_imgs/20260614-1644-fa0711/improved_fp16_cache/000000000108_1.png
improved_fp16_cache,000000000108,2,"a woman sitting in a living room in winter, covered in snow",1.38,hit,8455.4,/content/CS2309.CH201/results/notebook/qsbench_imgs/20260614-1644-fa0711/improved_fp16_cache/000000000108_2.png
improved_fp16_cache,000000000109,0,a school with a red tile roof and trees in the background,1.6919,miss,8455.0,/content/CS2309.CH201/results/notebook/qsbench_imgs/20260614-1644-fa0711/improved_fp16_cache/000000000109_0.png
improved_fp16_cache,000000000109,1,"a farm with a thatched roof and trees in the background at night, dark lighting",1.3926,hit,8455.4,/content/CS2309.CH201/results/notebook/qsbench_imgs/20260614-1644-fa0711/improved_fp16_cache/000000000109_1.png
improved_fp16_cache,000000000109,2,"a farm with a thatched roof and trees in the background in winter, covered in snow",1.3882,hit,8455.4,/content/CS2309.CH201/results/notebook/qsbench_imgs/20260614-1644-fa0711/improved_fp16_cache/000000000109_2.png
improved_fp16_cache,000000000110,0,a old woman is holding a white cat,1.6716,miss,8455.0,/content/CS2309.CH201/results/notebook/qsbench_imgs/20260614-1644-fa0711/improved_fp16_cache/000000000110_0.png
improved_fp16_cache,000000000110,1,"a young woman is holding a dog at night, dark lighting",1.419,hit,8455.4,/content/CS2309.CH201/results/notebook/qsbench_imgs/20260614-1644-fa0711/improved_fp16_cache/000000000110_1.png
improved_fp16_cache,000000000110,2,"a young woman is holding a dog in winter, covered in snow",1.3912,hit,8455.4,/content/CS2309.CH201/results/notebook/qsbench_imgs/20260614-1644-fa0711/improved_fp16_cache/000000000110_2.png
improved_fp16_cache,000000000111,0,a dog with blue eyes standing on the ground,1.6724,miss,8455.0,/content/CS2309.CH201/results/notebook/qsbench_imgs/20260614-1644-fa0711/improved_fp16_cache/000000000111_0.png
improved_fp16_cache,000000000111,1,"a cat with green eyes sitting on the ground at night, dark lighting",1.4186,hit,8455.4,/content/CS2309.CH201/results/notebook/qsbench_imgs/20260614-1644-fa0711/improved_fp16_cache/000000000111_1.png
improved_fp16_cache,000000000111,2,"a cat with green eyes sitting on the ground in winter, covered in snow",1.4222,hit,8455.4,/content/CS2309.CH201/results/notebook/qsbench_imgs/20260614-1644-fa0711/improved_fp16_cache/000000000111_2.png
improved_fp16_cache,000000000112,0,a group of pink plush ducks are swimming in a canal,1.6799,miss,8455.0,/content/CS2309.CH201/results/notebook/qsbench_imgs/20260614-1644-fa0711/improved_fp16_cache/000000000112_0.png
improved_fp16_cache,000000000112,1,"a group of rubber ducks are lined up in a canal at night, dark lighting",1.3883,hit,8455.4,/content/CS2309.CH201/results/notebook/qsbench_imgs/20260614-1644-fa0711/improved_fp16_cache/000000000112_1.png
improved_fp16_cache,000000000112,2,"a group of rubber ducks are lined up in a canal in winter, covered in snow",1.4129,hit,8455.4,/content/CS2309.CH201/results/notebook/qsbench_imgs/20260614-1644-fa0711/improved_fp16_cache/000000000112_2.png
improved_fp16_cache,000000000113,0,rabbits holding apples in the grass,1.6783,miss,8455.0,/content/CS2309.CH201/results/notebook/qsbench_imgs/20260614-1644-fa0711/improved_fp16_cache/000000000113_0.png
improved_fp16_cache,000000000113,1,"dogs running in the grass at night, dark lighting",1.3917,hit,8455.4,/content/CS2309.CH201/results/notebook/qsbench_imgs/20260614-1644-fa0711/improved_fp16_cache/000000000113_1.png
improved_fp16_cache,000000000113,2,"dogs running in the grass in winter, covered in snow",1.3926,hit,8455.4,/content/CS2309.CH201/results/notebook/qsbench_imgs/20260614-1644-fa0711/improved_fp16_cache/000000000113_2.png
improved_fp16_cache,000000000114,0,a painting of a man and woman playing on the ground,1.7065,miss,8455.0,/content/CS2309.CH201/results/notebook/qsbench_imgs/20260614-1644-fa0711/improved_fp16_cache/000000000114_0.png
improved_fp16_cache,000000000114,1,"a photo of a man and woman sitting on the ground at night, dark lighting",1.4025,hit,8455.4,/content/CS2309.CH201/results/notebook/qsbench_imgs/20260614-1644-fa0711/improved_fp16_cache/000000000114_1.png
improved_fp16_cache,000000000114,2,"a photo of a man and woman sitting on the ground in winter, covered in snow",1.3885,hit,8455.4,/content/CS2309.CH201/results/notebook/qsbench_imgs/20260614-1644-fa0711/improved_fp16_cache/000000000114_2.png
improved_fp16_cache,000000000115,0,two colorful birds flying next to each other,1.6841,miss,8455.0,/content/CS2309.CH201/results/notebook/qsbench_imgs/20260614-1644-fa0711/improved_fp16_cache/000000000115_0.png
improved_fp16_cache,000000000115,1,"two ducks standing next to each other at night, dark lighting",1.3872,hit,8455.4,/content/CS2309.CH201/results/notebook/qsbench_imgs/20260614-1644-fa0711/improved_fp16_cache/000000000115_1.png
improved_fp16_cache,000000000115,2,"two ducks standing next to each other in winter, covered in snow",1.3929,hit,8455.4,/content/CS2309.CH201/results/notebook/qsbench_imgs/20260614-1644-fa0711/improved_fp16_cache/000000000115_2.png
improved_fp16_cache,000000000116,0,colorful dinosaur eggs in a glass,1.6805,miss,8455.0,/content/CS2309.CH201/results/notebook/qsbench_imgs/20260614-1644-fa0711/improved_fp16_cache/000000000116_0.png
improved_fp16_cache,000000000116,1,"easter eggs in a teacup at night, dark lighting",1.4025,hit,8455.4,/content/CS2309.CH201/results/notebook/qsbench_imgs/20260614-1644-fa0711/improved_fp16_cache/000000000116_1.png
improved_fp16_cache,000000000116,2,"easter eggs in a teacup in winter, covered in snow",1.3968,hit,8455.4,/content/CS2309.CH201/results/notebook/qsbench_imgs/20260614-1644-fa0711/improved_fp16_cache/000000000116_2.png
improved_fp16_cache,000000000117,0,a blue flower with red bee center in the middle,1.6876,miss,8455.0,/content/CS2309.CH201/results/notebook/qsbench_imgs/20260614-1644-fa0711/improved_fp16_cache/000000000117_0.png
improved_fp16_cache,000000000117,1,"a pink flower with yellow center in the middle at night, dark lighting",1.3907,hit,8455.4,/content/CS2309.CH201/results/notebook/qsbench_imgs/20260614-1644-fa0711/improved_fp16_cache/000000000117_1.png
improved_fp16_cache,000000000117,2,"a pink flower with yellow center in the middle in winter, covered in snow",1.3888,hit,8455.4,/content/CS2309.CH201/results/notebook/qsbench_imgs/20260614-1644-fa0711/improved_fp16_cache/000000000117_2.png
improved_fp16_cache,000000000118,0,a big cat is sitting on a branch in a forest,1.6835,miss,8455.0,/content/CS2309.CH201/results/notebook/qsbench_imgs/20260614-1644-fa0711/improved_fp16_cache/000000000118_0.png
improved_fp16_cache,000000000118,1,"a small bird is sitting on a branch in a field at night, dark lighting",1.3835,hit,8455.4,/content/CS2309.CH201/results/notebook/qsbench_imgs/20260614-1644-fa0711/improved_fp16_cache/000000000118_1.png
improved_fp16_cache,000000000118,2,"a small bird is sitting on a branch in a field in winter, covered in snow",1.3959,hit,8455.4,/content/CS2309.CH201/results/notebook/qsbench_imgs/20260614-1644-fa0711/improved_fp16_cache/000000000118_2.png
improved_fp16_cache,000000000119,0,a woman in white crying on a chair with ghost in the background,1.7106,miss,8455.0,/content/CS2309.CH201/results/notebook/qsbench_imgs/20260614-1644-fa0711/improved_fp16_cache/000000000119_0.png
improved_fp16_cache,000000000119,1,"a woman in red sitting on a chair with castle in the background at night, dark lighting",1.3916,hit,8455.4,/content/CS2309.CH201/results/notebook/qsbench_imgs/20260614-1644-fa0711/improved_fp16_cache/000000000119_1.png
improved_fp16_cache,000000000119,2,"a woman in red sitting on a chair with castle in the background in winter, covered in snow",1.3956,hit,8455.4,/content/CS2309.CH201/results/notebook/qsbench_imgs/20260614-1644-fa0711/improved_fp16_cache/000000000119_2.png
improved_fp16_cache,000000000120,0,woman with pink straight hair and blue eyes,1.7027,miss,8455.0,/content/CS2309.CH201/results/notebook/qsbench_imgs/20260614-1644-fa0711/improved_fp16_cache/000000000120_0.png
improved_fp16_cache,000000000120,1,"woman with brown hair at night, dark lighting",1.3999,hit,8455.4,/content/CS2309.CH201/results/notebook/qsbench_imgs/20260614-1644-fa0711/improved_fp16_cache/000000000120_1.png
improved_fp16_cache,000000000120,2,"woman with brown hair in winter, covered in snow",1.3964,hit,8455.4,/content/CS2309.CH201/results/notebook/qsbench_imgs/20260614-1644-fa0711/improved_fp16_cache/000000000120_2.png
improved_fp16_cache,000000000121,0,oilpainting of pink roses on a branch,1.6985,miss,8455.0,/content/CS2309.CH201/results/notebook/qsbench_imgs/20260614-1644-fa0711/improved_fp16_cache/000000000121_0.png
improved_fp16_cache,000000000121,1,"watercolor of leaves on a branch at night, dark lighting",1.4111,hit,8455.4,/content/CS2309.CH201/results/notebook/qsbench_imgs/20260614-1644-fa0711/improved_fp16_cache/000000000121_1.png
improved_fp16_cache,000000000121,2,"watercolor of leaves on a branch in winter, covered in snow",1.3939,hit,8455.4,/content/CS2309.CH201/results/notebook/qsbench_imgs/20260614-1644-fa0711/improved_fp16_cache/000000000121_2.png
improved_fp16_cache,000000000122,0,a view of the mountains covered in red berries and leaves,1.692,miss,8455.0,/content/CS2309.CH201/results/notebook/qsbench_imgs/20260614-1644-fa0711/improved_fp16_cache/000000000122_0.png
improved_fp16_cache,000000000122,1,"a view of the mountains covered in snow at night, dark lighting",1.3876,hit,8455.4,/content/CS2309.CH201/results/notebook/qsbench_imgs/20260614-1644-fa0711/improved_fp16_cache/000000000122_1.png
improved_fp16_cache,000000000122,2,"a view of the mountains covered in snow in winter, covered in snow",1.4091,hit,8455.4,/content/CS2309.CH201/results/notebook/qsbench_imgs/20260614-1644-fa0711/improved_fp16_cache/000000000122_2.png
improved_fp16_cache,000000000123,0,red stone buddha statue with diamonds in the temple,1.6879,miss,8455.0,/content/CS2309.CH201/results/notebook/qsbench_imgs/20260614-1644-fa0711/improved_fp16_cache/000000000123_0.png
improved_fp16_cache,000000000123,1,"gold buddha statue in the temple at night, dark lighting",1.391,hit,8455.4,/content/CS2309.CH201/results/notebook/qsbench_imgs/20260614-1644-fa0711/improved_fp16_cache/000000000123_1.png
improved_fp16_cache,000000000123,2,"gold buddha statue in the temple in winter, covered in snow",1.4133,hit,8455.4,/content/CS2309.CH201/results/notebook/qsbench_imgs/20260614-1644-fa0711/improved_fp16_cache/000000000123_2.png
improved_fp16_cache,000000000124,0,the pink sunset and rainbow over the durdle door,1.7132,miss,8455.0,/content/CS2309.CH201/results/notebook/qsbench_imgs/20260614-1644-fa0711/improved_fp16_cache/000000000124_0.png
improved_fp16_cache,000000000124,1,"the galaxy over the durdle door at night, dark lighting",1.3965,hit,8455.4,/content/CS2309.CH201/results/notebook/qsbench_imgs/20260614-1644-fa0711/improved_fp16_cache/000000000124_1.png
improved_fp16_cache,000000000124,2,"the galaxy over the durdle door in winter, covered in snow",1.3931,hit,8455.4,/content/CS2309.CH201/results/notebook/qsbench_imgs/20260614-1644-fa0711/improved_fp16_cache/000000000124_2.png
improved_fp16_cache,000000000125,0,a close up of a blue flower lego on a light background,1.6864,miss,8455.0,/content/CS2309.CH201/results/notebook/qsbench_imgs/20260614-1644-fa0711/improved_fp16_cache/000000000125_0.png
improved_fp16_cache,000000000125,1,"a close up of a purple flower on a black background at night, dark lighting",1.4094,hit,8455.4,/content/CS2309.CH201/results/notebook/qsbench_imgs/20260614-1644-fa0711/improved_fp16_cache/000000000125_1.png
improved_fp16_cache,000000000125,2,"a close up of a purple flower on a black background in winter, covered in snow",1.3935,hit,8455.4,/content/CS2309.CH201/results/notebook/qsbench_imgs/20260614-1644-fa0711/improved_fp16_cache/000000000125_2.png
improved_fp16_cache,000000000126,0,an oil painting of a cat in kitchen,1.7072,miss,8455.0,/content/CS2309.CH201/results/notebook/qsbench_imgs/20260614-1644-fa0711/improved_fp16_cache/000000000126_0.png
improved_fp16_cache,000000000126,1,"a kitchen at night, dark lighting",1.4193,hit,8455.4,/content/CS2309.CH201/results/notebook/qsbench_imgs/20260614-1644-fa0711/improved_fp16_cache/000000000126_1.png
improved_fp16_cache,000000000126,2,"a kitchen in winter, covered in snow",1.3953,hit,8455.4,/content/CS2309.CH201/results/notebook/qsbench_imgs/20260614-1644-fa0711/improved_fp16_cache/000000000126_2.png
improved_fp16_cache,000000000127,0,a white boat with boxes is docked on a lake in the sunny day,1.6776,miss,8455.0,/content/CS2309.CH201/results/notebook/qsbench_imgs/20260614-1644-fa0711/improved_fp16_cache/000000000127_0.png
improved_fp16_cache,000000000127,1,"a boat is docked on a lake in the heavy fog at night, dark lighting",1.3885,hit,8455.4,/content/CS2309.CH201/results/notebook/qsbench_imgs/20260614-1644-fa0711/improved_fp16_cache/000000000127_1.png
improved_fp16_cache,000000000127,2,"a boat is docked on a lake in the heavy fog in winter, covered in snow",1.393,hit,8455.4,/content/CS2309.CH201/results/notebook/qsbench_imgs/20260614-1644-fa0711/improved_fp16_cache/000000000127_2.png
improved_fp16_cache,000000000128,0,watercolor painting of a cat sleeping with pink flowers with a light background,1.6815,miss,8455.0,/content/CS2309.CH201/results/notebook/qsbench_imgs/20260614-1644-fa0711/improved_fp16_cache/000000000128_0.png
improved_fp16_cache,000000000128,1,"cartoon painting of a fox sleeping with flowers with a gray background at night, dark lighting",1.3826,hit,8455.4,/content/CS2309.CH201/results/notebook/qsbench_imgs/20260614-1644-fa0711/improved_fp16_cache/000000000128_1.png
improved_fp16_cache,000000000128,2,"cartoon painting of a fox sleeping with flowers with a gray background in winter, covered in snow",1.4139,hit,8455.4,/content/CS2309.CH201/results/notebook/qsbench_imgs/20260614-1644-fa0711/improved_fp16_cache/000000000128_2.png
improved_fp16_cache,000000000129,0,a woman with blue makeup and a hat,1.6838,miss,8455.0,/content/CS2309.CH201/results/notebook/qsbench_imgs/20260614-1644-fa0711/improved_fp16_cache/000000000129_0.png
improved_fp16_cache,000000000129,1,"a woman with gold makeup at night, dark lighting",1.3861,hit,8455.4,/content/CS2309.CH201/results/notebook/qsbench_imgs/20260614-1644-fa0711/improved_fp16_cache/000000000129_1.png
improved_fp16_cache,000000000129,2,"a woman with gold makeup in winter, covered in snow",1.4097,hit,8455.4,/content/CS2309.CH201/results/notebook/qsbench_imgs/20260614-1644-fa0711/improved_fp16_cache/000000000129_2.png
improved_fp16_cache,000000000130,0,a toy figure of cat sitting on a rock,1.6828,miss,8455.0,/content/CS2309.CH201/results/notebook/qsbench_imgs/20260614-1644-fa0711/improved_fp16_cache/000000000130_0.png
improved_fp16_cache,000000000130,1,"a toy figure of naruto standing on a table at night, dark lighting",1.3887,hit,8455.4,/content/CS2309.CH201/results/notebook/qsbench_imgs/20260614-1644-fa0711/improved_fp16_cache/000000000130_1.png
improved_fp16_cache,000000000130,2,"a toy figure of naruto standing on a table in winter, covered in snow",1.3923,hit,8455.4,/content/CS2309.CH201/results/notebook/qsbench_imgs/20260614-1644-fa0711/improved_fp16_cache/000000000130_2.png
improved_fp16_cache,000000000131,0,a swan swimming in a pool with its wings under the water,1.7106,miss,8455.0,/content/CS2309.CH201/results/notebook/qsbench_imgs/20260614-1644-fa0711/improved_fp16_cache/000000000131_0.png
improved_fp16_cache,000000000131,1,"a swan swimming in a pond with its head out the water at night, dark lighting",1.4164,hit,8455.4,/content/CS2309.CH201/results/notebook/qsbench_imgs/20260614-1644-fa0711/improved_fp16_cache/000000000131_1.png
improved_fp16_cache,000000000131,2,"a swan swimming in a pond with its head out the water in winter, covered in snow",1.3908,hit,8455.4,/content/CS2309.CH201/results/notebook/qsbench_imgs/20260614-1644-fa0711/improved_fp16_cache/000000000131_2.png
improved_fp16_cache,000000000132,0,a little girl wearing hat and a gray dress leaning against a wall,1.6703,miss,8455.0,/content/CS2309.CH201/results/notebook/qsbench_imgs/20260614-1644-fa0711/improved_fp16_cache/000000000132_0.png
improved_fp16_cache,000000000132,1,"a little girl wearing sunglasses and a gray shirt leaning against a wall at night, dark lighting",1.4008,hit,8455.4,/content/CS2309.CH201/results/notebook/qsbench_imgs/20260614-1644-fa0711/improved_fp16_cache/000000000132_1.png
improved_fp16_cache,000000000132,2,"a little girl wearing sunglasses and a gray shirt leaning against a wall in winter, covered in snow",1.3898,hit,8455.4,/content/CS2309.CH201/results/notebook/qsbench_imgs/20260614-1644-fa0711/improved_fp16_cache/000000000132_2.png
improved_fp16_cache,000000000133,0,a white dog in the sky with a red background,1.6817,miss,8455.0,/content/CS2309.CH201/results/notebook/qsbench_imgs/20260614-1644-fa0711/improved_fp16_cache/000000000133_0.png
improved_fp16_cache,000000000133,1,"a lion in the sky with a blue background at night, dark lighting",1.3877,hit,8455.4,/content/CS2309.CH201/results/notebook/qsbench_imgs/20260614-1644-fa0711/improved_fp16_cache/000000000133_1.png
improved_fp16_cache,000000000133,2,"a lion in the sky with a blue background in winter, covered in snow",1.4047,hit,8455.4,/content/CS2309.CH201/results/notebook/qsbench_imgs/20260614-1644-fa0711/improved_fp16_cache/000000000133_2.png
improved_fp16_cache,000000000134,0,a red and white chicken flying in the pink sky,1.6733,miss,8455.0,/content/CS2309.CH201/results/notebook/qsbench_imgs/20260614-1644-fa0711/improved_fp16_cache/000000000134_0.png
improved_fp16_cache,000000000134,1,"a black and white bird flying in the blue sky at night, dark lighting",1.3933,hit,8455.4,/content/CS2309.CH201/results/notebook/qsbench_imgs/20260614-1644-fa0711/improved_fp16_cache/000000000134_1.png
improved_fp16_cache,000000000134,2,"a black and white bird flying in the blue sky in winter, covered in snow",1.3988,hit,8455.4,/content/CS2309.CH201/results/notebook/qsbench_imgs/20260614-1644-fa0711/improved_fp16_cache/000000000134_2.png
improved_fp16_cache,000000000135,0,the two old people are sitting on boat with a fish,1.6838,miss,8455.0,/content/CS2309.CH201/results/notebook/qsbench_imgs/20260614-1644-fa0711/improved_fp16_cache/000000000135_0.png
improved_fp16_cache,000000000135,1,"the two people are standing on rocks with a fish at night, dark lighting",1.3849,hit,8455.4,/content/CS2309.CH201/results/notebook/qsbench_imgs/20260614-1644-fa0711/improved_fp16_cache/000000000135_1.png
improved_fp16_cache,000000000135,2,"the two people are standing on rocks with a fish in winter, covered in snow",1.3857,hit,8455.4,/content/CS2309.CH201/results/notebook/qsbench_imgs/20260614-1644-fa0711/improved_fp16_cache/000000000135_2.png
improved_fp16_cache,000000000136,0,a blue parrot sitting on a green branch,1.7017,miss,8455.0,/content/CS2309.CH201/results/notebook/qsbench_imgs/20260614-1644-fa0711/improved_fp16_cache/000000000136_0.png
improved_fp16_cache,000000000136,1,"a yellow bird sitting on a branch at night, dark lighting",1.4113,hit,8455.4,/content/CS2309.CH201/results/notebook/qsbench_imgs/20260614-1644-fa0711/improved_fp16_cache/000000000136_1.png
improved_fp16_cache,000000000136,2,"a yellow bird sitting on a branch in winter, covered in snow",1.3967,hit,8455.4,/content/CS2309.CH201/results/notebook/qsbench_imgs/20260614-1644-fa0711/improved_fp16_cache/000000000136_2.png
improved_fp16_cache,000000000137,0,a red pagoda in the heavy rain,1.6971,miss,8455.0,/content/CS2309.CH201/results/notebook/qsbench_imgs/20260614-1644-fa0711/improved_fp16_cache/000000000137_0.png
improved_fp16_cache,000000000137,1,"a golden pagoda in the snow at night, dark lighting",1.3864,hit,8455.4,/content/CS2309.CH201/results/notebook/qsbench_imgs/20260614-1644-fa0711/improved_fp16_cache/000000000137_1.png
improved_fp16_cache,000000000137,2,"a golden pagoda in the snow in winter, covered in snow",1.3967,hit,8455.4,/content/CS2309.CH201/results/notebook/qsbench_imgs/20260614-1644-fa0711/improved_fp16_cache/000000000137_2.png
improved_fp16_cache,000000000138,0,a white cat with a hat,1.6911,miss,8455.0,/content/CS2309.CH201/results/notebook/qsbench_imgs/20260614-1644-fa0711/improved_fp16_cache/000000000138_0.png
improved_fp16_cache,000000000138,1,"a cat at night, dark lighting",1.4266,hit,8455.4,/content/CS2309.CH201/results/notebook/qsbench_imgs/20260614-1644-fa0711/improved_fp16_cache/000000000138_1.png
improved_fp16_cache,000000000138,2,"a cat in winter, covered in snow",1.4162,hit,8455.4,/content/CS2309.CH201/results/notebook/qsbench_imgs/20260614-1644-fa0711/improved_fp16_cache/000000000138_2.png
improved_fp16_cache,000000000139,0,a chicken sitting on a board near water,1.6877,miss,8455.0,/content/CS2309.CH201/results/notebook/qsbench_imgs/20260614-1644-fa0711/improved_fp16_cache/000000000139_0.png
improved_fp16_cache,000000000139,1,"a duck standing on a rock near water at night, dark lighting",1.4153,hit,8455.4,/content/CS2309.CH201/results/notebook/qsbench_imgs/20260614-1644-fa0711/improved_fp16_cache/000000000139_1.png
improved_fp16_cache,000000000139,2,"a duck standing on a rock near water in winter, covered in snow",1.3943,hit,8455.4,/content/CS2309.CH201/results/notebook/qsbench_imgs/20260614-1644-fa0711/improved_fp16_cache/000000000139_2.png
improved_fp16_cache,111000000000,0,sharks and flowers in the ocean,1.7099,miss,8455.0,/content/CS2309.CH201/results/notebook/qsbench_imgs/20260614-1644-fa0711/improved_fp16_cache/111000000000_0.png
improved_fp16_cache,111000000000,1,"fishes and kelp in the ocean at night, dark lighting",1.4048,hit,8455.4,/content/CS2309.CH201/results/notebook/qsbench_imgs/20260614-1644-fa0711/improved_fp16_cache/111000000000_1.png
improved_fp16_cache,111000000000,2,"fishes and kelp in the ocean in winter, covered in snow",1.3873,hit,8455.4,/content/CS2309.CH201/results/notebook/qsbench_imgs/20260614-1644-fa0711/improved_fp16_cache/111000000000_2.png
improved_fp16_cache,111000000001,0,a tiger wearing a pink scarf,1.7059,miss,8455.0,/content/CS2309.CH201/results/notebook/qsbench_imgs/20260614-1644-fa0711/improved_fp16_cache/111000000001_0.png
improved_fp16_cache,111000000001,1,"a cat wearing a pink hat at night, dark lighting",1.3898,hit,8455.4,/content/CS2309.CH201/results/notebook/qsbench_imgs/20260614-1644-fa0711/improved_fp16_cache/111000000001_1.png
improved_fp16_cache,111000000001,2,"a cat wearing a pink hat in winter, covered in snow",1.4009,hit,8455.4,/content/CS2309.CH201/results/notebook/qsbench_imgs/20260614-1644-fa0711/improved_fp16_cache/111000000001_2.png
improved_fp16_cache,111000000002,0,a cute little marmot with big mouth,1.686,miss,8455.0,/content/CS2309.CH201/results/notebook/qsbench_imgs/20260614-1644-fa0711/improved_fp16_cache/111000000002_0.png
improved_fp16_cache,111000000002,1,"a cute little duck with big eyes at night, dark lighting",1.4134,hit,8455.4,/content/CS2309.CH201/results/notebook/qsbench_imgs/20260614-1644-fa0711/improved_fp16_cache/111000000002_1.png
improved_fp16_cache,111000000002,2,"a cute little duck with big eyes in winter, covered in snow",1.3843,hit,8455.4,/content/CS2309.CH201/results/notebook/qsbench_imgs/20260614-1644-fa0711/improved_fp16_cache/111000000002_2.png
improved_fp16_cache,111000000003,0,a cute little pig with big ears,1.677,miss,8455.0,/content/CS2309.CH201/results/notebook/qsbench_imgs/20260614-1644-fa0711/improved_fp16_cache/111000000003_0.png
improved_fp16_cache,111000000003,1,"a cute little bunny with big eyes at night, dark lighting",1.4147,hit,8455.4,/content/CS2309.CH201/results/notebook/qsbench_imgs/20260614-1644-fa0711/improved_fp16_cache/111000000003_1.png
improved_fp16_cache,111000000003,2,"a cute little bunny with big eyes in winter, covered in snow",1.4239,hit,8455.4,/content/CS2309.CH201/results/notebook/qsbench_imgs/20260614-1644-fa0711/improved_fp16_cache/111000000003_2.png
improved_fp16_cache,111000000004,0,a cartoon painting of a cute cat with a circle on its body,1.6815,miss,8455.0,/content/CS2309.CH201/results/notebook/qsbench_imgs/20260614-1644-fa0711/improved_fp16_cache/111000000004_0.png
improved_fp16_cache,111000000004,1,"a cartoon painting of a cute owl with a heart on its body at night, dark lighting",1.3949,hit,8455.4,/content/CS2309.CH201/results/notebook/qsbench_imgs/20260614-1644-fa0711/improved_fp16_cache/111000000004_1.png
improved_fp16_cache,111000000004,2,"a cartoon painting of a cute owl with a heart on its body in winter, covered in snow",1.3893,hit,8455.4,/content/CS2309.CH201/results/notebook/qsbench_imgs/20260614-1644-fa0711/improved_fp16_cache/111000000004_2.png
improved_fp16_cache,111000000005,0,a boy and his monkey in a field,1.6868,miss,8455.0,/content/CS2309.CH201/results/notebook/qsbench_imgs/20260614-1644-fa0711/improved_fp16_cache/111000000005_0.png
improved_fp16_cache,111000000005,1,"a girl and her dog in a field at night, dark lighting",1.3958,hit,8455.4,/content/CS2309.CH201/results/notebook/qsbench_imgs/20260614-1644-fa0711/improved_fp16_cache/111000000005_1.png
improved_fp16_cache,111000000005,2,"a girl and her dog in a field in winter, covered in snow",1.393,hit,8455.4,/content/CS2309.CH201/results/notebook/qsbench_imgs/20260614-1644-fa0711/improved_fp16_cache/111000000005_2.png
improved_fp16_cache,111000000006,0,dog on the table at night,1.6889,miss,8455.0,/content/CS2309.CH201/results/notebook/qsbench_imgs/20260614-1644-fa0711/improved_fp16_cache/111000000006_0.png
improved_fp16_cache,111000000006,1,"cat on the roof at night at night, dark lighting",1.394,hit,8455.4,/content/CS2309.CH201/results/notebook/qsbench_imgs/20260614-1644-fa0711/improved_fp16_cache/111000000006_1.png
improved_fp16_cache,111000000006,2,"cat on the roof at night in winter, covered in snow",1.3833,hit,8455.4,/content/CS2309.CH201/results/notebook/qsbench_imgs/20260614-1644-fa0711/improved_fp16_cache/111000000006_2.png
improved_fp16_cache,111000000007,0,an illustration of a bear sitting on top of a grass,1.6799,miss,8455.0,/content/CS2309.CH201/results/notebook/qsbench_imgs/20260614-1644-fa0711/improved_fp16_cache/111000000007_0.png
improved_fp16_cache,111000000007,1,"an illustration of a cat sitting on top of a rock at night, dark lighting",1.4011,hit,8455.4,/content/CS2309.CH201/results/notebook/qsbench_imgs/20260614-1644-fa0711/improved_fp16_cache/111000000007_1.png
improved_fp16_cache,111000000007,2,"an illustration of a cat sitting on top of a rock in winter, covered in snow",1.3853,hit,8455.4,/content/CS2309.CH201/results/notebook/qsbench_imgs/20260614-1644-fa0711/improved_fp16_cache/111000000007_2.png
improved_fp16_cache,111000000008,0,a man wearing colorful sunglasses,1.6867,miss,8455.0,/content/CS2309.CH201/results/notebook/qsbench_imgs/20260614-1644-fa0711/improved_fp16_cache/111000000008_0.png
improved_fp16_cache,111000000008,1,"a monkey wearing colorful goggles at night, dark lighting",1.402,hit,8455.4,/content/CS2309.CH201/results/notebook/qsbench_imgs/20260614-1644-fa0711/improved_fp16_cache/111000000008_1.png
improved_fp16_cache,111000000008,2,"a monkey wearing colorful goggles in winter, covered in snow",1.4141,hit,8455.4,/content/CS2309.CH201/results/notebook/qsbench_imgs/20260614-1644-fa0711/improved_fp16_cache/111000000008_2.png
improved_fp16_cache,111000000009,0,a painting of a pig with red tail,1.6943,miss,8455.0,/content/CS2309.CH201/results/notebook/qsbench_imgs/20260614-1644-fa0711/improved_fp16_cache/111000000009_0.png
improved_fp16_cache,111000000009,1,"a painting of a rat with red eyes at night, dark lighting",1.4107,hit,8455.4,/content/CS2309.CH201/results/notebook/qsbench_imgs/20260614-1644-fa0711/improved_fp16_cache/111000000009_1.png
improved_fp16_cache,111000000009,2,"a painting of a rat with red eyes in winter, covered in snow",1.4071,hit,8455.4,/content/CS2309.CH201/results/notebook/qsbench_imgs/20260614-1644-fa0711/improved_fp16_cache/111000000009_2.png
improved_fp16_cache,112000000000,0,a painting of a man in green shirts,1.6828,miss,8455.0,/content/CS2309.CH201/results/notebook/qsbench_imgs/20260614-1644-fa0711/improved_fp16_cache/112000000000_0.png
improved_fp16_cache,112000000000,1,"a painting of a woman in green dress at night, dark lighting",1.3862,hit,8455.4,/content/CS2309.CH201/results/notebook/qsbench_imgs/20260614-1644-fa0711/improved_fp16_cache/112000000000_1.png
improved_fp16_cache,112000000000,2,"a painting of a woman in green dress in winter, covered in snow",1.3943,hit,8455.4,/content/CS2309.CH201/results/notebook/qsbench_imgs/20260614-1644-fa0711/improved_fp16_cache/112000000000_2.png
improved_fp16_cache,112000000001,0,a beautiful woman with pink coat and hat on head,1.6999,miss,8455.0,/content/CS2309.CH201/results/notebook/qsbench_imgs/20260614-1644-fa0711/improved_fp16_cache/112000000001_0.png
improved_fp16_cache,112000000001,1,"a beautiful woman with pink dress and garland on head at night, dark lighting",1.3885,hit,8455.4,/content/CS2309.CH201/results/notebook/qsbench_imgs/20260614-1644-fa0711/improved_fp16_cache/112000000001_1.png
improved_fp16_cache,112000000001,2,"a beautiful woman with pink dress and garland on head in winter, covered in snow",1.3927,hit,8455.4,/content/CS2309.CH201/results/notebook/qsbench_imgs/20260614-1644-fa0711/improved_fp16_cache/112000000001_2.png
improved_fp16_cache,112000000002,0,cartoon girl driving a taxi,1.6753,miss,8455.0,/content/CS2309.CH201/results/notebook/qsbench_imgs/20260614-1644-fa0711/improved_fp16_cache/112000000002_0.png
improved_fp16_cache,112000000002,1,"cartoon boy driving a car at night, dark lighting",1.3891,hit,8455.4,/content/CS2309.CH201/results/notebook/qsbench_imgs/20260614-1644-fa0711/improved_fp16_cache/112000000002_1.png
improved_fp16_cache,112000000002,2,"cartoon boy driving a car in winter, covered in snow",1.3955,hit,8455.4,/content/CS2309.CH201/results/notebook/qsbench_imgs/20260614-1644-fa0711/improved_fp16_cache/112000000002_2.png
improved_fp16_cache,112000000003,0,a girl with black hair and a white pants is holding a coffee,1.6736,miss,8455.0,/content/CS2309.CH201/results/notebook/qsbench_imgs/20260614-1644-fa0711/improved_fp16_cache/112000000003_0.png
improved_fp16_cache,112000000003,1,"a girl with black hair and a white shirt is holding a phone at night, dark lighting",1.406,hit,8455.4,/content/CS2309.CH201/results/notebook/qsbench_imgs/20260614-1644-fa0711/improved_fp16_cache/112000000003_1.png
improved_fp16_cache,112000000003,2,"a girl with black hair and a white shirt is holding a phone in winter, covered in snow",1.4218,hit,8455.4,/content/CS2309.CH201/results/notebook/qsbench_imgs/20260614-1644-fa0711/improved_fp16_cache/112000000003_2.png
improved_fp16_cache,112000000004,0,a cartoon boy sitting on a box,1.6785,miss,8455.0,/content/CS2309.CH201/results/notebook/qsbench_imgs/20260614-1644-fa0711/improved_fp16_cache/112000000004_0.png
improved_fp16_cache,112000000004,1,"a cartoon girl sitting on a backpack at night, dark lighting",1.3955,hit,8455.4,/content/CS2309.CH201/results/notebook/qsbench_imgs/20260614-1644-fa0711/improved_fp16_cache/112000000004_1.png
improved_fp16_cache,112000000004,2,"a cartoon girl sitting on a backpack in winter, covered in snow",1.3881,hit,8455.4,/content/CS2309.CH201/results/notebook/qsbench_imgs/20260614-1644-fa0711/improved_fp16_cache/112000000004_2.png
improved_fp16_cache,112000000005,0,a man standing under beautiful moon in the snow,1.6844,miss,8455.0,/content/CS2309.CH201/results/notebook/qsbench_imgs/20260614-1644-fa0711/improved_fp16_cache/112000000005_0.png
improved_fp16_cache,112000000005,1,"a woman standing under street light in the snow at night, dark lighting",1.3974,hit,8455.4,/content/CS2309.CH201/results/notebook/qsbench_imgs/20260614-1644-fa0711/improved_fp16_cache/112000000005_1.png
improved_fp16_cache,112000000005,2,"a woman standing under street light in the snow in winter, covered in snow",1.3966,hit,8455.4,/content/CS2309.CH201/results/notebook/qsbench_imgs/20260614-1644-fa0711/improved_fp16_cache/112000000005_2.png
improved_fp16_cache,112000000006,0,a cartoon man sitting at a bench with notebook,1.7111,miss,8455.0,/content/CS2309.CH201/results/notebook/qsbench_imgs/20260614-1644-fa0711/improved_fp16_cache/112000000006_0.png
improved_fp16_cache,112000000006,1,"a cartoon man sitting at a desk with laptop at night, dark lighting",1.3885,hit,8455.4,/content/CS2309.CH201/results/notebook/qsbench_imgs/20260614-1644-fa0711/improved_fp16_cache/112000000006_1.png
improved_fp16_cache,112000000006,2,"a cartoon man sitting at a desk with laptop in winter, covered in snow",1.387,hit,8455.4,/content/CS2309.CH201/results/notebook/qsbench_imgs/20260614-1644-fa0711/improved_fp16_cache/112000000006_2.png
improved_fp16_cache,112000000007,0,a woman with a scarf and crown in her hair,1.6868,miss,8455.0,/content/CS2309.CH201/results/notebook/qsbench_imgs/20260614-1644-fa0711/improved_fp16_cache/112000000007_0.png
improved_fp16_cache,112000000007,1,"a woman with a mask and flowers in her hair at night, dark lighting",1.3832,hit,8455.4,/content/CS2309.CH201/results/notebook/qsbench_imgs/20260614-1644-fa0711/improved_fp16_cache/112000000007_1.png
improved_fp16_cache,112000000007,2,"a woman with a mask and flowers in her hair in winter, covered in snow",1.3927,hit,8455.4,/content/CS2309.CH201/results/notebook/qsbench_imgs/20260614-1644-fa0711/improved_fp16_cache/112000000007_2.png
improved_fp16_cache,112000000008,0,a painting of two man walking on the grass,1.6855,miss,8455.0,/content/CS2309.CH201/results/notebook/qsbench_imgs/20260614-1644-fa0711/improved_fp16_cache/112000000008_0.png
improved_fp16_cache,112000000008,1,"a painting of two women walking on the beach at night, dark lighting",1.3914,hit,8455.4,/content/CS2309.CH201/results/notebook/qsbench_imgs/20260614-1644-fa0711/improved_fp16_cache/112000000008_1.png
improved_fp16_cache,112000000008,2,"a painting of two women walking on the beach in winter, covered in snow",1.4202,hit,8455.4,/content/CS2309.CH201/results/notebook/qsbench_imgs/20260614-1644-fa0711/improved_fp16_cache/112000000008_2.png
improved_fp16_cache,112000000009,0,an demon with swords and a golden light,1.6841,miss,8455.0,/content/CS2309.CH201/results/notebook/qsbench_imgs/20260614-1644-fa0711/improved_fp16_cache/112000000009_0.png
improved_fp16_cache,112000000009,1,"an angel with wings and a golden light at night, dark lighting",1.389,hit,8455.4,/content/CS2309.CH201/results/notebook/qsbench_imgs/20260614-1644-fa0711/improved_fp16_cache/112000000009_1.png
improved_fp16_cache,112000000009,2,"an angel with wings and a golden light in winter, covered in snow",1.3946,hit,8455.4,/content/CS2309.CH201/results/notebook/qsbench_imgs/20260614-1644-fa0711/improved_fp16_cache/112000000009_2.png
improved_fp16_cache,113000000000,0,a gold plated plate filled with candy,1.6809,miss,8455.0,/content/CS2309.CH201/results/notebook/qsbench_imgs/20260614-1644-fa0711/improved_fp16_cache/113000000000_0.png
improved_fp16_cache,113000000000,1,"a gold plated bowl filled with fruit at night, dark lighting",1.3913,hit,8455.4,/content/CS2309.CH201/results/notebook/qsbench_imgs/20260614-1644-fa0711/improved_fp16_cache/113000000000_1.png
improved_fp16_cache,113000000000,2,"a gold plated bowl filled with fruit in winter, covered in snow",1.3899,hit,8455.4,/content/CS2309.CH201/results/notebook/qsbench_imgs/20260614-1644-fa0711/improved_fp16_cache/113000000000_2.png
improved_fp16_cache,113000000001,0,a pear on the floor,1.7096,miss,8455.0,/content/CS2309.CH201/results/notebook/qsbench_imgs/20260614-1644-fa0711/improved_fp16_cache/113000000001_0.png
improved_fp16_cache,113000000001,1,"a pepper on the table at night, dark lighting",1.3986,hit,8455.4,/content/CS2309.CH201/results/notebook/qsbench_imgs/20260614-1644-fa0711/improved_fp16_cache/113000000001_1.png
improved_fp16_cache,113000000001,2,"a pepper on the table in winter, covered in snow",1.3953,hit,8455.4,/content/CS2309.CH201/results/notebook/qsbench_imgs/20260614-1644-fa0711/improved_fp16_cache/113000000001_2.png
improved_fp16_cache,113000000002,0,a plant sitting on a board near a window,1.6779,miss,8455.0,/content/CS2309.CH201/results/notebook/qsbench_imgs/20260614-1644-fa0711/improved_fp16_cache/113000000002_0.png
improved_fp16_cache,113000000002,1,"a vase sitting on a table near a window at night, dark lighting",1.3945,hit,8455.4,/content/CS2309.CH201/results/notebook/qsbench_imgs/20260614-1644-fa0711/improved_fp16_cache/113000000002_1.png
improved_fp16_cache,113000000002,2,"a vase sitting on a table near a window in winter, covered in snow",1.3925,hit,8455.4,/content/CS2309.CH201/results/notebook/qsbench_imgs/20260614-1644-fa0711/improved_fp16_cache/113000000002_2.png
improved_fp16_cache,113000000003,0,a icecream with a pink and blue stons,1.6903,miss,8455.0,/content/CS2309.CH201/results/notebook/qsbench_imgs/20260614-1644-fa0711/improved_fp16_cache/113000000003_0.png
improved_fp16_cache,113000000003,1,"a cake with a pink and blue icing at night, dark lighting",1.422,hit,8455.4,/content/CS2309.CH201/results/notebook/qsbench_imgs/20260614-1644-fa0711/improved_fp16_cache/113000000003_1.png
improved_fp16_cache,113000000003,2,"a cake with a pink and blue icing in winter, covered in snow",1.3967,hit,8455.4,/content/CS2309.CH201/results/notebook/qsbench_imgs/20260614-1644-fa0711/improved_fp16_cache/113000000003_2.png
improved_fp16_cache,113000000004,0,a dog and frog in a fish bowl,1.677,miss,8455.0,/content/CS2309.CH201/results/notebook/qsbench_imgs/20260614-1644-fa0711/improved_fp16_cache/113000000004_0.png
improved_fp16_cache,113000000004,1,"a cat and fish in a fish bowl at night, dark lighting",1.3941,hit,8455.4,/content/CS2309.CH201/results/notebook/qsbench_imgs/20260614-1644-fa0711/improved_fp16_cache/113000000004_1.png
improved_fp16_cache,113000000004,2,"a cat and fish in a fish bowl in winter, covered in snow",1.3985,hit,8455.4,/content/CS2309.CH201/results/notebook/qsbench_imgs/20260614-1644-fa0711/improved_fp16_cache/113000000004_2.png
improved_fp16_cache,113000000005,0,a sofa and umbrella,1.6872,miss,8455.0,/content/CS2309.CH201/results/notebook/qsbench_imgs/20260614-1644-fa0711/improved_fp16_cache/113000000005_0.png
improved_fp16_cache,113000000005,1,"a chair and lamp at night, dark lighting",1.3884,hit,8455.4,/content/CS2309.CH201/results/notebook/qsbench_imgs/20260614-1644-fa0711/improved_fp16_cache/113000000005_1.png
improved_fp16_cache,113000000005,2,"a chair and lamp in winter, covered in snow",1.4118,hit,8455.4,/content/CS2309.CH201/results/notebook/qsbench_imgs/20260614-1644-fa0711/improved_fp16_cache/113000000005_2.png
improved_fp16_cache,113000000006,0,a woman's hands is framed in a large painting on a wall,1.7262,miss,8455.0,/content/CS2309.CH201/results/notebook/qsbench_imgs/20260614-1644-fa0711/improved_fp16_cache/113000000006_0.png
improved_fp16_cache,113000000006,1,"a woman's face is framed in a large photo on a wall at night, dark lighting",1.3966,hit,8455.4,/content/CS2309.CH201/results/notebook/qsbench_imgs/20260614-1644-fa0711/improved_fp16_cache/113000000006_1.png
improved_fp16_cache,113000000006,2,"a woman's face is framed in a large photo on a wall in winter, covered in snow",1.3992,hit,8455.4,/content/CS2309.CH201/results/notebook/qsbench_imgs/20260614-1644-fa0711/improved_fp16_cache/113000000006_2.png
improved_fp16_cache,113000000007,0,a gold potted flower on a wooden bench,1.691,miss,8455.0,/content/CS2309.CH201/results/notebook/qsbench_imgs/20260614-1644-fa0711/improved_fp16_cache/113000000007_0.png
improved_fp16_cache,113000000007,1,"a gold potted plant on a wooden table at night, dark lighting",1.4244,hit,8455.4,/content/CS2309.CH201/results/notebook/qsbench_imgs/20260614-1644-fa0711/improved_fp16_cache/113000000007_1.png
improved_fp16_cache,113000000007,2,"a gold potted plant on a wooden table in winter, covered in snow",1.3905,hit,8455.4,/content/CS2309.CH201/results/notebook/qsbench_imgs/20260614-1644-fa0711/improved_fp16_cache/113000000007_2.png
improved_fp16_cache,113000000008,0,a cake and saucer with a teaspoon and a knife,1.6885,miss,8455.0,/content/CS2309.CH201/results/notebook/qsbench_imgs/20260614-1644-fa0711/improved_fp16_cache/113000000008_0.png
improved_fp16_cache,113000000008,1,"a teacup and saucer with a spoon and a fork at night, dark lighting",1.4148,hit,8455.4,/content/CS2309.CH201/results/notebook/qsbench_imgs/20260614-1644-fa0711/improved_fp16_cache/113000000008_1.png
improved_fp16_cache,113000000008,2,"a teacup and saucer with a spoon and a fork in winter, covered in snow",1.4004,hit,8455.4,/content/CS2309.CH201/results/notebook/qsbench_imgs/20260614-1644-fa0711/improved_fp16_cache/113000000008_2.png
improved_fp16_cache,113000000009,0,a vase with roses and apples on a table,1.7031,miss,8455.0,/content/CS2309.CH201/results/notebook/qsbench_imgs/20260614-1644-fa0711/improved_fp16_cache/113000000009_0.png
improved_fp16_cache,113000000009,1,"a vase with sunflowers and pears on a table at night, dark lighting",1.4021,hit,8455.4,/content/CS2309.CH201/results/notebook/qsbench_imgs/20260614-1644-fa0711/improved_fp16_cache/113000000009_1.png
improved_fp16_cache,113000000009,2,"a vase with sunflowers and pears on a table in winter, covered in snow",1.4022,hit,8455.4,/content/CS2309.CH201/results/notebook/qsbench_imgs/20260614-1644-fa0711/improved_fp16_cache/113000000009_2.png
improved_fp16_cache,114000000000,0,"stars, birds, and a sun over the ocean",1.6907,miss,8455.0,/content/CS2309.CH201/results/notebook/qsbench_imgs/20260614-1644-fa0711/improved_fp16_cache/114000000000_0.png
improved_fp16_cache,114000000000,1,"stars, coulds, and a moon over the ocean at night, dark lighting",1.3932,hit,8455.4,/content/CS2309.CH201/results/notebook/qsbench_imgs/20260614-1644-fa0711/improved_fp16_cache/114000000000_1.png
improved_fp16_cache,114000000000,2,"stars, coulds, and a moon over the ocean in winter, covered in snow",1.4074,hit,8455.4,/content/CS2309.CH201/results/notebook/qsbench_imgs/20260614-1644-fa0711/improved_fp16_cache/114000000000_2.png
improved_fp16_cache,114000000001,0,a cartoon rabbit playing tennis on a green field,1.6834,miss,8455.0,/content/CS2309.CH201/results/notebook/qsbench_imgs/20260614-1644-fa0711/improved_fp16_cache/114000000001_0.png
improved_fp16_cache,114000000001,1,"a cartoon bear playing golf on a green field at night, dark lighting",1.3964,hit,8455.4,/content/CS2309.CH201/results/notebook/qsbench_imgs/20260614-1644-fa0711/improved_fp16_cache/114000000001_1.png
improved_fp16_cache,114000000001,2,"a cartoon bear playing golf on a green field in winter, covered in snow",1.3862,hit,8455.4,/content/CS2309.CH201/results/notebook/qsbench_imgs/20260614-1644-fa0711/improved_fp16_cache/114000000001_2.png
improved_fp16_cache,114000000002,0,a painting of a church and clouds in the middle of a lake,1.6746,miss,8455.0,/content/CS2309.CH201/results/notebook/qsbench_imgs/20260614-1644-fa0711/improved_fp16_cache/114000000002_0.png
improved_fp16_cache,114000000002,1,"a painting of a castle and trees in the middle of a lake at night, dark lighting",1.3999,hit,8455.4,/content/CS2309.CH201/results/notebook/qsbench_imgs/20260614-1644-fa0711/improved_fp16_cache/114000000002_1.png
improved_fp16_cache,114000000002,2,"a painting of a castle and trees in the middle of a lake in winter, covered in snow",1.3996,hit,8455.4,/content/CS2309.CH201/results/notebook/qsbench_imgs/20260614-1644-fa0711/improved_fp16_cache/114000000002_2.png
improved_fp16_cache,114000000003,0,a motorcycle with colorful wheels is parked on the street,1.7002,miss,8455.0,/content/CS2309.CH201/results/notebook/qsbench_imgs/20260614-1644-fa0711/improved_fp16_cache/114000000003_0.png
improved_fp16_cache,114000000003,1,"a car with colorful car cover is parked on the street at night, dark lighting",1.4247,hit,8455.4,/content/CS2309.CH201/results/notebook/qsbench_imgs/20260614-1644-fa0711/improved_fp16_cache/114000000003_1.png
improved_fp16_cache,114000000003,2,"a car with colorful car cover is parked on the street in winter, covered in snow",1.4021,hit,8455.4,/content/CS2309.CH201/results/notebook/qsbench_imgs/20260614-1644-fa0711/improved_fp16_cache/114000000003_2.png
improved_fp16_cache,114000000004,0,a blue box with a reflection of ship in the water,1.6851,miss,8455.0,/content/CS2309.CH201/results/notebook/qsbench_imgs/20260614-1644-fa0711/improved_fp16_cache/114000000004_0.png
improved_fp16_cache,114000000004,1,"a blue pyramid with a reflection of mountains in the water at night, dark lighting",1.3933,hit,8455.4,/content/CS2309.CH201/results/notebook/qsbench_imgs/20260614-1644-fa0711/improved_fp16_cache/114000000004_1.png
improved_fp16_cache,114000000004,2,"a blue pyramid with a reflection of mountains in the water in winter, covered in snow",1.3865,hit,8455.4,/content/CS2309.CH201/results/notebook/qsbench_imgs/20260614-1644-fa0711/improved_fp16_cache/114000000004_2.png
improved_fp16_cache,114000000005,0,a monster and cats in the woods,1.6887,miss,8455.0,/content/CS2309.CH201/results/notebook/qsbench_imgs/20260614-1644-fa0711/improved_fp16_cache/114000000005_0.png
improved_fp16_cache,114000000005,1,"a house and people in the woods at night, dark lighting",1.3927,hit,8455.4,/content/CS2309.CH201/results/notebook/qsbench_imgs/20260614-1644-fa0711/improved_fp16_cache/114000000005_1.png
improved_fp16_cache,114000000005,2,"a house and people in the woods in winter, covered in snow",1.4087,hit,8455.4,/content/CS2309.CH201/results/notebook/qsbench_imgs/20260614-1644-fa0711/improved_fp16_cache/114000000005_2.png
improved_fp16_cache,114000000006,0,a small castle on an island in the middle of magma,1.6853,miss,8455.0,/content/CS2309.CH201/results/notebook/qsbench_imgs/20260614-1644-fa0711/improved_fp16_cache/114000000006_0.png
improved_fp16_cache,114000000006,1,"a small cabin on an island in the middle of lake at night, dark lighting",1.3827,hit,8455.4,/content/CS2309.CH201/results/notebook/qsbench_imgs/20260614-1644-fa0711/improved_fp16_cache/114000000006_1.png
improved_fp16_cache,114000000006,2,"a small cabin on an island in the middle of lake in winter, covered in snow",1.3953,hit,8455.4,/content/CS2309.CH201/results/notebook/qsbench_imgs/20260614-1644-fa0711/improved_fp16_cache/114000000006_2.png
improved_fp16_cache,114000000007,0,a woman in a coat standing in front of a eagle,1.6795,miss,8455.0,/content/CS2309.CH201/results/notebook/qsbench_imgs/20260614-1644-fa0711/improved_fp16_cache/114000000007_0.png
improved_fp16_cache,114000000007,1,"a woman in a dress standing in front of a spaceship at night, dark lighting",1.3931,hit,8455.4,/content/CS2309.CH201/results/notebook/qsbench_imgs/20260614-1644-fa0711/improved_fp16_cache/114000000007_1.png
improved_fp16_cache,114000000007,2,"a woman in a dress standing in front of a spaceship in winter, covered in snow",1.3893,hit,8455.4,/content/CS2309.CH201/results/notebook/qsbench_imgs/20260614-1644-fa0711/improved_fp16_cache/114000000007_2.png
improved_fp16_cache,114000000008,0,a futuristic city with rocket and cats walking in the street,1.7163,miss,8455.0,/content/CS2309.CH201/results/notebook/qsbench_imgs/20260614-1644-fa0711/improved_fp16_cache/114000000008_0.png
improved_fp16_cache,114000000008,1,"a futuristic city with cars and people walking in the street at night, dark lighting",1.416,hit,8455.4,/content/CS2309.CH201/results/notebook/qsbench_imgs/20260614-1644-fa0711/improved_fp16_cache/114000000008_1.png
improved_fp16_cache,114000000008,2,"a futuristic city with cars and people walking in the street in winter, covered in snow",1.394,hit,8455.4,/content/CS2309.CH201/results/notebook/qsbench_imgs/20260614-1644-fa0711/improved_fp16_cache/114000000008_2.png
improved_fp16_cache,114000000009,0,the jungle with a star river and flowers,1.6778,miss,8455.0,/content/CS2309.CH201/results/notebook/qsbench_imgs/20260614-1644-fa0711/improved_fp16_cache/114000000009_0.png
improved_fp16_cache,114000000009,1,"the jungle with a beautiful waterfall and plants at night, dark lighting",1.3908,hit,8455.4,/content/CS2309.CH201/results/notebook/qsbench_imgs/20260614-1644-fa0711/improved_fp16_cache/114000000009_1.png
improved_fp16_cache,114000000009,2,"the jungle with a beautiful waterfall and plants in winter, covered in snow",1.3869,hit,8455.4,/content/CS2309.CH201/results/notebook/qsbench_imgs/20260614-1644-fa0711/improved_fp16_cache/114000000009_2.png
improved_fp16_cache,121000000000,0,an orange dog play with a black and white ball in the grass,1.6894,miss,8455.0,/content/CS2309.CH201/results/notebook/qsbench_imgs/20260614-1644-fa0711/improved_fp16_cache/121000000000_0.png
improved_fp16_cache,121000000000,1,"an orange cat play with a black and white cat in the grass at night, dark lighting",1.4039,hit,8455.4,/content/CS2309.CH201/results/notebook/qsbench_imgs/20260614-1644-fa0711/improved_fp16_cache/121000000000_1.png
improved_fp16_cache,121000000000,2,"an orange cat play with a black and white cat in the grass in winter, covered in snow",1.4164,hit,8455.4,/content/CS2309.CH201/results/notebook/qsbench_imgs/20260614-1644-fa0711/improved_fp16_cache/121000000000_2.png
improved_fp16_cache,121000000001,0,a tiger sitting next to a window,1.6794,miss,8455.0,/content/CS2309.CH201/results/notebook/qsbench_imgs/20260614-1644-fa0711/improved_fp16_cache/121000000001_0.png
improved_fp16_cache,121000000001,1,"a cat sitting next to a mirror at night, dark lighting",1.4067,hit,8455.4,/content/CS2309.CH201/results/notebook/qsbench_imgs/20260614-1644-fa0711/improved_fp16_cache/121000000001_1.png
improved_fp16_cache,121000000001,2,"a cat sitting next to a mirror in winter, covered in snow",1.397,hit,8455.4,/content/CS2309.CH201/results/notebook/qsbench_imgs/20260614-1644-fa0711/improved_fp16_cache/121000000001_2.png
improved_fp16_cache,121000000002,0,a zebra with long tail in a grass field,1.6902,miss,8455.0,/content/CS2309.CH201/results/notebook/qsbench_imgs/20260614-1644-fa0711/improved_fp16_cache/121000000002_0.png
improved_fp16_cache,121000000002,1,"a horse with long hair in a grass field at night, dark lighting",1.3899,hit,8455.4,/content/CS2309.CH201/results/notebook/qsbench_imgs/20260614-1644-fa0711/improved_fp16_cache/121000000002_1.png
improved_fp16_cache,121000000002,2,"a horse with long hair in a grass field in winter, covered in snow",1.4045,hit,8455.4,/content/CS2309.CH201/results/notebook/qsbench_imgs/20260614-1644-fa0711/improved_fp16_cache/121000000002_2.png
improved_fp16_cache,121000000003,0,a white rat is walking on the grass,1.7145,miss,8455.0,/content/CS2309.CH201/results/notebook/qsbench_imgs/20260614-1644-fa0711/improved_fp16_cache/121000000003_0.png
improved_fp16_cache,121000000003,1,"a white bulldog is walking on the grass at night, dark lighting",1.4078,hit,8455.4,/content/CS2309.CH201/results/notebook/qsbench_imgs/20260614-1644-fa0711/improved_fp16_cache/121000000003_1.png
improved_fp16_cache,121000000003,2,"a white bulldog is walking on the grass in winter, covered in snow",1.4064,hit,8455.4,/content/CS2309.CH201/results/notebook/qsbench_imgs/20260614-1644-fa0711/improved_fp16_cache/121000000003_2.png
improved_fp16_cache,121000000004,0,a blue and white butterfly sits on a flower,1.6725,miss,8455.0,/content/CS2309.CH201/results/notebook/qsbench_imgs/20260614-1644-fa0711/improved_fp16_cache/121000000004_0.png
improved_fp16_cache,121000000004,1,"a blue and white bird sits on a branch at night, dark lighting",1.3914,hit,8455.4,/content/CS2309.CH201/results/notebook/qsbench_imgs/20260614-1644-fa0711/improved_fp16_cache/121000000004_1.png
improved_fp16_cache,121000000004,2,"a blue and white bird sits on a branch in winter, covered in snow",1.3867,hit,8455.4,/content/CS2309.CH201/results/notebook/qsbench_imgs/20260614-1644-fa0711/improved_fp16_cache/121000000004_2.png
improved_fp16_cache,121000000005,0,a rabbit is sitting on top of a wooden desk,1.69,miss,8455.0,/content/CS2309.CH201/results/notebook/qsbench_imgs/20260614-1644-fa0711/improved_fp16_cache/121000000005_0.png
improved_fp16_cache,121000000005,1,"a squirrel is sitting on top of a wooden fence at night, dark lighting",1.42,hit,8455.4,/content/CS2309.CH201/results/notebook/qsbench_imgs/20260614-1644-fa0711/improved_fp16_cache/121000000005_1.png
improved_fp16_cache,121000000005,2,"a squirrel is sitting on top of a wooden fence in winter, covered in snow",1.436,hit,8455.4,/content/CS2309.CH201/results/notebook/qsbench_imgs/20260614-1644-fa0711/improved_fp16_cache/121000000005_2.png
improved_fp16_cache,121000000006,0,a wolf sitting on the board with a body of water in the background,1.69,miss,8455.0,/content/CS2309.CH201/results/notebook/qsbench_imgs/20260614-1644-fa0711/improved_fp16_cache/121000000006_0.png
improved_fp16_cache,121000000006,1,"a dog sitting on the beach with a body of water in the background at night, dark lighting",1.3966,hit,8455.4,/content/CS2309.CH201/results/notebook/qsbench_imgs/20260614-1644-fa0711/improved_fp16_cache/121000000006_1.png
improved_fp16_cache,121000000006,2,"a dog sitting on the beach with a body of water in the background in winter, covered in snow",1.3958,hit,8455.4,/content/CS2309.CH201/results/notebook/qsbench_imgs/20260614-1644-fa0711/improved_fp16_cache/121000000006_2.png
improved_fp16_cache,121000000007,0,a fluffy panda with yellow mouth sitting on a wooden floor,1.692,miss,8455.0,/content/CS2309.CH201/results/notebook/qsbench_imgs/20260614-1644-fa0711/improved_fp16_cache/121000000007_0.png
improved_fp16_cache,121000000007,1,"a fluffy cat with yellow eyes sitting on a wooden floor at night, dark lighting",1.4013,hit,8455.4,/content/CS2309.CH201/results/notebook/qsbench_imgs/20260614-1644-fa0711/improved_fp16_cache/121000000007_1.png
improved_fp16_cache,121000000007,2,"a fluffy cat with yellow eyes sitting on a wooden floor in winter, covered in snow",1.3979,hit,8455.4,/content/CS2309.CH201/results/notebook/qsbench_imgs/20260614-1644-fa0711/improved_fp16_cache/121000000007_2.png
improved_fp16_cache,121000000008,0,a parrot on a flower in the garden,1.7047,miss,8455.0,/content/CS2309.CH201/results/notebook/qsbench_imgs/20260614-1644-fa0711/improved_fp16_cache/121000000008_0.png
improved_fp16_cache,121000000008,1,"a butterfly on a leaf in the garden at night, dark lighting",1.3966,hit,8455.4,/content/CS2309.CH201/results/notebook/qsbench_imgs/20260614-1644-fa0711/improved_fp16_cache/121000000008_1.png
improved_fp16_cache,121000000008,2,"a butterfly on a leaf in the garden in winter, covered in snow",1.3924,hit,8455.4,/content/CS2309.CH201/results/notebook/qsbench_imgs/20260614-1644-fa0711/improved_fp16_cache/121000000008_2.png
improved_fp16_cache,121000000009,0,a owl is standing on top of a diamond,1.6935,miss,8455.0,/content/CS2309.CH201/results/notebook/qsbench_imgs/20260614-1644-fa0711/improved_fp16_cache/121000000009_0.png
improved_fp16_cache,121000000009,1,"a bird is standing on top of a rock at night, dark lighting",1.3912,hit,8455.4,/content/CS2309.CH201/results/notebook/qsbench_imgs/20260614-1644-fa0711/improved_fp16_cache/121000000009_1.png
improved_fp16_cache,121000000009,2,"a bird is standing on top of a rock in winter, covered in snow",1.3864,hit,8455.4,/content/CS2309.CH201/results/notebook/qsbench_imgs/20260614-1644-fa0711/improved_fp16_cache/121000000009_2.png
improved_fp16_cache,122000000000,0,a photo of robots wearing dress dancing together,1.6807,miss,8455.0,/content/CS2309.CH201/results/notebook/qsbench_imgs/20260614-1644-fa0711/improved_fp16_cache/122000000000_0.png
improved_fp16_cache,122000000000,1,"a photo of couples wearing shirts dancing together at night, dark lighting",1.4105,hit,8455.4,/content/CS2309.CH201/results/notebook/qsbench_imgs/20260614-1644-fa0711/improved_fp16_cache/122000000000_1.png
improved_fp16_cache,122000000000,2,"a photo of couples wearing shirts dancing together in winter, covered in snow",1.4066,hit,8455.4,/content/CS2309.CH201/results/notebook/qsbench_imgs/20260614-1644-fa0711/improved_fp16_cache/122000000000_2.png
improved_fp16_cache,122000000001,0,robot on the desk,1.6897,miss,8455.0,/content/CS2309.CH201/results/notebook/qsbench_imgs/20260614-1644-fa0711/improved_fp16_cache/122000000001_0.png
improved_fp16_cache,122000000001,1,"spiderman on the roof at night, dark lighting",1.3982,hit,8455.4,/content/CS2309.CH201/results/notebook/qsbench_imgs/20260614-1644-fa0711/improved_fp16_cache/122000000001_1.png
improved_fp16_cache,122000000001,2,"spiderman on the roof in winter, covered in snow",1.395,hit,8455.4,/content/CS2309.CH201/results/notebook/qsbench_imgs/20260614-1644-fa0711/improved_fp16_cache/122000000001_2.png
improved_fp16_cache,122000000002,0,a woman in a shirt holding a phone,1.6996,miss,8455.0,/content/CS2309.CH201/results/notebook/qsbench_imgs/20260614-1644-fa0711/improved_fp16_cache/122000000002_0.png
improved_fp16_cache,122000000002,1,"a woman in a coat holding a camera at night, dark lighting",1.3856,hit,8455.4,/content/CS2309.CH201/results/notebook/qsbench_imgs/20260614-1644-fa0711/improved_fp16_cache/122000000002_1.png
improved_fp16_cache,122000000002,2,"a woman in a coat holding a camera in winter, covered in snow",1.3886,hit,8455.4,/content/CS2309.CH201/results/notebook/qsbench_imgs/20260614-1644-fa0711/improved_fp16_cache/122000000002_2.png
improved_fp16_cache,122000000003,0,a woman wearing hat sitting in the grass with a ipad,1.7212,miss,8455.0,/content/CS2309.CH201/results/notebook/qsbench_imgs/20260614-1644-fa0711/improved_fp16_cache/122000000003_0.png
improved_fp16_cache,122000000003,1,"a woman wearing sunglasses sitting in the grass with a book at night, dark lighting",1.3902,hit,8455.4,/content/CS2309.CH201/results/notebook/qsbench_imgs/20260614-1644-fa0711/improved_fp16_cache/122000000003_1.png
improved_fp16_cache,122000000003,2,"a woman wearing sunglasses sitting in the grass with a book in winter, covered in snow",1.391,hit,8455.4,/content/CS2309.CH201/results/notebook/qsbench_imgs/20260614-1644-fa0711/improved_fp16_cache/122000000003_2.png
improved_fp16_cache,122000000004,0,a woman in black coat leaning against a wall,1.6892,miss,8455.0,/content/CS2309.CH201/results/notebook/qsbench_imgs/20260614-1644-fa0711/improved_fp16_cache/122000000004_0.png
improved_fp16_cache,122000000004,1,"a woman in black dress leaning against a car at night, dark lighting",1.3902,hit,8455.4,/content/CS2309.CH201/results/notebook/qsbench_imgs/20260614-1644-fa0711/improved_fp16_cache/122000000004_1.png
improved_fp16_cache,122000000004,2,"a woman in black dress leaning against a car in winter, covered in snow",1.3896,hit,8455.4,/content/CS2309.CH201/results/notebook/qsbench_imgs/20260614-1644-fa0711/improved_fp16_cache/122000000004_2.png
improved_fp16_cache,122000000005,0,a woman sitting on a sofa using her ipad,1.6926,miss,8455.0,/content/CS2309.CH201/results/notebook/qsbench_imgs/20260614-1644-fa0711/improved_fp16_cache/122000000005_0.png
improved_fp16_cache,122000000005,1,"a woman sitting on a bench using her phone at night, dark lighting",1.419,hit,8455.4,/content/CS2309.CH201/results/notebook/qsbench_imgs/20260614-1644-fa0711/improved_fp16_cache/122000000005_1.png
improved_fp16_cache,122000000005,2,"a woman sitting on a bench using her phone in winter, covered in snow",1.396,hit,8455.4,/content/CS2309.CH201/results/notebook/qsbench_imgs/20260614-1644-fa0711/improved_fp16_cache/122000000005_2.png
improved_fp16_cache,122000000006,0,an old man playing an electric bass on a street,1.6858,miss,8455.0,/content/CS2309.CH201/results/notebook/qsbench_imgs/20260614-1644-fa0711/improved_fp16_cache/122000000006_0.png
improved_fp16_cache,122000000006,1,"an old man playing an electric guitar on a street at night, dark lighting",1.401,hit,8455.4,/content/CS2309.CH201/results/notebook/qsbench_imgs/20260614-1644-fa0711/improved_fp16_cache/122000000006_1.png
improved_fp16_cache,122000000006,2,"an old man playing an electric guitar on a street in winter, covered in snow",1.3837,hit,8455.4,/content/CS2309.CH201/results/notebook/qsbench_imgs/20260614-1644-fa0711/improved_fp16_cache/122000000006_2.png
improved_fp16_cache,122000000007,0,a girl sitting in a blue rock near a waterfall,1.6793,miss,8455.0,/content/CS2309.CH201/results/notebook/qsbench_imgs/20260614-1644-fa0711/improved_fp16_cache/122000000007_0.png
improved_fp16_cache,122000000007,1,"a woman sitting in a folding chair near a waterfall at night, dark lighting",1.4117,hit,8455.4,/content/CS2309.CH201/results/notebook/qsbench_imgs/20260614-1644-fa0711/improved_fp16_cache/122000000007_1.png
improved_fp16_cache,122000000007,2,"a woman sitting in a folding chair near a waterfall in winter, covered in snow",1.4091,hit,8455.4,/content/CS2309.CH201/results/notebook/qsbench_imgs/20260614-1644-fa0711/improved_fp16_cache/122000000007_2.png
improved_fp16_cache,122000000008,0,a man and a cow,1.7189,miss,8455.0,/content/CS2309.CH201/results/notebook/qsbench_imgs/20260614-1644-fa0711/improved_fp16_cache/122000000008_0.png
improved_fp16_cache,122000000008,1,"a woman and a horse at night, dark lighting",1.3844,hit,8455.4,/content/CS2309.CH201/results/notebook/qsbench_imgs/20260614-1644-fa0711/improved_fp16_cache/122000000008_1.png
improved_fp16_cache,122000000008,2,"a woman and a horse in winter, covered in snow",1.3963,hit,8455.4,/content/CS2309.CH201/results/notebook/qsbench_imgs/20260614-1644-fa0711/improved_fp16_cache/122000000008_2.png
improved_fp16_cache,122000000009,0,"a woman sitting at a bar with a glass of milk, with a mushroom on the table",1.6962,miss,8455.0,/content/CS2309.CH201/results/notebook/qsbench_imgs/20260614-1644-fa0711/improved_fp16_cache/122000000009_0.png
improved_fp16_cache,122000000009,1,"a woman sitting at a bar with a glass of wine, with a lamp on the table at night, dark lighting",1.3968,hit,8455.4,/content/CS2309.CH201/results/notebook/qsbench_imgs/20260614-1644-fa0711/improved_fp16_cache/122000000009_1.png
improved_fp16_cache,122000000009,2,"a woman sitting at a bar with a glass of wine, with a lamp on the table in winter, covered in snow",1.3936,hit,8455.4,/content/CS2309.CH201/results/notebook/qsbench_imgs/20260614-1644-fa0711/improved_fp16_cache/122000000009_2.png
